Date,Day-ahead Total Load Forecast [MW] - BZN|AT,Actual Total Load [MW] - BZN|AT
2019-01-01,627288.0,623533.0
2019-01-02,734028.0,742956.0
2019-01-03,734028.0,782598.0
2019-01-04,727644.0,790212.0
2019-01-05,669344.0,733771.0
2019-01-06,612732.0,675378.0
2019-01-07,751124.0,815779.0
2019-01-08,751124.0,842384.0
2019-01-09,751124.0,845923.0
2019-01-10,765288.0,852286.0
2019-01-11,770732.0,846070.0
2019-01-12,672560.0,749518.0
2019-01-13,621828.0,688099.0
2019-01-14,805308.0,826017.0
2019-01-15,805308.0,843989.0
2019-01-16,805308.0,833958.0
2019-01-17,808432.0,834417.0
2019-01-18,806884.0,826567.0
2019-01-19,692096.0,748625.0
2019-01-20,643088.0,700637.0
2019-01-21,802612.0,850676.0
2019-01-22,802612.0,880093.0
2019-01-23,802612.0,892116.0
2019-01-24,802112.0,884693.0
2019-01-25,801804.0,870314.0
2019-01-26,701556.0,773634.0
2019-01-27,651876.0,697905.0
2019-01-28,822848.0,845561.0
2019-01-29,822848.0,851470.0
2019-01-30,822848.0,853418.0
2019-01-31,827944.0,858497.0
2019-02-01,825628.0,835633.0
2019-02-02,709224.0,712615.0
2019-02-03,658212.0,678145.0
2019-02-04,821824.0,818382.0
2019-02-05,821824.0,834714.0
2019-02-06,821824.0,846003.0
2019-02-07,822600.0,855113.0
2019-02-08,811180.0,819084.0
2019-02-09,708660.0,721246.0
2019-02-10,660784.0,669749.0
2019-02-11,810872.0,831200.0
2019-02-12,810872.0,844564.0
2019-02-13,810872.0,823945.0
2019-02-14,809956.0,809639.0
2019-02-15,805456.0,789522.0
2019-02-16,696328.0,692908.0
2019-02-17,648656.0,638882.0
2019-02-18,802784.0,785775.0
2019-02-19,802784.0,785154.0
2019-02-20,798100.0,796019.0
2019-02-21,791252.0,791293.0
2019-02-22,783708.0,794088.0
2019-02-23,685980.0,703771.0
2019-02-24,638056.0,665829.0
2019-02-25,778364.0,786892.0
2019-02-26,778364.0,788947.0
2019-02-27,773592.0,773773.0
2019-02-28,773592.0,767209.0
2019-03-01,772000.0,761131.0
2019-03-02,680460.0,682245.0
2019-03-03,633800.0,615882.0
2019-03-04,763892.0,760633.0
2019-03-05,763892.0,766093.0
2019-03-06,756460.0,768600.0
2019-03-07,750000.0,777509.0
2019-03-08,744948.0,769486.0
2019-03-09,667616.0,671501.0
2019-03-10,616880.0,615241.0
2019-03-11,740172.0,777318.0
2019-03-12,740172.0,788802.0
2019-03-13,743016.0,804771.0
2019-03-14,741996.0,800300.0
2019-03-15,740068.0,786599.0
2019-03-16,648848.0,672105.0
2019-03-17,599104.0,599287.0
2019-03-18,745864.0,776133.0
2019-03-19,745864.0,776758.0
2019-03-20,742848.0,769594.0
2019-03-21,742064.0,762695.0
2019-03-22,735976.0,733090.0
2019-03-23,641900.0,625873.0
2019-03-24,592320.0,569762.0
2019-03-25,742284.0,750683.0
2019-03-26,742284.0,758388.0
2019-03-27,739908.0,768320.0
2019-03-28,739908.0,752808.0
2019-03-29,732172.0,717267.0
2019-03-30,630016.0,614803.0
2019-03-31,564008.0,538928.0
2019-04-01,732232.0,699238.0
2019-04-02,733148.0,711630.0
2019-04-03,724596.0,699829.0
2019-04-04,718472.0,702889.0
2019-04-05,708764.0,700554.0
2019-04-06,612568.0,594668.0
2019-04-07,561520.0,547432.0
2019-04-08,704608.0,691532.0
2019-04-09,704608.0,703860.0
2019-04-10,702484.0,702775.0
2019-04-11,699560.0,698958.0
2019-04-12,699388.0,703346.0
2019-04-13,601584.0,602174.0
2019-04-14,550108.0,557022.0
2019-04-15,697608.0,691949.0
2019-04-16,697608.0,698954.0
2019-04-17,698160.0,686702.0
2019-04-18,698036.0,673795.0
2019-04-19,696004.0,664007.0
2019-04-20,598868.0,559239.0
2019-04-21,551376.0,513710.0
2019-04-22,551376.0,521593.0
2019-04-23,689728.0,678948.0
2019-04-24,688760.0,660075.0
2019-04-25,682800.0,653691.0
2019-04-26,671224.0,670240.0
2019-04-27,580676.0,587312.0
2019-04-28,534368.0,548280.0
2019-04-29,665156.0,685218.0
2019-04-30,665156.0,701429.0
2019-05-01,532096.0,570170.0
2019-05-02,674840.0,672000.0
2019-05-03,677036.0,694718.0
2019-05-04,575176.0,600307.0
2019-05-05,536140.0,581458.0
2019-05-06,691556.0,719391.0
2019-05-07,691556.0,704901.0
2019-05-08,694240.0,699461.0
2019-05-09,694136.0,718403.0
2019-05-10,691856.0,689786.0
2019-05-11,588852.0,592638.0
2019-05-12,546908.0,566431.0
2019-05-13,681788.0,718139.0
2019-05-14,681788.0,725529.0
2019-05-15,679564.0,756146.0
2019-05-16,680228.0,729122.0
2019-05-17,679312.0,683430.0
2019-05-18,584024.0,577311.0
2019-05-19,543768.0,530670.0
2019-05-20,685100.0,699639.0
2019-05-21,685100.0,718476.0
2019-05-22,681896.0,724825.0
2019-05-23,679144.0,702281.0
2019-05-24,676284.0,666095.0
2019-05-25,571876.0,568166.0
2019-05-26,529016.0,522538.0
2019-05-27,673216.0,696238.0
2019-05-28,673216.0,709833.0
2019-05-29,677808.0,718369.0
2019-05-30,519040.0,571784.0
2019-05-31,570472.0,616501.0
2019-06-01,561324.0,546903.0
2019-06-02,524652.0,504916.0
2019-06-03,684892.0,664479.0
2019-06-04,684892.0,677343.0
2019-06-05,680820.0,687579.0
2019-06-06,673732.0,699476.0
2019-06-07,669788.0,669292.0
2019-06-08,554284.0,564846.0
2019-06-09,524324.0,499326.0
2019-06-10,524324.0,529719.0
2019-06-11,673788.0,687323.0
2019-06-12,674884.0,706913.0
2019-06-13,673460.0,699603.0
2019-06-14,674516.0,697611.0
2019-06-15,550876.0,601758.0
2019-06-16,514612.0,537177.0
2019-06-17,675516.0,683231.0
2019-06-18,675516.0,693810.0
2019-06-19,675516.0,701624.0
2019-06-20,513604.0,560692.0
2019-06-21,567692.0,627971.0
2019-06-22,558844.0,575837.0
2019-06-23,518584.0,528921.0
2019-06-24,667408.0,674004.0
2019-06-25,667408.0,700891.0
2019-06-26,672864.0,714716.0
2019-06-27,674496.0,736344.0
2019-06-28,673320.0,680092.0
2019-06-29,567240.0,574200.0
2019-06-30,522996.0,538552.0
2019-07-01,675240.0,710227.0
2019-07-02,675240.0,711027.0
2019-07-03,676068.0,688678.0
2019-07-04,679348.0,681760.0
2019-07-05,679868.0,678379.0
2019-07-06,572056.0,582097.0
2019-07-07,525780.0,535825.0
2019-07-08,679748.0,667032.0
2019-07-09,679748.0,674311.0
2019-07-10,675444.0,662171.0
2019-07-11,670556.0,667807.0
2019-07-12,666012.0,663176.0
2019-07-13,575180.0,569323.0
2019-07-14,528740.0,515116.0
2019-07-15,659328.0,642460.0
2019-07-16,659328.0,652165.0
2019-07-17,656948.0,658223.0
2019-07-18,652820.0,669079.0
2019-07-19,649772.0,657088.0
2019-07-20,567532.0,575917.0
2019-07-21,522092.0,532516.0
2019-07-22,650652.0,663220.0
2019-07-23,650652.0,679478.0
2019-07-24,650684.0,684563.0
2019-07-25,652656.0,696107.0
2019-07-26,653120.0,675671.0
2019-07-27,558084.0,578833.0
2019-07-28,516996.0,532840.0
2019-07-29,655440.0,649123.0
2019-07-30,655440.0,654665.0
2019-07-31,655252.0,657217.0
2019-08-01,652016.0,644161.0
2019-08-02,647792.0,642972.0
2019-08-03,562176.0,550531.0
2019-08-04,521740.0,492776.0
2019-08-05,642088.0,621343.0
2019-08-06,642088.0,644328.0
2019-08-07,639348.0,654414.0
2019-08-08,638124.0,642001.0
2019-08-09,639804.0,633760.0
2019-08-10,559696.0,573447.0
2019-08-11,516652.0,518242.0
2019-08-12,640600.0,654489.0
2019-08-13,640600.0,654902.0
2019-08-14,643272.0,630044.0
2019-08-15,505452.0,527420.0
2019-08-16,542540.0,599864.0
2019-08-17,551260.0,550832.0
2019-08-18,511916.0,517529.0
2019-08-19,645360.0,681288.0
2019-08-20,645360.0,699428.0
2019-08-21,648956.0,695560.0
2019-08-22,647972.0,686430.0
2019-08-23,654764.0,680379.0
2019-08-24,557980.0,589953.0
2019-08-25,517236.0,536691.0
2019-08-26,654100.0,682039.0
2019-08-27,654100.0,695735.0
2019-08-28,652308.0,702944.0
2019-08-29,653296.0,710270.0
2019-08-30,651192.0,685771.0
2019-08-31,564992.0,587240.0
2019-09-01,519268.0,539153.0
2019-09-02,656624.0,694957.0
2019-09-03,656624.0,671671.0
2019-09-04,657332.0,669988.0
2019-09-05,657820.0,690828.0
2019-09-06,655716.0,682044.0
2019-09-07,560044.0,592600.0
2019-09-08,512404.0,537767.0
2019-09-09,655796.0,684853.0
2019-09-10,655876.0,675902.0
2019-09-11,655932.0,676762.0
2019-09-12,655108.0,681963.0
2019-09-13,657140.0,670664.0
2019-09-14,560684.0,571981.0
2019-09-15,516412.0,517154.0
2019-09-16,660372.0,673704.0
2019-09-17,660372.0,679677.0
2019-09-18,659748.0,671825.0
2019-09-19,660696.0,682359.0
2019-09-20,658044.0,667321.0
2019-09-21,563092.0,574128.0
2019-09-22,521760.0,537070.0
2019-09-23,661040.0,702150.0
2019-09-24,661040.0,704041.0
2019-09-25,663020.0,719698.0
2019-09-26,662864.0,703877.0
2019-09-27,665736.0,685263.0
2019-09-28,561612.0,598479.0
2019-09-29,520776.0,529567.0
2019-09-30,671276.0,684371.0
2019-10-01,671276.0,687786.0
2019-10-02,671888.0,722938.0
2019-10-03,669772.0,719983.0
2019-10-04,664952.0,696114.0
2019-10-05,566612.0,611316.0
2019-10-06,517916.0,554687.0
2019-10-07,671524.0,722152.0
2019-10-08,671524.0,720227.0
2019-10-09,676604.0,727299.0
2019-10-10,682880.0,727576.0
2019-10-11,682180.0,699133.0
2019-10-12,579056.0,590882.0
2019-10-13,528124.0,545342.0
2019-10-14,685588.0,700199.0
2019-10-15,685588.0,708358.0
2019-10-16,683452.0,711326.0
2019-10-17,683632.0,703157.0
2019-10-18,680324.0,692641.0
2019-10-19,580204.0,606344.0
2019-10-20,532412.0,553906.0
2019-10-21,683696.0,698629.0
2019-10-22,683696.0,711682.0
2019-10-23,685476.0,714403.0
2019-10-24,685696.0,712203.0
2019-10-25,681900.0,692531.0
2019-10-26,529756.0,556533.0
2019-10-27,545584.0,566316.0
2019-10-28,685168.0,724315.0
2019-10-29,685168.0,746989.0
2019-10-30,690028.0,758616.0
2019-10-31,694436.0,754547.0
2019-11-01,546036.0,605664.0
2019-11-02,577836.0,614893.0
2019-11-03,554372.0,578827.0
2019-11-04,707804.0,715027.0
2019-11-05,707804.0,758414.0
2019-11-06,708084.0,750388.0
2019-11-07,711216.0,748690.0
2019-11-08,710012.0,739217.0
2019-11-09,600912.0,668834.0
2019-11-10,558976.0,629235.0
2019-11-11,712188.0,779816.0
2019-11-12,712188.0,812958.0
2019-11-13,718992.0,829031.0
2019-11-14,726968.0,806057.0
2019-11-15,731404.0,766964.0
2019-11-16,605992.0,664032.0
2019-11-17,569352.0,613911.0
2019-11-18,740964.0,760319.0
2019-11-19,740964.0,778352.0
2019-11-20,744924.0,790654.0
2019-11-21,744516.0,776523.0
2019-11-22,741716.0,758835.0
2019-11-23,625300.0,663072.0
2019-11-24,594084.0,612226.0
2019-11-25,747452.0,766598.0
2019-11-26,747452.0,781593.0
2019-11-27,746880.0,796118.0
2019-11-28,747564.0,788598.0
2019-11-29,744952.0,771084.0
2019-11-30,644576.0,714958.0
2019-12-01,606148.0,672372.0
2019-12-02,748528.0,836032.0
2019-12-03,748528.0,875267.0
2019-12-04,754956.0,852868.0
2019-12-05,762612.0,850368.0
2019-12-06,762760.0,833143.0
2019-12-07,655224.0,726934.0
2019-12-08,614360.0,655133.0
2019-12-09,780340.0,828067.0
2019-12-10,780340.0,861683.0
2019-12-11,779976.0,884801.0
2019-12-12,782148.0,901557.0
2019-12-13,783128.0,852426.0
2019-12-14,670960.0,730309.0
2019-12-15,629320.0,672087.0
2019-12-16,793648.0,808554.0
2019-12-17,793648.0,802068.0
2019-12-18,800708.0,781728.0
2019-12-19,800460.0,773441.0
2019-12-20,797928.0,716554.0
2019-12-21,694432.0,666281.0
2019-12-22,644916.0,626899.0
2019-12-23,784136.0,679305.0
2019-12-24,784136.0,615836.0
2019-12-25,633804.0,585109.0
2019-12-26,633804.0,606400.0
2019-12-27,608172.0,672743.0
2019-12-28,681988.0,674952.0
2019-12-29,623588.0,664094.0
2019-12-30,682180.0,707350.0
2019-12-31,682180.0,648550.0
2020-01-01,611852.0,607216.0
2020-01-02,683168.0,696601.0
2020-01-03,683052.0,723697.0
2020-01-04,651624.0,680570.0
2020-01-05,616140.0,641731.0
2020-01-06,616140.0,652913.0
2020-01-07,700868.0,802883.0
2020-01-08,690020.0,815614.0
2020-01-09,752964.0,807018.0
2020-01-10,757316.0,802375.0
2020-01-11,665160.0,707879.0
2020-01-12,631364.0,671328.0
2020-01-13,783940.0,821381.0
2020-01-14,783940.0,848439.0
2020-01-15,783448.0,851985.0
2020-01-16,788784.0,837576.0
2020-01-17,786852.0,832210.0
2020-01-18,675332.0,743384.0
2020-01-19,645256.0,693643.0
2020-01-20,793124.0,843905.0
2020-01-21,793124.0,851343.0
2020-01-22,793492.0,845306.0
2020-01-23,798196.0,833322.0
2020-01-24,799736.0,831104.0
2020-01-25,686888.0,727967.0
2020-01-26,646272.0,678116.0
2020-01-27,806820.0,813910.0
2020-01-28,806820.0,830479.0
2020-01-29,808032.0,834192.0
2020-01-30,803080.0,815656.0
2020-01-31,799024.0,780416.0
2020-02-01,698824.0,656718.0
2020-02-02,651516.0,619974.0
2020-02-03,799972.0,777952.0
2020-02-04,799972.0,806949.0
2020-02-05,791580.0,823363.0
2020-02-06,785904.0,821957.0
2020-02-07,776580.0,801674.0
2020-02-08,686332.0,698221.0
2020-02-09,641424.0,645570.0
2020-02-10,808620.0,785227.0
2020-02-11,772868.0,803587.0
2020-02-12,775668.0,812926.0
2020-02-13,778040.0,807338.0
2020-02-14,776940.0,786618.0
2020-02-15,672200.0,671090.0
2020-02-16,630284.0,635094.0
2020-02-17,778324.0,763518.0
2020-02-18,778324.0,774616.0
2020-02-19,774008.0,805837.0
2020-02-20,770036.0,796745.0
2020-02-21,767472.0,780378.0
2020-02-22,668772.0,664929.0
2020-02-23,623752.0,626718.0
2020-02-24,766500.0,765633.0
2020-02-25,766500.0,772708.0
2020-02-26,765968.0,807548.0
2020-02-27,767104.0,796171.0
2020-02-28,763288.0,795587.0
2020-02-29,657360.0,692596.0
2020-03-01,615692.0,632907.0
2020-03-02,764980.0,760639.0
2020-03-03,764980.0,791597.0
2020-03-04,766312.0,786902.0
2020-03-05,768288.0,782005.0
2020-03-06,767176.0,780378.0
2020-03-07,658628.0,677561.0
2020-03-08,616424.0,615614.0
2020-03-09,768976.0,775442.0
2020-03-10,768976.0,786270.0
2020-03-11,768700.0,769117.0
2020-03-12,764336.0,744556.0
2020-03-13,761532.0,745287.0
2020-03-14,665832.0,640750.0
2020-03-15,615944.0,585602.0
2020-03-16,756672.0,691049.0
2020-03-17,756672.0,692353.0
2020-03-18,752724.0,666160.0
2020-03-19,679296.0,654182.0
2020-03-20,681288.0,628779.0
2020-03-21,599628.0,604746.0
2020-03-22,539696.0,571511.0
2020-03-23,640748.0,681243.0
2020-03-24,706340.0,692308.0
2020-03-25,695296.0,701604.0
2020-03-26,662880.0,702442.0
2020-03-27,671628.0,645465.0
2020-03-28,622748.0,560426.0
2020-03-29,569916.0,523952.0
2020-03-30,675660.0,670978.0
2020-03-31,675660.0,681122.0
2020-04-01,670208.0,667787.0
2020-04-02,671964.0,653426.0
2020-04-03,664396.0,634608.0
2020-04-04,584524.0,556625.0
2020-04-05,566976.0,518148.0
2020-04-06,665256.0,613059.0
2020-04-07,665256.0,611777.0
2020-04-08,660976.0,604232.0
2020-04-09,613752.0,598241.0
2020-04-10,637608.0,562728.0
2020-04-11,564536.0,493213.0
2020-04-12,498960.0,453966.0
2020-04-13,498960.0,479856.0
2020-04-14,569304.0,607133.0
2020-04-15,608772.0,618607.0
2020-04-16,620360.0,611211.0
2020-04-17,620696.0,587998.0
2020-04-18,531736.0,512447.0
2020-04-19,506552.0,500015.0
2020-04-20,602268.0,607031.0
2020-04-21,614488.0,616756.0
2020-04-22,609040.0,615533.0
2020-04-23,600960.0,613414.0
2020-04-24,595872.0,595925.0
2020-04-25,508780.0,516474.0
2020-04-26,493124.0,482399.0
2020-04-27,595004.0,604159.0
2020-04-28,595004.0,610471.0
2020-04-29,594844.0,636783.0
2020-04-30,596440.0,608001.0
2020-05-01,480676.0,505990.0
2020-05-02,507888.0,515465.0
2020-05-03,485812.0,485604.0
2020-05-04,599040.0,614163.0
2020-05-05,599040.0,649915.0
2020-05-06,600376.0,626382.0
2020-05-07,603932.0,613079.0
2020-05-08,606052.0,593418.0
2020-05-09,505404.0,516614.0
2020-05-10,481140.0,483797.0
2020-05-11,606356.0,625868.0
2020-05-12,606356.0,639703.0
2020-05-13,607632.0,641937.0
2020-05-14,607880.0,648516.0
2020-05-15,606444.0,658853.0
2020-05-16,511948.0,541872.0
2020-05-17,480172.0,492593.0
2020-05-18,610480.0,613056.0
2020-05-19,610480.0,643401.0
2020-05-20,609384.0,643500.0
2020-05-21,478360.0,514745.0
2020-05-22,519252.0,568109.0
2020-05-23,515804.0,528426.0
2020-05-24,484384.0,483370.0
2020-05-25,613400.0,640378.0
2020-05-26,613400.0,658243.0
2020-05-27,615012.0,640649.0
2020-05-28,611596.0,659673.0
2020-05-29,611896.0,632672.0
2020-05-30,514724.0,549871.0
2020-05-31,483352.0,516410.0
2020-06-01,483352.0,490949.0
2020-06-02,615240.0,619132.0
2020-06-03,618216.0,637975.0
2020-06-04,619844.0,647144.0
2020-06-05,619956.0,635802.0
2020-06-06,516628.0,533722.0
2020-06-07,488396.0,498421.0
2020-06-08,614660.0,640299.0
2020-06-09,614660.0,658355.0
2020-06-10,615472.0,663206.0
2020-06-11,488640.0,510361.0
2020-06-12,520544.0,560289.0
2020-06-13,518028.0,514691.0
2020-06-14,488320.0,495269.0
2020-06-15,620844.0,649031.0
2020-06-16,620844.0,651636.0
2020-06-17,617940.0,651001.0
2020-06-18,621388.0,649386.0
2020-06-19,618372.0,633406.0
2020-06-20,509700.0,551047.0
2020-06-21,478632.0,517179.0
2020-06-22,620596.0,642500.0
2020-06-23,620596.0,644610.0
2020-06-24,624412.0,646992.0
2020-06-25,620648.0,660692.0
2020-06-26,624008.0,634600.0
2020-06-27,508944.0,548888.0
2020-06-28,478740.0,511789.0
2020-06-29,623008.0,666847.0
2020-06-30,623008.0,657744.0
2020-07-01,622712.0,676991.0
2020-07-02,622024.0,674071.0
2020-07-03,611136.0,649242.0
2020-07-04,514388.0,548775.0
2020-07-05,483932.0,507124.0
2020-07-06,618824.0,666505.0
2020-07-07,618824.0,644063.0
2020-07-08,621424.0,648856.0
2020-07-09,623796.0,655194.0
2020-07-10,626712.0,648502.0
2020-07-11,516088.0,569973.0
2020-07-12,482964.0,499006.0
2020-07-13,626284.0,627021.0
2020-07-14,626284.0,637739.0
2020-07-15,623692.0,656807.0
2020-07-16,622400.0,662644.0
2020-07-17,623996.0,636978.0
2020-07-18,526340.0,555941.0
2020-07-19,478992.0,508687.0
2020-07-20,625232.0,644798.0
2020-07-21,625232.0,665502.0
2020-07-22,626040.0,666049.0
2020-07-23,626732.0,661273.0
2020-07-24,625504.0,645663.0
2020-07-25,537812.0,549175.0
2020-07-26,481628.0,508099.0
2020-07-27,624608.0,619571.0
2020-07-28,624608.0,646738.0
2020-07-29,623880.0,647529.0
2020-07-30,623244.0,637909.0
2020-07-31,623520.0,623648.0
2020-08-01,535660.0,543700.0
2020-08-02,489136.0,510983.0
2020-08-03,622584.0,633699.0
2020-08-04,622584.0,637564.0
2020-08-05,623932.0,626234.0
2020-08-06,625820.0,615163.0
2020-08-07,622748.0,606532.0
2020-08-08,523696.0,535938.0
2020-08-09,486328.0,499896.0
2020-08-10,622644.0,635922.0
2020-08-11,622644.0,651226.0
2020-08-12,620388.0,648587.0
2020-08-13,617824.0,658319.0
2020-08-14,617760.0,633129.0
2020-08-15,484380.0,522550.0
2020-08-16,484380.0,507909.0
2020-08-17,625064.0,654858.0
2020-08-18,625064.0,668658.0
2020-08-19,630628.0,652711.0
2020-08-20,634280.0,661961.0
2020-08-21,633716.0,656990.0
2020-08-22,520404.0,583450.0
2020-08-23,489948.0,527378.0
2020-08-24,635216.0,666122.0
2020-08-25,635216.0,666820.0
2020-08-26,636260.0,677148.0
2020-08-27,630748.0,674769.0
2020-08-28,626372.0,656866.0
2020-08-29,525236.0,574506.0
2020-08-30,493680.0,531218.0
2020-08-31,629868.0,666099.0
2020-09-01,629868.0,687447.0
2020-09-02,632612.0,675106.0
2020-09-03,638728.0,664770.0
2020-09-04,638732.0,646003.0
2020-09-05,529788.0,556784.0
2020-09-06,503616.0,535090.0
2020-09-07,639932.0,677185.0
2020-09-08,639932.0,671443.0
2020-09-09,642352.0,675308.0
2020-09-10,640288.0,684114.0
2020-09-11,636112.0,662959.0
2020-09-12,541196.0,568155.0
2020-09-13,509968.0,524699.0
2020-09-14,639900.0,674639.0
2020-09-15,639900.0,683764.0
2020-09-16,638124.0,691053.0
2020-09-17,639700.0,697889.0
2020-09-18,641648.0,653173.0
2020-09-19,543444.0,563166.0
2020-09-20,511028.0,515987.0
2020-09-21,649332.0,665050.0
2020-09-22,649332.0,685585.0
2020-09-23,650736.0,701710.0
2020-09-24,652176.0,692415.0
2020-09-25,652780.0,702419.0
2020-09-26,541680.0,603844.0
2020-09-27,504812.0,531335.0
2020-09-28,654972.0,709428.0
2020-09-29,654972.0,712407.0
2020-09-30,660456.0,705135.0
2020-10-01,660456.0,700493.0
2020-10-02,662120.0,693467.0
2020-10-03,555152.0,596841.0
2020-10-04,510744.0,541544.0
2020-10-05,668272.0,703018.0
2020-10-06,668272.0,702156.0
2020-10-07,672500.0,722526.0
2020-10-08,672940.0,707024.0
2020-10-09,672924.0,685351.0
2020-10-10,567136.0,603144.0
2020-10-11,518864.0,584188.0
2020-10-12,674956.0,741329.0
2020-10-13,674956.0,763054.0
2020-10-14,675192.0,760687.0
2020-10-15,682968.0,767280.0
2020-10-16,682948.0,750770.0
2020-10-17,572020.0,640582.0
2020-10-18,525576.0,588449.0
2020-10-19,697656.0,739611.0
2020-10-20,697656.0,749846.0
2020-10-21,531736.0,744182.0
2020-10-22,701816.0,746795.0
2020-10-23,699776.0,724759.0
2020-10-24,584912.0,629423.0
2020-10-25,560372.0,585075.0
2020-10-26,541368.0,589443.0
2020-10-27,701648.0,744872.0
2020-10-28,704388.0,742168.0
2020-10-29,701760.0,757376.0
2020-10-30,698756.0,733502.0
2020-10-31,593160.0,620443.0
2020-11-01,549028.0,581134.0
2020-11-02,702856.0,711544.0
2020-11-03,702856.0,725266.0
2020-11-04,699720.0,741668.0
2020-11-05,700216.0,738431.0
2020-11-06,700140.0,713870.0
2020-11-07,590964.0,624060.0
2020-11-08,540036.0,585195.0
2020-11-09,697524.0,747502.0
2020-11-10,697524.0,774514.0
2020-11-11,697524.0,769246.0
2020-11-12,708492.0,765813.0
2020-11-13,710832.0,744034.0
2020-11-14,595984.0,641973.0
2020-11-15,544692.0,607040.0
2020-11-16,719216.0,756287.0
2020-11-17,719216.0,750265.0
2020-11-18,722096.0,748163.0
2020-11-19,719184.0,768559.0
2020-11-20,714296.0,776613.0
2020-11-21,601208.0,704670.0
2020-11-22,560700.0,642026.0
2020-11-23,717520.0,777007.0
2020-11-24,717520.0,794555.0
2020-11-25,719800.0,814188.0
2020-11-26,725108.0,812109.0
2020-11-27,726788.0,798248.0
2020-11-28,614888.0,708452.0
2020-11-29,573920.0,676698.0
2020-11-30,733468.0,835603.0
2020-12-01,733468.0,870362.0
2020-12-02,740480.0,888676.0
2020-12-03,751548.0,873026.0
2020-12-04,769476.0,823853.0
2020-12-05,655356.0,692675.0
2020-12-06,623760.0,638529.0
2020-12-07,727340.0,746633.0
2020-12-08,639416.0,695509.0
2020-12-09,786324.0,819520.0
2020-12-10,789652.0,846054.0
2020-12-11,788224.0,833018.0
2020-12-12,666312.0,719049.0
2020-12-13,650664.0,656348.0
2020-12-14,798668.0,796372.0
2020-12-15,798668.0,822956.0
2020-12-16,789392.0,810790.0
2020-12-17,786156.0,811437.0
2020-12-18,783896.0,788708.0
2020-12-19,672532.0,708726.0
2020-12-20,641492.0,660717.0
2020-12-21,780296.0,765315.0
2020-12-22,780296.0,747905.0
2020-12-23,779028.0,693087.0
2020-12-24,776696.0,618576.0
2020-12-25,623764.0,603312.0
2020-12-26,623764.0,637329.0
2020-12-27,613404.0,647272.0
2020-12-28,730288.0,690759.0
2020-12-29,730288.0,679688.0
2020-12-30,718276.0,682811.0
2020-12-31,706636.0,646930.0
2021-01-01,605148.0,623419.0
2021-01-02,680936.0,638645.0
2021-01-03,604652.0,619896.0
2021-01-04,701952.0,722724.0
2021-01-05,701952.0,727585.0
2021-01-06,603732.0,669038.0
2021-01-07,702652.0,759101.0
2021-01-08,701160.0,765302.0
2021-01-09,647052.0,688362.0
2021-01-10,609388.0,673270.0
2021-01-11,720536.0,819819.0
2021-01-12,720536.0,839026.0
2021-01-13,744524.0,820902.0
2021-01-14,770024.0,826565.0
2021-01-15,761172.0,822452.0
2021-01-16,652524.0,731518.0
2021-01-17,626468.0,693738.0
2021-01-18,780088.0,832083.0
2021-01-19,780088.0,828277.0
2021-01-20,785780.0,808169.0
2021-01-21,789492.0,808752.0
2021-01-22,782048.0,770136.0
2021-01-23,673656.0,688808.0
2021-01-24,645100.0,652362.0
2021-01-25,782952.0,800690.0
2021-01-26,782952.0,824966.0
2021-01-27,778456.0,816094.0
2021-01-28,776700.0,816786.0
2021-01-29,774548.0,782805.0
2021-01-30,681496.0,682885.0
2021-01-31,644768.0,658939.0
2021-02-01,775804.0,788128.0
2021-02-02,775804.0,790650.0
2021-02-03,776836.0,788220.0
2021-02-04,771948.0,764791.0
2021-02-05,760464.0,737373.0
2021-02-06,658760.0,670412.0
2021-02-07,631176.0,642503.0
2021-02-08,760916.0,786755.0
2021-02-09,759588.0,803648.0
2021-02-10,758852.0,815310.0
2021-02-11,760712.0,839320.0
2021-02-12,728332.0,829674.0
2021-02-13,647880.0,736456.0
2021-02-14,613084.0,685091.0
2021-02-15,776336.0,818393.0
2021-02-16,778100.0,817445.0
2021-02-17,786256.0,788615.0
2021-02-18,787696.0,769104.0
2021-02-19,805960.0,764976.0
2021-02-20,705620.0,665177.0
2021-02-21,650152.0,629137.0
2021-02-22,777548.0,750850.0
2021-02-23,769764.0,740557.0
2021-02-24,760244.0,737183.0
2021-02-25,739580.0,731338.0
2021-02-26,737528.0,705221.0
2021-02-27,628912.0,641747.0
2021-02-28,594424.0,589119.0
2021-03-01,717120.0,728695.0
2021-03-02,717896.0,750297.0
2021-03-03,717896.0,755182.0
2021-03-04,714296.0,756771.0
2021-03-05,702332.0,760883.0
2021-03-06,626612.0,652195.0
2021-03-07,589424.0,603840.0
2021-03-08,717208.0,745582.0
2021-03-09,718520.0,771837.0
2021-03-10,722844.0,783010.0
2021-03-11,730016.0,785172.0
2021-03-12,727204.0,745307.0
2021-03-13,636512.0,637483.0
2021-03-14,590232.0,623350.0
2021-03-15,742488.0,760229.0
2021-03-16,741612.0,779434.0
2021-03-17,747980.0,781740.0
2021-03-18,750284.0,788815.0
2021-03-19,737392.0,778071.0
2021-03-20,637208.0,701010.0
2021-03-21,600764.0,667875.0
2021-03-22,757404.0,785381.0
2021-03-23,756476.0,789011.0
2021-03-24,759592.0,764380.0
2021-03-25,758052.0,740715.0
2021-03-26,759124.0,703804.0
2021-03-27,659384.0,631295.0
2021-03-28,592284.0,545255.0
2021-03-29,748772.0,701158.0
2021-03-30,740192.0,686940.0
2021-03-31,728560.0,682789.0
2021-04-01,715728.0,677410.0
2021-04-02,712496.0,662602.0
2021-04-03,623556.0,591296.0
2021-04-04,571212.0,539668.0
2021-04-05,560128.0,553788.0
2021-04-06,691488.0,738696.0
2021-04-07,691008.0,765241.0
2021-04-08,696880.0,763490.0
2021-04-09,666628.0,717817.0
2021-04-10,593328.0,595068.0
2021-04-11,548928.0,552014.0
2021-04-12,718232.0,731223.0
2021-04-13,712500.0,775978.0
2021-04-14,716248.0,758470.0
2021-04-15,724560.0,755606.0
2021-04-16,709192.0,727095.0
2021-04-17,590704.0,640041.0
2021-04-18,541284.0,588566.0
2021-04-19,726540.0,727100.0
2021-04-20,723484.0,728252.0
2021-04-21,731292.0,698831.0
2021-04-22,731280.0,710838.0
2021-04-23,723084.0,678253.0
2021-04-24,607032.0,575527.0
2021-04-25,566264.0,531434.0
2021-04-26,713216.0,678359.0
2021-04-27,707284.0,695183.0
2021-04-28,702048.0,685364.0
2021-04-29,690700.0,680443.0
2021-04-30,667360.0,651881.0
2021-05-01,541124.0,531227.0
2021-05-02,470264.0,546004.0
2021-05-03,676768.0,670765.0
2021-05-04,680724.0,670279.0
2021-05-05,677304.0,703893.0
2021-05-06,677304.0,700819.0
2021-05-07,672316.0,698481.0
2021-05-08,603208.0,571339.0
2021-05-09,531496.0,508583.0
2021-05-10,684860.0,651347.0
2021-05-11,650044.0,662715.0
2021-05-12,656848.0,689244.0
2021-05-13,511140.0,578421.0
2021-05-14,563712.0,614718.0
2021-05-15,619628.0,562687.0
2021-05-16,547396.0,521894.0
2021-05-17,661728.0,688641.0
2021-05-18,665268.0,683061.0
2021-05-19,675888.0,712980.0
2021-05-20,680984.0,702550.0
2021-05-21,670848.0,682625.0
2021-05-22,593976.0,595766.0
2021-05-23,521368.0,550085.0
2021-05-24,518520.0,572071.0
2021-05-25,676224.0,709599.0
2021-05-26,665460.0,688869.0
2021-05-27,675644.0,711459.0
2021-05-28,672292.0,678825.0
2021-05-29,571592.0,579717.0
2021-05-30,523880.0,537927.0
2021-05-31,676792.0,669106.0
2021-06-01,658556.0,671165.0
2021-06-02,671684.0,667711.0
2021-06-03,516248.0,550299.0
2021-06-04,576920.0,612634.0
2021-06-05,605444.0,562845.0
2021-06-06,521608.0,536182.0
2021-06-07,661724.0,673597.0
2021-06-08,641444.0,684800.0
2021-06-09,666628.0,692033.0
2021-06-10,672204.0,689467.0
2021-06-11,662396.0,675156.0
2021-06-12,578600.0,577445.0
2021-06-13,516004.0,520367.0
2021-06-14,665524.0,654677.0
2021-06-15,654320.0,675514.0
2021-06-16,669576.0,685061.0
2021-06-17,666368.0,693037.0
2021-06-18,654668.0,683902.0
2021-06-19,563896.0,588099.0
2021-06-20,508152.0,547812.0
2021-06-21,661788.0,710161.0
2021-06-22,674436.0,719053.0
2021-06-23,687240.0,724408.0
2021-06-24,701292.0,722178.0
2021-06-25,655012.0,690382.0
2021-06-26,578868.0,575920.0
2021-06-27,529184.0,532457.0
2021-06-28,693256.0,695719.0
2021-06-29,678852.0,713586.0
2021-06-30,694164.0,698333.0
2021-07-01,707032.0,686270.0
2021-07-02,687820.0,672368.0
2021-07-03,573804.0,567939.0
2021-07-04,525324.0,534538.0
2021-07-05,692324.0,684198.0
2021-07-06,675348.0,703491.0
2021-07-07,692336.0,726083.0
2021-07-08,695220.0,735474.0
2021-07-09,675736.0,684643.0
2021-07-10,568884.0,569238.0
2021-07-11,528096.0,536525.0
2021-07-12,691272.0,675459.0
2021-07-13,666172.0,716342.0
2021-07-14,686812.0,710005.0
2021-07-15,693712.0,695410.0
2021-07-16,686096.0,678924.0
2021-07-17,567064.0,600197.0
2021-07-18,522020.0,550666.0
2021-07-19,689248.0,671804.0
2021-07-20,671056.0,663144.0
2021-07-21,688184.0,656874.0
2021-07-22,677132.0,664969.0
2021-07-23,680644.0,652362.0
2021-07-24,583740.0,563822.0
2021-07-25,535536.0,530723.0
2021-07-26,676088.0,663802.0
2021-07-27,663796.0,671824.0
2021-07-28,670504.0,682897.0
2021-07-29,673792.0,670646.0
2021-07-30,662972.0,652723.0
2021-07-31,570956.0,574279.0
2021-08-01,533676.0,603329.0
2021-08-02,671784.0,679830.0
2021-08-03,658048.0,647944.0
2021-08-04,652488.0,644075.0
2021-08-05,648728.0,669047.0
2021-08-06,656516.0,672245.0
2021-08-07,570536.0,612407.0
2021-08-08,529404.0,599605.0
2021-08-09,651964.0,641600.0
2021-08-10,641472.0,660067.0
2021-08-11,653216.0,655888.0
2021-08-12,657988.0,651811.0
2021-08-13,638408.0,654234.0
2021-08-14,556424.0,588167.0
2021-08-15,529028.0,557137.0
2021-08-16,653244.0,692919.0
2021-08-17,658564.0,722677.0
2021-08-18,666060.0,696263.0
2021-08-19,673384.0,686130.0
2021-08-20,650888.0,652405.0
2021-08-21,560964.0,560475.0
2021-08-22,501956.0,580956.0
2021-08-23,662612.0,644511.0
2021-08-24,652708.0,676576.0
2021-08-25,673420.0,679230.0
2021-08-26,665128.0,686946.0
2021-08-27,659116.0,665438.0
2021-08-28,560372.0,596133.0
2021-08-29,522056.0,600400.0
2021-08-30,668180.0,695481.0
2021-08-31,675604.0,701700.0
2021-09-01,694028.0,672660.0
2021-09-02,670736.0,670973.0
2021-09-03,672384.0,653347.0
2021-09-04,585444.0,560668.0
2021-09-05,541824.0,523194.0
2021-09-06,677384.0,657727.0
2021-09-07,656428.0,676773.0
2021-09-08,663876.0,678304.0
2021-09-09,661320.0,684241.0
2021-09-10,658696.0,666935.0
2021-09-11,563316.0,572497.0
2021-09-12,521076.0,536244.0
2021-09-13,663060.0,675222.0
2021-09-14,669456.0,689934.0
2021-09-15,672708.0,695271.0
2021-09-16,683364.0,707032.0
2021-09-17,654224.0,677247.0
2021-09-18,569604.0,573719.0
2021-09-19,527596.0,539436.0
2021-09-20,679332.0,690271.0
2021-09-21,675592.0,696325.0
2021-09-22,690036.0,716404.0
2021-09-23,697584.0,696086.0
2021-09-24,675756.0,677986.0
2021-09-25,575392.0,572883.0
2021-09-26,539284.0,531371.0
2021-09-27,689856.0,698285.0
2021-09-28,687804.0,700585.0
2021-09-29,697880.0,715878.0
2021-09-30,703452.0,704422.0
2021-10-01,682932.0,679691.0
2021-10-02,577440.0,593108.0
2021-10-03,535728.0,550392.0
2021-10-04,697324.0,682653.0
2021-10-05,687316.0,708419.0
2021-10-06,706160.0,735931.0
2021-10-07,723276.0,747593.0
2021-10-08,673924.0,712198.0
2021-10-09,581364.0,607316.0
2021-10-10,536432.0,586278.0
2021-10-11,707308.0,716293.0
2021-10-12,710488.0,751403.0
2021-10-13,737228.0,755327.0
2021-10-14,737228.0,755875.0
2021-10-15,702556.0,719543.0
2021-10-16,593436.0,619810.0
2021-10-17,567952.0,576131.0
2021-10-18,733192.0,719051.0
2021-10-19,707092.0,735759.0
2021-10-20,718880.0,729155.0
2021-10-21,729176.0,743140.0
2021-10-22,716376.0,723388.0
2021-10-23,614552.0,630653.0
2021-10-24,572996.0,584146.0
2021-10-25,626432.0,687542.0
2021-10-26,576764.0,618501.0
2021-10-27,727632.0,719044.0
2021-10-28,697488.0,735262.0
2021-10-29,720104.0,728121.0
2021-10-30,658320.0,644575.0
2021-10-31,615048.0,609026.0
2021-11-01,573752.0,585247.0
2021-11-02,707080.0,713284.0
2021-11-03,713932.0,718000.0
2021-11-04,720820.0,744533.0
2021-11-05,717216.0,739452.0
2021-11-06,624176.0,648534.0
2021-11-07,581980.0,591381.0
2021-11-08,728536.0,718755.0
2021-11-09,719868.0,744662.0
2021-11-10,748700.0,744980.0
2021-11-11,755164.0,751421.0
2021-11-12,739684.0,739977.0
2021-11-13,649044.0,647536.0
2021-11-14,593920.0,604801.0
2021-11-15,746636.0,725467.0
2021-11-16,731344.0,756586.0
2021-11-17,760936.0,768787.0
2021-11-18,773908.0,768026.0
2021-11-19,744700.0,743628.0
2021-11-20,653984.0,643586.0
2021-11-21,609360.0,608669.0
2021-11-22,760136.0,749144.0
2021-11-23,761048.0,765161.0
2021-11-24,767092.0,775193.0
2021-11-25,779124.0,781907.0
2021-11-26,749248.0,794597.0
2021-11-27,654476.0,704027.0
2021-11-28,619720.0,647833.0
2021-11-29,775884.0,787837.0
2021-11-30,784368.0,814425.0
2021-12-01,827232.0,817935.0
2021-12-02,825112.0,817324.0
2021-12-03,805236.0,839211.0
2021-12-04,705932.0,740114.0
2021-12-05,647132.0,677245.0
2021-12-06,814392.0,829913.0
2021-12-07,795092.0,852959.0
2021-12-08,667856.0,741400.0
2021-12-09,816000.0,847791.0
2021-12-10,792456.0,839387.0
2021-12-11,715340.0,743188.0
2021-12-12,681068.0,691613.0
2021-12-13,803692.0,823643.0
2021-12-14,792016.0,824690.0
2021-12-15,801248.0,825584.0
2021-12-16,804736.0,832892.0
2021-12-17,797896.0,821135.0
2021-12-18,716224.0,734610.0
2021-12-19,655464.0,705681.0
2021-12-20,800372.0,836420.0
2021-12-21,792216.0,856574.0
2021-12-22,825532.0,849796.0
2021-12-23,834304.0,799744.0
2021-12-24,796252.0,676254.0
2021-12-25,661648.0,631886.0
2021-12-26,614868.0,652120.0
2021-12-27,817792.0,725907.0
2021-12-28,728492.0,735133.0
2021-12-29,733328.0,714266.0
2021-12-30,725752.0,693595.0
2021-12-31,677260.0,631775.0
2022-01-01,611960.0,583485.0
2022-01-02,589480.0,600722.0
2022-01-03,728108.0,699205.0
2022-01-04,713768.0,713035.0
2022-01-05,728764.0,725174.0
2022-01-06,597832.0,669919.0
2022-01-07,709604.0,716544.0
2022-01-08,727396.0,683804.0
2022-01-09,623516.0,653457.0
2022-01-10,724740.0,792159.0
2022-01-11,778088.0,812302.0
2022-01-12,795624.0,821190.0
2022-01-13,821188.0,818777.0
2022-01-14,654700.0,796404.0
2022-01-15,706872.0,696810.0
2022-01-16,657864.0,659729.0
2022-01-17,813964.0,796093.0
2022-01-18,798788.0,809142.0
2022-01-19,818248.0,805029.0
2022-01-20,808500.0,807916.0
2022-01-21,801352.0,802553.0
2022-01-22,709588.0,698660.0
2022-01-23,672864.0,653709.0
2022-01-24,812808.0,798444.0
2022-01-25,797648.0,807605.0
2022-01-26,808084.0,799965.0
2022-01-27,807936.0,806709.0
2022-01-28,816736.0,778156.0
2022-01-29,707856.0,697760.0
2022-01-30,654628.0,653573.0
2022-01-31,809676.0,804939.0
2022-02-01,808912.0,843293.0
2022-02-02,816860.0,841087.0
2022-02-03,818400.0,819924.0
2022-02-04,797172.0,801514.0
2022-02-05,715064.0,711139.0
2022-02-06,664636.0,667255.0
2022-02-07,815404.0,818350.0
2022-02-08,796048.0,827061.0
2022-02-09,803872.0,792715.0
2022-02-10,786616.0,792000.0
2022-02-11,793352.0,798669.0
2022-02-12,705728.0,698039.0
2022-02-13,651396.0,662872.0
2022-02-14,794092.0,801307.0
2022-02-15,776340.0,831747.0
2022-02-16,806560.0,804722.0
2022-02-17,801404.0,788882.0
2022-02-18,783192.0,761611.0
2022-02-19,694624.0,679321.0
2022-02-20,642308.0,636435.0
2022-02-21,791208.0,794394.0
2022-02-22,771264.0,806790.0
2022-02-23,772228.0,786458.0
2022-02-24,777032.0,783714.0
2022-02-25,747864.0,793583.0
2022-02-26,663592.0,705640.0
2022-02-27,619804.0,652110.0
2022-02-28,771928.0,808618.0
2022-03-01,772848.0,802888.0
2022-03-02,769168.0,809897.0
2022-03-03,791436.0,808906.0
2022-03-04,771784.0,798929.0
2022-03-05,674028.0,710470.0
2022-03-06,625428.0,665499.0
2022-03-07,778556.0,806009.0
2022-03-08,776084.0,794899.0
2022-03-09,787236.0,787378.0
2022-03-10,787236.0,786954.0
2022-03-11,783912.0,779665.0
2022-03-12,688412.0,687673.0
2022-03-13,630612.0,629092.0
2022-03-14,783520.0,754448.0
2022-03-15,756596.0,767568.0
2022-03-16,762452.0,770632.0
2022-03-17,755692.0,761534.0
2022-03-18,769900.0,746142.0
2022-03-19,678248.0,651817.0
2022-03-20,623308.0,603960.0
2022-03-21,754736.0,735188.0
2022-03-22,742028.0,740350.0
2022-03-23,741580.0,726880.0
2022-03-24,730436.0,714777.0
2022-03-25,741088.0,704253.0
2022-03-26,655848.0,605953.0
2022-03-27,579764.0,537884.0
2022-03-28,734984.0,691947.0
2022-03-29,712476.0,700388.0
2022-03-30,714412.0,716839.0
2022-03-31,710232.0,763122.0
2022-04-01,710984.0,794383.0
2022-04-02,614700.0,714431.0
2022-04-03,579316.0,647329.0
2022-04-04,716596.0,788864.0
2022-04-05,745224.0,779825.0
2022-04-06,757620.0,779154.0
2022-04-07,742132.0,770123.0
2022-04-08,744692.0,731935.0
2022-04-09,660488.0,727658.0
2022-04-10,618764.0,624789.0
2022-04-11,743960.0,695999.0
2022-04-12,704348.0,718106.0
2022-04-13,702332.0,690235.0
2022-04-14,695328.0,672737.0
2022-04-15,715440.0,675672.0
2022-04-16,636620.0,646546.0
2022-04-17,576240.0,639395.0
2022-04-18,543176.0,615523.0
2022-04-19,696236.0,679306.0
2022-04-20,689680.0,674285.0
2022-04-21,684844.0,675945.0
2022-04-22,685212.0,688422.0
2022-04-23,598788.0,645875.0
2022-04-24,549428.0,620897.0
2022-04-25,686744.0,665735.0
2022-04-26,677000.0,698855.0
2022-04-27,702300.0,692520.0
2022-04-28,706068.0,683911.0
2022-04-29,694460.0,668911.0
2022-04-30,597156.0,618686.0
2022-05-01,532524.0,551279.0
2022-05-02,691948.0,668422.0
2022-05-03,691948.0,668748.0
2022-05-04,685132.0,674528.0
2022-05-05,683004.0,676997.0
2022-05-06,673784.0,689120.0
2022-05-07,585028.0,600542.0
2022-05-08,525792.0,535443.0
2022-05-09,678080.0,659208.0
2022-05-10,654936.0,662842.0
2022-05-11,661184.0,661957.0
2022-05-12,660364.0,677030.0
2022-05-13,666776.0,669198.0
2022-05-14,582152.0,551517.0
2022-05-15,526932.0,506797.0
2022-05-16,658728.0,666259.0
2022-05-17,647828.0,680939.0
2022-05-18,668984.0,655716.0
2022-05-19,661580.0,657458.0
2022-05-20,651572.0,661185.0
2022-05-21,554120.0,569191.0
2022-05-22,506740.0,507130.0
2022-05-23,659484.0,659323.0
2022-05-24,664452.0,686720.0
2022-05-25,673664.0,684997.0
2022-05-26,512156.0,547565.0
2022-05-27,564704.0,595359.0
2022-05-28,614572.0,554826.0
2022-05-29,524648.0,533992.0
2022-05-30,671700.0,655800.0
2022-05-31,663676.0,656621.0
2022-06-01,663676.0,666574.0
2022-06-02,660752.0,667752.0
2022-06-03,652884.0,653842.0
2022-06-04,585812.0,554062.0
2022-06-05,525492.0,505465.0
2022-06-06,512752.0,519525.0
2022-06-07,664056.0,680220.0
2022-06-08,662832.0,667242.0
2022-06-09,660688.0,697272.0
2022-06-10,653052.0,681245.0
2022-06-11,556308.0,552880.0
2022-06-12,520872.0,507276.0
2022-06-13,666232.0,665676.0
2022-06-14,658664.0,656040.0
2022-06-15,663212.0,651653.0
2022-06-16,508648.0,544452.0
2022-06-17,561728.0,593432.0
2022-06-18,612252.0,535444.0
2022-06-19,523340.0,511855.0
2022-06-20,658560.0,679896.0
2022-06-21,670556.0,665283.0
2022-06-22,656984.0,675222.0
2022-06-23,656808.0,677268.0
2022-06-24,656152.0,671928.0
2022-06-25,590696.0,563729.0
2022-06-26,514200.0,516907.0
2022-06-27,661628.0,684574.0
2022-06-28,670900.0,706015.0
2022-06-29,685888.0,708618.0
2022-06-30,692396.0,697633.0
2022-07-01,669220.0,684849.0
2022-07-02,564696.0,554576.0
2022-07-03,512320.0,514712.0
2022-07-04,683124.0,679518.0
2022-07-05,674836.0,680079.0
2022-07-06,680228.0,667535.0
2022-07-07,681548.0,683271.0
2022-07-08,676712.0,648522.0
2022-07-09,566760.0,552164.0
2022-07-10,524496.0,517672.0
2022-07-11,681304.0,639490.0
2022-07-12,664664.0,651380.0
2022-07-13,665232.0,658542.0
2022-07-14,664396.0,669524.0
2022-07-15,667400.0,646769.0
2022-07-16,565728.0,549620.0
2022-07-17,518400.0,499562.0
2022-07-18,668964.0,637997.0
2022-07-19,650904.0,651208.0
2022-07-20,659396.0,663550.0
2022-07-21,669844.0,674950.0
2022-07-22,660108.0,652089.0
2022-07-23,558912.0,578176.0
2022-07-24,513336.0,520127.0
2022-07-25,665788.0,652664.0
2022-07-26,664716.0,670286.0
2022-07-27,682724.0,644288.0
2022-07-28,665160.0,628227.0
2022-07-29,667260.0,624896.0
2022-07-30,574268.0,550943.0
2022-07-31,522104.0,502215.0
2022-08-01,667260.0,612688.0
2022-08-02,639676.0,617895.0
2022-08-03,641520.0,617329.0
2022-08-04,633552.0,621663.0
2022-08-05,651624.0,626218.0
2022-08-06,562104.0,564570.0
2022-08-07,504332.0,501449.0
2022-08-08,638236.0,613317.0
2022-08-09,634968.0,609391.0
2022-08-10,639200.0,611315.0
2022-08-11,633652.0,619247.0
2022-08-12,634560.0,603169.0
2022-08-13,554060.0,538185.0
2022-08-14,497168.0,495960.0
2022-08-15,506412.0,515230.0
2022-08-16,632956.0,632777.0
2022-08-17,639068.0,652998.0
2022-08-18,643988.0,660174.0
2022-08-19,631976.0,657448.0
2022-08-20,546324.0,572595.0
2022-08-21,514256.0,523926.0
2022-08-22,645216.0,658116.0
2022-08-23,658176.0,658861.0
2022-08-24,655532.0,651046.0
2022-08-25,660716.0,667196.0
2022-08-26,663768.0,653054.0
2022-08-27,568948.0,565398.0
2022-08-28,520896.0,528974.0
2022-08-29,649572.0,652960.0
2022-08-30,657764.0,650035.0
2022-08-31,653612.0,680085.0
2022-09-01,661888.0,659510.0
2022-09-02,653856.0,626117.0
2022-09-03,557584.0,546921.0
2022-09-04,522916.0,510362.0
2022-09-05,659624.0,647268.0
2022-09-06,657500.0,671042.0
2022-09-07,656164.0,668561.0
2022-09-08,656632.0,684461.0
2022-09-09,645892.0,673854.0
2022-09-10,553912.0,559232.0
2022-09-11,518212.0,523181.0
2022-09-12,659868.0,645454.0
2022-09-13,659868.0,658880.0
2022-09-14,657448.0,677040.0
2022-09-15,669036.0,688808.0
2022-09-16,659000.0,674441.0
2022-09-17,560596.0,582696.0
2022-09-18,521988.0,532115.0
2022-09-19,663672.0,663569.0
2022-09-20,681420.0,672058.0
2022-09-21,687068.0,668145.0
2022-09-22,677388.0,668325.0
2022-09-23,671928.0,649411.0
2022-09-24,582828.0,566269.0
2022-09-25,539576.0,539425.0
2022-09-26,678960.0,667492.0
2022-09-27,671684.0,695161.0
2022-09-28,686436.0,689045.0
2022-09-29,677288.0,693518.0
2022-09-30,660580.0,679290.0
2022-10-01,571972.0,583277.0
2022-10-02,536988.0,543311.0
2022-10-03,680796.0,665120.0
2022-10-04,673556.0,668840.0
2022-10-05,663236.0,671119.0
2022-10-06,666080.0,664295.0
2022-10-07,676684.0,649734.0
2022-10-08,575392.0,569045.0
2022-10-09,543644.0,528161.0
2022-10-10,666552.0,662946.0
2022-10-11,662692.0,674133.0
2022-10-12,675944.0,675751.0
2022-10-13,677620.0,688636.0
2022-10-14,656068.0,666817.0
2022-10-15,587836.0,585173.0
2022-10-16,539004.0,522117.0
2022-10-17,674560.0,666563.0
2022-10-18,662344.0,671236.0
2022-10-19,666712.0,680410.0
2022-10-20,670396.0,689786.0
2022-10-21,667736.0,683995.0
2022-10-22,585580.0,594211.0
2022-10-23,524580.0,532303.0
2022-10-24,670732.0,684278.0
2022-10-25,676008.0,669449.0
2022-10-26,532440.0,565982.0
2022-10-27,676348.0,648235.0
2022-10-28,672580.0,651273.0
2022-10-29,580992.0,563887.0
2022-10-30,577104.0,545849.0
2022-10-31,574992.0,616631.0
2022-11-01,536844.0,542848.0
2022-11-02,676172.0,660444.0
2022-11-03,661952.0,681328.0
2022-11-04,665428.0,711421.0
2022-11-05,617404.0,607399.0
2022-11-06,538712.0,549188.0
2022-11-07,669948.0,681974.0
2022-11-08,708260.0,704231.0
2022-11-09,703576.0,720104.0
2022-11-10,702620.0,726431.0
2022-11-11,689196.0,704517.0
2022-11-12,616560.0,605171.0
2022-11-13,573488.0,564456.0
2022-11-14,701296.0,701997.0
2022-11-15,701736.0,719335.0
2022-11-16,715860.0,737416.0
2022-11-17,728624.0,732967.0
2022-11-18,701412.0,734461.0
2022-11-19,598684.0,658951.0
2022-11-20,565148.0,619528.0
2022-11-21,719116.0,771636.0
2022-11-22,749188.0,797777.0
2022-11-23,770744.0,800163.0
2022-11-24,765620.0,785177.0
2022-11-25,729752.0,760879.0
2022-11-26,642396.0,668482.0
2022-11-27,607428.0,642071.0
2022-11-28,766104.0,772692.0
2022-11-29,759192.0,786071.0
2022-11-30,786792.0,798979.0
2022-12-01,780588.0,803223.0
2022-12-02,750136.0,799162.0
2022-12-03,652308.0,695707.0
2022-12-04,607544.0,632356.0
2022-12-05,778424.0,775200.0
2022-12-06,759252.0,791682.0
2022-12-07,770488.0,804947.0
2022-12-08,632624.0,691006.0
2022-12-09,674392.0,741524.0
2022-12-10,762312.0,689857.0
2022-12-11,662396.0,692015.0
2022-12-12,771036.0,840749.0
2022-12-13,798064.0,857911.0
2022-12-14,809788.0,833863.0
2022-12-15,824324.0,814473.0
2022-12-16,767404.0,802940.0
2022-12-17,723092.0,742432.0
2022-12-18,654600.0,713613.0
2022-12-19,811092.0,826501.0
2022-12-20,811760.0,819267.0
2022-12-21,811460.0,804580.0
2022-12-22,805344.0,764429.0
2022-12-23,801340.0,693518.0
2022-12-24,714488.0,586737.0
2022-12-25,674440.0,551665.0
2022-12-26,570868.0,583138.0
2022-12-27,803232.0,644262.0
2022-12-28,715656.0,673846.0
2022-12-29,704056.0,668611.0
2022-12-30,740508.0,650788.0
2022-12-31,626660.0,590028.0
2023-01-01,583212.0,549759.0
2023-01-02,712884.0,661224.0
2023-01-03,620472.0,686174.0
2023-01-04,702676.0,678049.0
2023-01-05,705520.0,677841.0
2023-01-06,551408.0,590248.0
2023-01-07,585556.0,601240.0
2023-01-08,577932.0,605736.0
2023-01-09,700292.0,752184.0
2023-01-10,743008.0,786654.0
2023-01-11,754884.0,782566.0
2023-01-12,756316.0,757375.0
2023-01-13,704796.0,750015.0
2023-01-14,629332.0,650043.0
2023-01-15,606812.0,628468.0
2023-01-16,753492.0,779396.0
2023-01-17,750596.0,794493.0
2023-01-18,748956.0,796605.0
2023-01-19,761344.0,839364.0
2023-01-20,748272.0,821021.0
2023-01-21,628312.0,730881.0
2023-01-22,611632.0,680313.0
2023-01-23,761888.0,816925.0
2023-01-24,792420.0,809692.0
2023-01-25,793636.0,807116.0
2023-01-26,789580.0,821212.0
2023-01-27,769456.0,811873.0
2023-01-28,691456.0,715297.0
2023-01-29,659744.0,664595.0
2023-01-30,794808.0,803922.0
2023-01-31,803436.0,792526.0
2023-02-01,789968.0,793826.0
2023-02-02,791120.0,820531.0
2023-02-03,787308.0,787305.0
2023-02-04,702468.0,684306.0
2023-02-05,665736.0,645220.0
2023-02-06,791776.0,801999.0
2023-02-07,791776.0,810599.0
2023-02-08,784156.0,821678.0
2023-02-09,794808.0,807977.0
2023-02-10,775764.0,782190.0
2023-02-11,686744.0,691448.0
2023-02-12,653560.0,623247.0
2023-02-13,792696.0,760268.0
2023-02-14,792696.0,769112.0
2023-02-15,770048.0,774417.0
2023-02-16,753872.0,768996.0
2023-02-17,790496.0,739652.0
2023-02-18,685448.0,625555.0
2023-02-19,641976.0,589071.0
2023-02-20,765552.0,718033.0
2023-02-21,733532.0,706404.0
2023-02-22,708880.0,704574.0
2023-02-23,716112.0,730966.0
2023-02-24,763028.0,701045.0
2023-02-25,635496.0,640057.0
2023-02-26,591192.0,634234.0
2023-02-27,720460.0,780356.0
2023-02-28,720460.0,774001.0
2023-03-01,740528.0,774358.0
2023-03-02,758564.0,749222.0
2023-03-03,709540.0,727359.0
2023-03-04,631852.0,624092.0
2023-03-05,632128.0,597443.0
2023-03-06,749172.0,726119.0
2023-03-07,749172.0,728083.0
2023-03-08,730920.0,722296.0
2023-03-09,722684.0,709418.0
2023-03-10,732336.0,696518.0
2023-03-11,642948.0,624731.0
2023-03-12,600688.0,583991.0
2023-03-13,731280.0,706000.0
2023-03-14,731280.0,729559.0
2023-03-15,723768.0,726958.0
2023-03-16,726004.0,709167.0
2023-03-17,701664.0,688345.0
2023-03-18,625892.0,585244.0
2023-03-19,583412.0,543116.0
2023-03-20,718676.0,679306.0
2023-03-21,718676.0,674252.0
2023-03-22,681328.0,661345.0
2023-03-23,660952.0,668642.0
2023-03-24,686376.0,667495.0
2023-03-25,580368.0,589573.0
2023-03-26,515300.0,528177.0
2023-03-27,671512.0,713655.0
2023-03-28,697104.0,736168.0
2023-03-29,705560.0,734479.0
2023-03-30,720784.0,724439.0
2023-03-31,654392.0,695148.0
2023-04-01,570808.0,590889.0
2023-04-02,540768.0,560587.0
2023-04-03,702316.0,707932.0
2023-04-04,702180.0,698292.0
2023-04-05,703644.0,693377.0
2023-04-06,699616.0,687099.0
2023-04-07,684028.0,658514.0
2023-04-08,595368.0,603557.0
2023-04-09,568124.0,537398.0
2023-04-10,568124.0,518648.0
2023-04-11,697232.0,685918.0
2023-04-12,697232.0,672260.0
2023-04-13,682576.0,713691.0
2023-04-14,681820.0,729691.0
2023-04-15,602612.0,610488.0
2023-04-16,545292.0,544884.0
2023-04-17,690564.0,668021.0
2023-04-18,690564.0,682077.0
2023-04-19,681068.0,691931.0
2023-04-20,671696.0,663798.0
2023-04-21,696560.0,618265.0
2023-04-22,597892.0,515160.0
2023-04-23,538388.0,483283.0
2023-04-24,674616.0,648313.0
2023-04-25,674616.0,655209.0
2023-04-26,647076.0,653133.0
2023-04-27,654668.0,648265.0
2023-04-28,638836.0,651060.0
2023-04-29,536340.0,531602.0
2023-04-30,514640.0,477995.0
2023-05-01,514640.0,493449.0
2023-05-02,651956.0,643260.0
2023-05-03,651956.0,648428.0
2023-05-04,631708.0,612543.0
2023-05-05,643248.0,595614.0
2023-05-06,524304.0,516479.0
2023-05-07,495464.0,476193.0
2023-05-08,631936.0,617658.0
2023-05-09,629992.0,611190.0
2023-05-10,614604.0,636279.0
2023-05-11,614604.0,656343.0
2023-05-12,609440.0,641928.0
2023-05-13,516784.0,546760.0
2023-05-14,477064.0,520464.0
2023-05-15,631380.0,626268.0
2023-05-16,631380.0,673904.0
2023-05-17,643352.0,691410.0
2023-05-18,502496.0,548077.0
2023-05-19,537392.0,565322.0
2023-05-20,536316.0,509751.0
2023-05-21,513548.0,471785.0
2023-05-22,643688.0,601721.0
2023-05-23,643688.0,637223.0
2023-05-24,623700.0,648867.0
2023-05-25,635600.0,610415.0
2023-05-26,623764.0,596035.0
2023-05-27,558416.0,490153.0
2023-05-28,473296.0,448928.0
2023-05-29,473296.0,462056.0
2023-05-30,618956.0,590234.0
2023-05-31,618956.0,605940.0
2023-06-01,605524.0,590955.0
2023-06-02,596208.0,579266.0
2023-06-03,495620.0,486305.0
2023-06-04,459276.0,458585.0
2023-06-05,599512.0,602105.0
2023-06-06,599512.0,608230.0
2023-06-07,615632.0,606529.0
2023-06-08,462720.0,472775.0
2023-06-09,491268.0,560273.0
2023-06-10,566220.0,479900.0
2023-06-11,470024.0,462718.0
2023-06-12,612408.0,604124.0
2023-06-13,612408.0,587676.0
2023-06-14,594632.0,586419.0
2023-06-15,593160.0,579034.0
2023-06-16,589824.0,588069.0
2023-06-17,524708.0,485263.0
2023-06-18,466444.0,447183.0
2023-06-19,595544.0,596078.0
2023-06-20,595544.0,609114.0
2023-06-21,615220.0,605017.0
2023-06-22,611060.0,605510.0
2023-06-23,594004.0,596427.0
2023-06-24,488868.0,501271.0
2023-06-25,450332.0,444819.0
2023-06-26,609812.0,598247.0
2023-06-27,603756.0,617040.0
2023-06-28,622944.0,623816.0
2023-06-29,629656.0,608892.0
2023-06-30,602100.0,614845.0
2023-07-01,505292.0,525086.0
2023-07-02,447956.0,478880.0
2023-07-03,617968.0,622578.0
2023-07-04,617968.0,620172.0
2023-07-05,628556.0,631376.0
2023-07-06,629100.0,615888.0
2023-07-07,621788.0,577451.0
2023-07-08,525792.0,497039.0
2023-07-09,458016.0,465161.0
2023-07-10,622424.0,611767.0
2023-07-11,622424.0,619616.0
2023-07-12,615796.0,635927.0
2023-07-13,635236.0,629078.0
2023-07-14,591644.0,585484.0
2023-07-15,490916.0,506604.0
2023-07-16,456172.0,488452.0
2023-07-17,626224.0,625276.0
2023-07-18,626224.0,627047.0
2023-07-19,624944.0,637976.0
2023-07-20,638600.0,622268.0
2023-07-21,586784.0,604378.0
2023-07-22,493988.0,507742.0
2023-07-23,463440.0,463463.0
2023-07-24,623632.0,606094.0
2023-07-25,623632.0,616033.0
2023-07-26,633240.0,595977.0
2023-07-27,622004.0,572569.0
2023-07-28,622072.0,564617.0
2023-07-29,504524.0,494940.0
2023-07-30,465208.0,464837.0
2023-07-31,621904.0,546481.0
2023-08-01,621904.0,606454.0
2023-08-02,626400.0,567144.0
2023-08-03,593564.0,601347.0
2023-08-04,582524.0,577049.0
2023-08-05,488556.0,525048.0
2023-08-06,459356.0,475257.0
2023-08-07,607476.0,579538.0
2023-08-08,607476.0,557404.0
2023-08-09,602452.0,599462.0
2023-08-10,603316.0,569521.0
2023-08-11,593020.0,549340.0
2023-08-12,519712.0,491874.0
2023-08-13,472144.0,469157.0
2023-08-14,493524.0,546320.0
2023-08-15,465624.0,495594.0
2023-08-16,599180.0,607707.0
2023-08-17,609544.0,613388.0
2023-08-18,574936.0,602548.0
2023-08-19,539280.0,518110.0
2023-08-20,474256.0,484558.0
2023-08-21,610004.0,633724.0
2023-08-22,581692.0,652656.0
2023-08-23,610592.0,671941.0
2023-08-24,627016.0,651977.0
2023-08-25,583364.0,639693.0
2023-08-26,488948.0,544702.0
2023-08-27,463936.0,504613.0
2023-08-28,616068.0,655287.0
2023-08-29,640728.0,656993.0
2023-08-30,662684.0,637620.0
2023-08-31,654344.0,620680.0
2023-09-01,628248.0,603655.0
2023-09-02,535804.0,513283.0
2023-09-03,499416.0,488481.0
2023-09-04,647336.0,601830.0
2023-09-05,618212.0,609200.0
2023-09-06,611376.0,619193.0
2023-09-07,602072.0,626254.0
2023-09-08,614592.0,607498.0
2023-09-09,516780.0,511916.0
2023-09-10,485352.0,476404.0
2023-09-11,606672.0,615425.0
2023-09-12,600900.0,636415.0
2023-09-13,624512.0,654775.0
2023-09-14,628028.0,655889.0
2023-09-15,595168.0,608541.0
2023-09-16,504372.0,514517.0
2023-09-17,474384.0,476604.0
2023-09-18,628112.0,633650.0
2023-09-19,624352.0,639147.0
2023-09-20,634448.0,623181.0
2023-09-21,627924.0,635523.0
2023-09-22,623068.0,641211.0
2023-09-23,512028.0,549340.0
2023-09-24,487908.0,503263.0
2023-09-25,608688.0,621610.0
2023-09-26,608688.0,624080.0
2023-09-27,616432.0,624919.0
2023-09-28,625232.0,628817.0
2023-09-29,628928.0,607833.0
2023-09-30,539252.0,534129.0
2023-10-01,490640.0,476888.0
2023-10-02,633896.0,611780.0
2023-10-03,615292.0,632088.0
2023-10-04,624060.0,641169.0
2023-10-05,618068.0,631473.0
2023-10-06,608196.0,612795.0
2023-10-07,543636.0,535055.0
2023-10-08,510296.0,517562.0
2023-10-09,634076.0,639598.0
2023-10-10,639008.0,659221.0
2023-10-11,658360.0,643935.0
2023-10-12,649156.0,647131.0
2023-10-13,636516.0,631407.0
2023-10-14,528616.0,545488.0
2023-10-15,504684.0,533999.0
2023-10-16,631648.0,650877.0
2023-10-17,642784.0,675005.0
2023-10-18,665524.0,686092.0
2023-10-19,665524.0,689047.0
2023-10-20,644436.0,672749.0
2023-10-21,547304.0,552925.0
2023-10-22,518080.0,519311.0
2023-10-23,658928.0,650767.0
2023-10-24,657228.0,690631.0
2023-10-25,677316.0,669126.0
2023-10-26,557612.0,546706.0
2023-10-27,598488.0,612270.0
2023-10-28,596856.0,541334.0
2023-10-29,541128.0,539471.0
2023-10-30,661256.0,663635.0
2023-10-31,661256.0,696126.0
2023-11-01,546828.0,548980.0
2023-11-02,666424.0,667996.0
2023-11-03,663944.0,697724.0
2023-11-04,590580.0,574672.0
2023-11-05,533256.0,530272.0
2023-11-06,670112.0,669565.0
2023-11-07,684108.0,703050.0
2023-11-08,684036.0,701235.0
2023-11-09,684180.0,718432.0
2023-11-10,699524.0,705989.0
2023-11-11,597496.0,626577.0
2023-11-12,573128.0,584903.0
2023-11-13,706900.0,722528.0
2023-11-14,705284.0,709820.0
2023-11-15,703176.0,698725.0
2023-11-16,695764.0,702027.0
2023-11-17,706108.0,723911.0
2023-11-18,606384.0,636857.0
2023-11-19,574088.0,580664.0
2023-11-20,710752.0,695425.0
2023-11-21,701008.0,724716.0
2023-11-22,720200.0,748661.0
2023-11-23,721632.0,759779.0
2023-11-24,719824.0,748382.0
2023-11-25,630908.0,702394.0
2023-11-26,595332.0,668699.0
2023-11-27,741528.0,787745.0
2023-11-28,765068.0,801354.0
2023-11-29,778496.0,835281.0
2023-11-30,777592.0,829520.0
2023-12-01,761204.0,795185.0
2023-12-02,679640.0,718388.0
2023-12-03,656512.0,707577.0
2023-12-04,796704.0,865905.0
2023-12-05,814840.0,846198.0
2023-12-06,810008.0,834045.0
2023-12-07,802088.0,823553.0
2023-12-08,659624.0,722156.0
2023-12-09,671828.0,698414.0
2023-12-10,657120.0,653822.0
2023-12-11,791112.0,792454.0
2023-12-12,787400.0,783643.0
2023-12-13,773508.0,788071.0
2023-12-14,779704.0,783676.0
2023-12-15,758444.0,774738.0
2023-12-16,692756.0,678670.0
2023-12-17,643088.0,635916.0
2023-12-18,771332.0,761678.0
2023-12-19,759420.0,767350.0
2023-12-20,773492.0,777467.0
2023-12-21,761372.0,749649.0
2023-12-22,734164.0,706401.0
2023-12-23,652524.0,629891.0
2023-12-24,598532.0,565499.0
2023-12-25,592224.0,542865.0
2023-12-26,584732.0,560572.0
2023-12-27,688600.0,613830.0
2023-12-28,654332.0,636106.0
2023-12-29,703620.0,628404.0
2023-12-30,624024.0,598039.0
2023-12-31,567428.0,590218.0
2024-01-01,580460.0,577263.0
2024-01-02,660704.0,687074.0
2024-01-03,668548.0,672206.0
2024-01-04,690736.0,685964.0
2024-01-05,666320.0,689791.0
2024-01-06,581304.0,637517.0
2024-01-07,602392.0,660081.0
2024-01-08,724728.0,834207.0
2024-01-09,777080.0,844450.0
2024-01-10,808996.0,830771.0
2024-01-11,812936.0,831928.0
2024-01-12,756908.0,812527.0
2024-01-13,668660.0,723440.0
2024-01-14,646348.0,683042.0
2024-01-15,785800.0,816338.0
2024-01-16,777872.0,814179.0
2024-01-17,777428.0,832929.0
2024-01-18,787292.0,795998.0
2024-01-19,790328.0,822516.0
2024-01-20,694720.0,720103.0
2024-01-21,648544.0,680209.0
2024-01-22,781020.0,821283.0
2024-01-23,765752.0,804314.0
2024-01-24,763324.0,784646.0
2024-01-25,758872.0,771189.0
2024-01-26,760808.0,758296.0
2024-01-27,663252.0,654263.0
2024-01-28,615700.0,620149.0
2024-01-29,756768.0,765457.0
2024-01-30,751448.0,781370.0
2024-01-31,750584.0,782535.0
2024-02-01,762468.0,794716.0
2024-02-02,744868.0,754464.0
2024-02-03,637880.0,633653.0
2024-02-04,583396.0,597530.0
2024-02-05,715912.0,709849.0
2024-02-06,713640.0,722494.0
2024-02-07,708624.0,734793.0
2024-02-08,702500.0,728031.0
2024-02-09,731588.0,712240.0
2024-02-10,609660.0,609504.0
2024-02-11,571832.0,602331.0
2024-02-12,706844.0,723920.0
2024-02-13,714292.0,727117.0
2024-02-14,727832.0,737177.0
2024-02-15,715604.0,717146.0
2024-02-16,694160.0,698833.0
2024-02-17,601048.0,630382.0
2024-02-18,570884.0,563788.0
2024-02-19,705696.0,724427.0
2024-02-20,710908.0,726185.0
2024-02-21,706940.0,719725.0
2024-02-22,708868.0,736025.0
2024-02-23,708940.0,747390.0
2024-02-24,599372.0,626862.0
2024-02-25,567764.0,581830.0
2024-02-26,705988.0,719388.0
2024-02-27,708200.0,733938.0
2024-02-28,714116.0,729958.0
2024-02-29,705724.0,710846.0
2024-03-01,698564.0,692666.0
2024-03-02,599376.0,588527.0
2024-03-03,548412.0,532841.0
2024-03-04,697792.0,675960.0
2024-03-05,678628.0,681839.0
2024-03-06,696080.0,686814.0
2024-03-07,700664.0,686818.0
2024-03-08,697348.0,690406.0
2024-03-09,591904.0,588609.0
2024-03-10,545460.0,540699.0
2024-03-11,693164.0,682251.0
2024-03-12,687196.0,697349.0
2024-03-13,708688.0,690466.0
2024-03-14,698368.0,694394.0
2024-03-15,679052.0,666426.0
2024-03-16,593112.0,554848.0
2024-03-17,541788.0,518027.0
2024-03-18,689672.0,670870.0
2024-03-19,673824.0,658843.0
2024-03-20,655412.0,651583.0
2024-03-21,675088.0,681036.0
2024-03-22,666548.0,656380.0
2024-03-23,569716.0,572851.0
2024-03-24,532596.0,543183.0
2024-03-25,659608.0,652955.0
2024-03-26,661832.0,657052.0
2024-03-27,659556.0,655212.0
2024-03-28,668708.0,658609.0
2024-03-29,656392.0,631953.0
2024-03-30,557156.0,548253.0
2024-03-31,525340.0,476109.0
2024-04-01,525884.0,517378.0
2024-04-02,654744.0,640926.0
2024-04-03,652956.0,660838.0
2024-04-04,646288.0,650966.0
2024-04-05,637272.0,618682.0
2024-04-06,540968.0,520238.0
2024-04-07,492428.0,481060.0
2024-04-08,636548.0,612300.0
2024-04-09,630028.0,627018.0
2024-04-10,640748.0,664936.0
2024-04-11,632220.0,620255.0
2024-04-12,607336.0,594547.0
2024-04-13,514220.0,502370.0
2024-04-14,477832.0,463448.0
2024-04-15,621340.0,624340.0
2024-04-16,624828.0,666621.0
2024-04-17,624828.0,650279.0
2024-04-18,624828.0,661145.0
2024-04-19,615872.0,651514.0
2024-04-20,524304.0,560049.0
2024-04-21,476308.0,521569.0
2024-04-22,647992.0,667930.0
2024-04-23,662356.0,722360.0
2024-04-24,679012.0,711100.0
2024-04-25,675476.0,672073.0
2024-04-26,619996.0,625734.0
2024-04-27,530208.0,515963.0
2024-04-28,483928.0,481590.0
2024-04-29,623228.0,590034.0
2024-04-30,594240.0,594553.0
2024-05-01,456652.0,503281.0
2024-05-02,592748.0,598516.0
2024-05-03,626628.0,634322.0
2024-05-04,495072.0,498812.0
2024-05-05,455492.0,460815.0
2024-05-06,601244.0,597690.0
2024-05-07,618268.0,632651.0
2024-05-08,642248.0,655789.0
2024-05-09,459204.0,493728.0
2024-05-10,511068.0,530290.0
2024-05-11,527232.0,485030.0
2024-05-12,453476.0,460334.0
2024-05-13,599460.0,613256.0
2024-05-14,603884.0,615569.0
2024-05-15,602724.0,617848.0
2024-05-16,607824.0,643587.0
2024-05-17,620868.0,621706.0
2024-05-18,506084.0,505265.0
2024-05-19,463144.0,455448.0
2024-05-20,470252.0,474120.0
2024-05-21,616468.0,638668.0
2024-05-22,627264.0,621953.0
2024-05-23,633328.0,622163.0
2024-05-24,601184.0,604417.0
2024-05-25,489568.0,512468.0
2024-05-26,453768.0,472034.0
2024-05-27,599248.0,595413.0
2024-05-28,601904.0,635490.0
2024-05-29,609356.0,594600.0
2024-05-30,479608.0,505205.0
2024-05-31,527488.0,581116.0
2024-06-01,578156.0,532337.0
2024-06-02,474192.0,476396.0
2024-06-03,623756.0,638303.0
2024-06-04,650100.0,617542.0
2024-06-05,650100.0,611000.0
2024-06-06,621324.0,616555.0
2024-06-07,602440.0,609587.0
2024-06-08,560712.0,520202.0
2024-06-09,502188.0,492118.0
2024-06-10,646456.0,642869.0
2024-06-11,651424.0,645633.0
2024-06-12,663152.0,633780.0
2024-06-13,653980.0,629446.0
2024-06-14,626204.0,595335.0
2024-06-15,523936.0,522532.0
2024-06-16,476228.0,481663.0
2024-06-17,640824.0,601070.0
2024-06-18,626152.0,614621.0
2024-06-19,638564.0,634927.0
2024-06-20,642960.0,647246.0
2024-06-21,640260.0,644182.0
2024-06-22,528064.0,537078.0
2024-06-23,474920.0,489211.0
2024-06-24,611200.0,605274.0
2024-06-25,625928.0,625610.0
2024-06-26,643048.0,639299.0
2024-06-27,664756.0,649207.0
2024-06-28,645808.0,622942.0
2024-06-29,522836.0,543425.0
2024-06-30,474660.0,508774.0
2024-07-01,644528.0,647160.0
2024-07-02,663164.0,623301.0
2024-07-03,677728.0,629742.0
2024-07-04,651460.0,615571.0
2024-07-05,631592.0,592461.0
2024-07-06,526324.0,519787.0
2024-07-07,498992.0,506589.0
2024-07-08,643924.0,622279.0
2024-07-09,639204.0,630742.0
2024-07-10,657772.0,653770.0
2024-07-11,655824.0,647397.0
2024-07-12,630328.0,639838.0
2024-07-13,536336.0,529720.0
2024-07-14,504864.0,487269.0
2024-07-15,655824.0,624150.0
2024-07-16,655824.0,645654.0
2024-07-17,668780.0,648489.0
2024-07-18,662836.0,624388.0
2024-07-19,655052.0,613759.0
2024-07-20,542236.0,544787.0
2024-07-21,503648.0,482615.0
2024-07-22,656744.0,626928.0
2024-07-23,664408.0,622697.0
2024-07-24,661924.0,613721.0
2024-07-25,653880.0,595692.0
2024-07-26,640580.0,572577.0
2024-07-27,553644.0,511640.0
2024-07-28,507440.0,499404.0
2024-07-29,647824.0,569741.0
2024-07-30,631680.0,576196.0
2024-07-31,638092.0,591461.0
2024-08-01,635288.0,615129.0
2024-08-02,623720.0,596283.0
2024-08-03,525952.0,506100.0
2024-08-04,499740.0,474197.0
2024-08-05,617128.0,581816.0
2024-08-06,614740.0,562990.0
2024-08-07,621368.0,590466.0
2024-08-08,623096.0,604140.0
2024-08-09,609464.0,581476.0
2024-08-10,525540.0,517659.0
2024-08-11,486192.0,488343.0
2024-08-12,617408.0,611666.0
2024-08-13,630664.0,629673.0
2024-08-14,639856.0,619868.0
2024-08-15,521212.0,518137.0
2024-08-16,574972.0,573850.0
2024-08-17,598648.0,534541.0
2024-08-18,522300.0,504519.0
2024-08-19,657380.0,637925.0
2024-08-20,672572.0,630232.0
2024-08-21,649036.0,647294.0
2024-08-22,648760.0,624208.0
2024-08-23,615160.0,610764.0
2024-08-24,571892.0,534220.0
2024-08-25,528168.0,520084.0
2024-08-26,662092.0,636242.0
2024-08-27,658588.0,638947.0
2024-08-28,669280.0,643685.0
2024-08-29,667780.0,657037.0
2024-08-30,655488.0,636473.0
2024-08-31,561120.0,555012.0
2024-09-01,520932.0,518713.0
2024-09-02,668392.0,646157.0
2024-09-03,669560.0,651818.0
2024-09-04,674876.0,659456.0
2024-09-05,682724.0,668734.0
2024-09-06,669556.0,642914.0
2024-09-07,550444.0,540635.0
2024-09-08,523100.0,516013.0
2024-09-09,664592.0,677319.0
2024-09-10,656228.0,646523.0
2024-09-11,667264.0,634719.0
2024-09-12,667852.0,684600.0
2024-09-13,668756.0,684155.0
2024-09-14,574128.0,605207.0
2024-09-15,525728.0,549572.0
2024-09-16,669128.0,689702.0
2024-09-17,680124.0,642996.0
2024-09-18,672204.0,632814.0
2024-09-19,667800.0,632449.0
2024-09-20,681144.0,613347.0
2024-09-21,580028.0,521928.0
2024-09-22,535004.0,482035.0
2024-09-23,673904.0,610262.0
2024-09-24,658320.0,648277.0
2024-09-25,671000.0,631489.0
2024-09-26,663100.0,643894.0
2024-09-27,640120.0,651348.0
2024-09-28,548576.0,558125.0
2024-09-29,510548.0,503573.0
2024-09-30,659212.0,636982.0
2024-10-01,658184.0,665315.0
2024-10-02,677416.0,699424.0
2024-10-03,685964.0,701425.0
2024-10-04,688296.0,701477.0
2024-10-05,584468.0,587694.0
2024-10-06,518644.0,527203.0
2024-10-07,675160.0,650745.0
2024-10-08,675064.0,677166.0
2024-10-09,675900.0,663426.0
2024-10-10,675848.0,702121.0
2024-10-11,679708.0,662403.0
2024-10-12,586464.0,566634.0
2024-10-13,536568.0,551085.0
2024-10-14,667432.0,674194.0
2024-10-15,667672.0,688956.0
2024-10-16,674364.0,689662.0
2024-10-17,676648.0,689880.0
2024-10-18,667480.0,672394.0
2024-10-19,569756.0,572927.0
2024-10-20,529428.0,523235.0
2024-10-21,667928.0,664182.0
2024-10-22,665624.0,678449.0
2024-10-23,676948.0,712703.0
2024-10-24,675504.0,694614.0
2024-10-25,662800.0,661699.0
2024-10-26,540680.0,554486.0
2024-10-27,552824.0,544194.0
2024-10-28,671784.0,661706.0
2024-10-29,671784.0,658187.0
2024-10-30,692424.0,658399.0
2024-10-31,683976.0,661090.0
2024-11-01,538408.0,541216.0
2024-11-02,569140.0,557538.0
2024-11-03,533924.0,540095.0
2024-11-04,683964.0,675019.0
2024-11-05,691888.0,699870.0
2024-11-06,712460.0,706890.0
2024-11-07,710428.0,720982.0
2024-11-08,684628.0,704137.0
2024-11-09,596020.0,608337.0
2024-11-10,557368.0,593206.0
2024-11-11,712140.0,755535.0
2024-11-12,734100.0,778632.0
2024-11-13,751024.0,804182.0
2024-11-14,761468.0,787763.0
2024-11-15,712512.0,745102.0
2024-11-16,607716.0,642404.0
2024-11-17,577252.0,618198.0
2024-11-18,750048.0,746598.0
2024-11-19,752244.0,756289.0
2024-11-20,757084.0,810418.0
2024-11-21,774968.0,839507.0
2024-11-22,770216.0,844485.0
2024-11-23,665812.0,729171.0
2024-11-24,606948.0,646172.0
2024-11-25,763440.0,759321.0
2024-11-26,764844.0,780485.0
2024-11-27,762760.0,781021.0
2024-11-28,774508.0,811115.0
2024-11-29,800204.0,819203.0
2024-11-30,689884.0,708924.0
2024-12-01,651596.0,669351.0
2024-12-02,775080.0,792189.0
2024-12-03,773648.0,824425.0
2024-12-04,783788.0,825616.0
2024-12-05,800500.0,835175.0
2024-12-06,801088.0,815585.0
2024-12-07,693608.0,691733.0
2024-12-08,651664.0,675982.0
2024-12-09,790284.0,838005.0
2024-12-10,796860.0,852556.0
2024-12-11,805448.0,851885.0
2024-12-12,817736.0,831234.0
2024-12-13,803296.0,821550.0
2024-12-14,692548.0,715476.0
2024-12-15,656580.0,679271.0
2024-12-16,809040.0,780532.0
2024-12-17,805180.0,772452.0
2024-12-18,799652.0,757138.0
2024-12-19,783148.0,747374.0
2024-12-20,820996.0,745067.0
2024-12-21,695104.0,687211.0
2024-12-22,671288.0,655306.0
2024-12-23,794836.0,704733.0
2024-12-24,767272.0,630921.0
2024-12-25,651496.0,612983.0
2024-12-26,622772.0,629825.0
2024-12-27,682956.0,665769.0
2024-12-28,687956.0,639917.0
2024-12-29,635108.0,618776.0
2024-12-30,715756.0,676554.0
2024-12-31,705456.0,677182.0
