Date,Day-ahead Total Load Forecast [MW] - BZN|BE,Actual Total Load [MW] - BZN|BE
2019-01-01,816203.0,813811.0
2019-01-02,1010807.0,972739.0
2019-01-03,1035322.0,1059791.0
2019-01-04,1029018.0,1075954.0
2019-01-05,961734.0,981027.0
2019-01-06,915600.0,959569.0
2019-01-07,1079457.0,1075081.0
2019-01-08,1101830.0,1064912.0
2019-01-09,1089538.0,1091180.0
2019-01-10,1086510.0,1135820.0
2019-01-11,1114160.0,1111741.0
2019-01-12,1004428.0,980115.0
2019-01-13,938452.0,922490.0
2019-01-14,1055669.0,1057000.0
2019-01-15,1077358.0,1075439.0
2019-01-16,1086847.0,1077663.0
2019-01-17,1112476.0,1106865.0
2019-01-18,1080095.0,1139253.0
2019-01-19,1007300.0,1033574.0
2019-01-20,958369.0,1003218.0
2019-01-21,1091986.0,1146093.0
2019-01-22,1117500.0,1170673.0
2019-01-23,1130345.0,1155524.0
2019-01-24,1139440.0,1158288.0
2019-01-25,1129985.0,1129495.0
2019-01-26,1002473.0,978253.0
2019-01-27,942620.0,933729.0
2019-01-28,1085283.0,1069950.0
2019-01-29,1101229.0,1108404.0
2019-01-30,1110620.0,1139199.0
2019-01-31,1141773.0,1158221.0
2019-02-01,1154228.0,1123489.0
2019-02-02,1003616.0,1036729.0
2019-02-03,958891.0,977385.0
2019-02-04,1092408.0,1098663.0
2019-02-05,1109798.0,1122408.0
2019-02-06,1113267.0,1107613.0
2019-02-07,1103784.0,1063037.0
2019-02-08,1066743.0,1062298.0
2019-02-09,981729.0,959543.0
2019-02-10,922037.0,929534.0
2019-02-11,1066699.0,1073914.0
2019-02-12,1088114.0,1092803.0
2019-02-13,1104023.0,974507.0
2019-02-14,1043802.0,1040956.0
2019-02-15,1051330.0,1040383.0
2019-02-16,948084.0,935501.0
2019-02-17,901367.0,877782.0
2019-02-18,1036480.0,1004194.0
2019-02-19,1058582.0,1025027.0
2019-02-20,1013855.0,1039831.0
2019-02-21,1056812.0,1036145.0
2019-02-22,1035154.0,1042954.0
2019-02-23,947322.0,926585.0
2019-02-24,892026.0,893153.0
2019-02-25,1028662.0,1003404.0
2019-02-26,1037220.0,1020623.0
2019-02-27,1029824.0,1006933.0
2019-02-28,1025544.0,1011143.0
2019-03-01,1034376.0,1038920.0
2019-03-02,940740.0,922671.0
2019-03-03,887844.0,867528.0
2019-03-04,1012648.0,959801.0
2019-03-05,1032475.0,1005931.0
2019-03-06,1020950.0,999934.0
2019-03-07,1014749.0,995911.0
2019-03-08,1024728.0,998314.0
2019-03-09,907315.0,894601.0
2019-03-10,854652.0,869958.0
2019-03-11,993454.0,997724.0
2019-03-12,1026252.0,987242.0
2019-03-13,1016242.0,1011092.0
2019-03-14,1023641.0,1018831.0
2019-03-15,1026621.0,1009501.0
2019-03-16,899671.0,898259.0
2019-03-17,871474.0,856599.0
2019-03-18,994687.0,1009735.0
2019-03-19,1017276.0,1020265.0
2019-03-20,1018962.0,1019275.0
2019-03-21,1020249.0,998966.0
2019-03-22,1001108.0,972067.0
2019-03-23,892553.0,909231.0
2019-03-24,863363.0,852052.0
2019-03-25,994115.0,951570.0
2019-03-26,984582.0,1005341.0
2019-03-27,1019833.0,1003611.0
2019-03-28,994542.0,1013363.0
2019-03-29,994940.0,971365.0
2019-03-30,878196.0,866364.0
2019-03-31,804453.0,773601.0
2019-04-01,954737.0,940913.0
2019-04-02,980089.0,957689.0
2019-04-03,992421.0,995730.0
2019-04-04,1012503.0,994148.0
2019-04-05,979461.0,974070.0
2019-04-06,881421.0,878650.0
2019-04-07,814406.0,825650.0
2019-04-08,943765.0,982602.0
2019-04-09,990636.0,997501.0
2019-04-10,1003287.0,933496.0
2019-04-11,972610.0,951139.0
2019-04-12,965711.0,987065.0
2019-04-13,887401.0,891613.0
2019-04-14,845283.0,869439.0
2019-04-15,978169.0,941367.0
2019-04-16,966545.0,948074.0
2019-04-17,925257.0,968405.0
2019-04-18,949842.0,914963.0
2019-04-19,940812.0,889140.0
2019-04-20,850899.0,802044.0
2019-04-21,797027.0,759613.0
2019-04-22,784347.0,755696.0
2019-04-23,935773.0,889735.0
2019-04-24,948883.0,881605.0
2019-04-25,915056.0,898471.0
2019-04-26,909069.0,925189.0
2019-04-27,840149.0,803493.0
2019-04-28,798955.0,823871.0
2019-04-29,933503.0,934583.0
2019-04-30,947694.0,936284.0
2019-05-01,793953.0,817020.0
2019-05-02,910553.0,936681.0
2019-05-03,946416.0,952914.0
2019-05-04,839869.0,827678.0
2019-05-05,821111.0,811070.0
2019-05-06,938305.0,963033.0
2019-05-07,958369.0,963833.0
2019-05-08,939178.0,950619.0
2019-05-09,942832.0,942757.0
2019-05-10,947152.0,941524.0
2019-05-11,821516.0,833140.0
2019-05-12,802729.0,809360.0
2019-05-13,936866.0,921571.0
2019-05-14,932283.0,921826.0
2019-05-15,925003.0,921964.0
2019-05-16,922721.0,915098.0
2019-05-17,936340.0,947696.0
2019-05-18,821360.0,842873.0
2019-05-19,797288.0,797315.0
2019-05-20,927968.0,936445.0
2019-05-21,928430.0,915706.0
2019-05-22,926635.0,930016.0
2019-05-23,915357.0,920133.0
2019-05-24,929406.0,911725.0
2019-05-25,815290.0,832115.0
2019-05-26,789788.0,761865.0
2019-05-27,911333.0,897492.0
2019-05-28,909417.0,925098.0
2019-05-29,930675.0,919100.0
2019-05-30,781227.0,780769.0
2019-05-31,845861.0,817422.0
2019-06-01,811889.0,786967.0
2019-06-02,767396.0,748488.0
2019-06-03,894820.0,905009.0
2019-06-04,911294.0,905618.0
2019-06-05,922147.0,914709.0
2019-06-06,923804.0,917752.0
2019-06-07,919147.0,896342.0
2019-06-08,808264.0,786342.0
2019-06-09,753067.0,776088.0
2019-06-10,766697.0,783520.0
2019-06-11,897753.0,900204.0
2019-06-12,921217.0,940538.0
2019-06-13,923360.0,909346.0
2019-06-14,903504.0,917886.0
2019-06-15,816720.0,822066.0
2019-06-16,754853.0,780276.0
2019-06-17,906497.0,888093.0
2019-06-18,909278.0,922796.0
2019-06-19,934383.0,939583.0
2019-06-20,916740.0,920256.0
2019-06-21,913955.0,905606.0
2019-06-22,810046.0,813465.0
2019-06-23,765874.0,779316.0
2019-06-24,914418.0,940798.0
2019-06-25,935991.0,965692.0
2019-06-26,950514.0,951921.0
2019-06-27,910136.0,917544.0
2019-06-28,891159.0,919501.0
2019-06-29,797304.0,830810.0
2019-06-30,773002.0,797332.0
2019-07-01,918789.0,916577.0
2019-07-02,933085.0,929399.0
2019-07-03,928475.0,906774.0
2019-07-04,895942.0,906541.0
2019-07-05,897033.0,908941.0
2019-07-06,805629.0,819660.0
2019-07-07,764555.0,758858.0
2019-07-08,894575.0,882699.0
2019-07-09,908443.0,902839.0
2019-07-10,899330.0,909963.0
2019-07-11,885903.0,911304.0
2019-07-12,880228.0,892125.0
2019-07-13,788667.0,803851.0
2019-07-14,747599.0,768156.0
2019-07-15,859525.0,887132.0
2019-07-16,876904.0,894432.0
2019-07-17,864341.0,893317.0
2019-07-18,847787.0,905901.0
2019-07-19,849865.0,883944.0
2019-07-20,767359.0,801709.0
2019-07-21,742098.0,750315.0
2019-07-22,853112.0,843445.0
2019-07-23,860457.0,878795.0
2019-07-24,865515.0,888515.0
2019-07-25,840018.0,896699.0
2019-07-26,854000.0,885947.0
2019-07-27,797030.0,808567.0
2019-07-28,750883.0,751199.0
2019-07-29,852028.0,819268.0
2019-07-30,857575.0,830891.0
2019-07-31,869301.0,841642.0
2019-08-01,872520.0,850124.0
2019-08-02,855601.0,836214.0
2019-08-03,782697.0,776203.0
2019-08-04,742118.0,741862.0
2019-08-05,872362.0,853450.0
2019-08-06,888316.0,873599.0
2019-08-07,896678.0,868249.0
2019-08-08,885682.0,874438.0
2019-08-09,862104.0,872031.0
2019-08-10,794260.0,757460.0
2019-08-11,742345.0,744878.0
2019-08-12,870133.0,864245.0
2019-08-13,893089.0,875619.0
2019-08-14,896078.0,870907.0
2019-08-15,759028.0,761313.0
2019-08-16,828430.0,807962.0
2019-08-17,820981.0,775009.0
2019-08-18,777594.0,761857.0
2019-08-19,911338.0,868132.0
2019-08-20,901007.0,893829.0
2019-08-21,908406.0,906804.0
2019-08-22,906519.0,914806.0
2019-08-23,917338.0,911318.0
2019-08-24,814012.0,807161.0
2019-08-25,763892.0,783949.0
2019-08-26,901483.0,937477.0
2019-08-27,946735.0,970085.0
2019-08-28,958266.0,953999.0
2019-08-29,936179.0,946896.0
2019-08-30,933080.0,923986.0
2019-08-31,810659.0,824622.0
2019-09-01,779368.0,781295.0
2019-09-02,914673.0,902377.0
2019-09-03,936692.0,936009.0
2019-09-04,932551.0,932588.0
2019-09-05,929153.0,928818.0
2019-09-06,925336.0,923162.0
2019-09-07,820171.0,834497.0
2019-09-08,781419.0,803042.0
2019-09-09,912854.0,929132.0
2019-09-10,941960.0,933663.0
2019-09-11,936175.0,946467.0
2019-09-12,944390.0,946411.0
2019-09-13,934741.0,946307.0
2019-09-14,846062.0,812783.0
2019-09-15,782892.0,781690.0
2019-09-16,921195.0,932030.0
2019-09-17,943062.0,931136.0
2019-09-18,947004.0,929877.0
2019-09-19,941391.0,933988.0
2019-09-20,932903.0,920471.0
2019-09-21,817943.0,820369.0
2019-09-22,782823.0,790066.0
2019-09-23,925191.0,916948.0
2019-09-24,940727.0,934456.0
2019-09-25,942891.0,927562.0
2019-09-26,935525.0,929386.0
2019-09-27,932824.0,899600.0
2019-09-28,816485.0,799251.0
2019-09-29,778404.0,761223.0
2019-09-30,918074.0,892658.0
2019-10-01,927770.0,921785.0
2019-10-02,936962.0,931867.0
2019-10-03,952138.0,946537.0
2019-10-04,935080.0,926498.0
2019-10-05,827005.0,849964.0
2019-10-06,805621.0,797660.0
2019-10-07,931443.0,943844.0
2019-10-08,954698.0,946098.0
2019-10-09,959380.0,939075.0
2019-10-10,957844.0,929836.0
2019-10-11,933905.0,922653.0
2019-10-12,838801.0,834303.0
2019-10-13,793499.0,788873.0
2019-10-14,932553.0,921130.0
2019-10-15,947967.0,952857.0
2019-10-16,955190.0,945632.0
2019-10-17,953902.0,957129.0
2019-10-18,945204.0,926112.0
2019-10-19,848174.0,850892.0
2019-10-20,818754.0,843280.0
2019-10-21,964371.0,959219.0
2019-10-22,969808.0,990178.0
2019-10-23,968189.0,978098.0
2019-10-24,969185.0,938292.0
2019-10-25,938262.0,921531.0
2019-10-26,854975.0,807001.0
2019-10-27,845820.0,871083.0
2019-10-28,961222.0,970889.0
2019-10-29,990322.0,972676.0
2019-10-30,990925.0,990966.0
2019-10-31,987100.0,992756.0
2019-11-01,844188.0,870340.0
2019-11-02,869068.0,834310.0
2019-11-03,863797.0,852890.0
2019-11-04,976863.0,967804.0
2019-11-05,997900.0,1010749.0
2019-11-06,1012560.0,1023218.0
2019-11-07,1023499.0,982853.0
2019-11-08,978933.0,997690.0
2019-11-09,887980.0,903295.0
2019-11-10,888403.0,881364.0
2019-11-11,885524.0,857726.0
2019-11-12,1035121.0,978589.0
2019-11-13,1042279.0,1028446.0
2019-11-14,1021144.0,1033021.0
2019-11-15,1016207.0,1050237.0
2019-11-16,937422.0,958067.0
2019-11-17,916813.0,910644.0
2019-11-18,1014150.0,1052607.0
2019-11-19,1050261.0,1060253.0
2019-11-20,1055743.0,1081371.0
2019-11-21,1057214.0,1089535.0
2019-11-22,1050729.0,1020797.0
2019-11-23,926598.0,947371.0
2019-11-24,912347.0,916997.0
2019-11-25,1023326.0,1018934.0
2019-11-26,1038646.0,1022270.0
2019-11-27,1050251.0,1000952.0
2019-11-28,1036066.0,1023463.0
2019-11-29,1012268.0,1030379.0
2019-11-30,949336.0,939599.0
2019-12-01,938693.0,914152.0
2019-12-02,1041422.0,1081666.0
2019-12-03,1066858.0,1090859.0
2019-12-04,1071312.0,1102751.0
2019-12-05,1085721.0,1105427.0
2019-12-06,1073784.0,1065786.0
2019-12-07,960716.0,944552.0
2019-12-08,930594.0,889878.0
2019-12-09,1046391.0,1034608.0
2019-12-10,1063274.0,1062562.0
2019-12-11,1072624.0,1075794.0
2019-12-12,1077036.0,1072105.0
2019-12-13,1048828.0,1067924.0
2019-12-14,956929.0,954171.0
2019-12-15,917381.0,896099.0
2019-12-16,1026752.0,1055546.0
2019-12-17,1053550.0,1021201.0
2019-12-18,1042860.0,1017624.0
2019-12-19,1028111.0,989334.0
2019-12-20,1006121.0,965766.0
2019-12-21,913047.0,883779.0
2019-12-22,885549.0,865542.0
2019-12-23,882496.0,923154.0
2019-12-24,893880.0,860002.0
2019-12-25,809662.0,800115.0
2019-12-26,927630.0,902817.0
2019-12-27,906810.0,923178.0
2019-12-28,873372.0,886158.0
2019-12-29,876089.0,870192.0
2019-12-30,895585.0,885082.0
2019-12-31,921859.0,915722.0
2020-01-01,808433.0,826393.0
2020-01-02,1015545.0,949742.0
2020-01-03,1029718.0,959258.0
2020-01-04,925897.0,915284.0
2020-01-05,867770.0,907729.0
2020-01-06,977402.0,1020373.0
2020-01-07,1055654.0,1051926.0
2020-01-08,1046382.0,1056128.0
2020-01-09,1047679.0,1029288.0
2020-01-10,1024641.0,1034855.0
2020-01-11,941066.0,938274.0
2020-01-12,903304.0,896769.0
2020-01-13,1024294.0,1008442.0
2020-01-14,1034475.0,1024354.0
2020-01-15,1033235.0,1024434.0
2020-01-16,1025414.0,1024180.0
2020-01-17,1024448.0,1026479.0
2020-01-18,936562.0,953925.0
2020-01-19,905370.0,931029.0
2020-01-20,1048219.0,1087855.0
2020-01-21,1078163.0,1118856.0
2020-01-22,1095032.0,1136671.0
2020-01-23,1086940.0,1115036.0
2020-01-24,1082153.0,1123236.0
2020-01-25,993854.0,1020413.0
2020-01-26,944521.0,924776.0
2020-01-27,1046827.0,1032081.0
2020-01-28,1055115.0,1026224.0
2020-01-29,1065026.0,1045504.0
2020-01-30,1051920.0,1027379.0
2020-01-31,1040357.0,982995.0
2020-02-01,928399.0,872887.0
2020-02-02,878543.0,873800.0
2020-02-03,1007717.0,996632.0
2020-02-04,1015406.0,1024252.0
2020-02-05,1047134.0,1077756.0
2020-02-06,1051697.0,1072101.0
2020-02-07,1034382.0,1031332.0
2020-02-08,924697.0,929981.0
2020-02-09,883989.0,862564.0
2020-02-10,1010280.0,956151.0
2020-02-11,1007015.0,1001764.0
2020-02-12,1045061.0,1016934.0
2020-02-13,1040209.0,1022733.0
2020-02-14,1020574.0,1010010.0
2020-02-15,909626.0,905405.0
2020-02-16,841382.0,849032.0
2020-02-17,968377.0,962204.0
2020-02-18,994452.0,985128.0
2020-02-19,1015672.0,1007506.0
2020-02-20,1013735.0,998871.0
2020-02-21,1003303.0,999934.0
2020-02-22,903686.0,896223.0
2020-02-23,847136.0,868568.0
2020-02-24,966784.0,989672.0
2020-02-25,993122.0,984007.0
2020-02-26,1007769.0,1041752.0
2020-02-27,1032672.0,1064616.0
2020-02-28,1025121.0,1023091.0
2020-02-29,899163.0,892463.0
2020-03-01,869429.0,864643.0
2020-03-02,993341.0,986143.0
2020-03-03,1003430.0,1005024.0
2020-03-04,1031567.0,1013093.0
2020-03-05,1030970.0,1022277.0
2020-03-06,1002417.0,989626.0
2020-03-07,884433.0,875331.0
2020-03-08,858515.0,828211.0
2020-03-09,956922.0,950172.0
2020-03-10,978852.0,956231.0
2020-03-11,979693.0,953907.0
2020-03-12,988984.0,921905.0
2020-03-13,953952.0,944313.0
2020-03-14,859024.0,856862.0
2020-03-15,828282.0,813866.0
2020-03-16,940877.0,951401.0
2020-03-17,957049.0,923390.0
2020-03-18,959611.0,899245.0
2020-03-19,911778.0,926299.0
2020-03-20,919026.0,898437.0
2020-03-21,832371.0,807535.0
2020-03-22,801797.0,777725.0
2020-03-23,944727.0,852577.0
2020-03-24,916588.0,878954.0
2020-03-25,919977.0,867486.0
2020-03-26,907845.0,844379.0
2020-03-27,866099.0,841587.0
2020-03-28,710620.0,768501.0
2020-03-29,695046.0,737194.0
2020-03-30,845268.0,870573.0
2020-03-31,865902.0,865868.0
2020-04-01,867581.0,835512.0
2020-04-02,865773.0,841397.0
2020-04-03,852190.0,819153.0
2020-04-04,760424.0,757906.0
2020-04-05,741835.0,700922.0
2020-04-06,825695.0,802849.0
2020-04-07,802758.0,827363.0
2020-04-08,874083.0,830945.0
2020-04-09,785316.0,816039.0
2020-04-10,769908.0,807830.0
2020-04-11,807714.0,750844.0
2020-04-12,785960.0,722175.0
2020-04-13,797238.0,692532.0
2020-04-14,772733.0,832033.0
2020-04-15,791692.0,828298.0
2020-04-16,783430.0,819124.0
2020-04-17,785231.0,789804.0
2020-04-18,815102.0,766743.0
2020-04-19,776816.0,725053.0
2020-04-20,818224.0,754441.0
2020-04-21,772015.0,761188.0
2020-04-22,788031.0,790803.0
2020-04-23,796716.0,808580.0
2020-04-24,798798.0,803929.0
2020-04-25,806370.0,749615.0
2020-04-26,781548.0,720550.0
2020-04-27,815946.0,801737.0
2020-04-28,787735.0,853075.0
2020-04-29,814748.0,842129.0
2020-04-30,810972.0,804871.0
2020-05-01,814743.0,730920.0
2020-05-02,807769.0,745580.0
2020-05-03,772577.0,749101.0
2020-05-04,816759.0,844121.0
2020-05-05,796970.0,838068.0
2020-05-06,818054.0,858378.0
2020-05-07,816448.0,862810.0
2020-05-08,812577.0,852369.0
2020-05-09,803175.0,766236.0
2020-05-10,761860.0,744348.0
2020-05-11,816260.0,805686.0
2020-05-12,799799.0,882428.0
2020-05-13,824181.0,864295.0
2020-05-14,815556.0,860269.0
2020-05-15,815554.0,864325.0
2020-05-16,805986.0,794039.0
2020-05-17,775454.0,762933.0
2020-05-18,815866.0,842944.0
2020-05-19,809365.0,860800.0
2020-05-20,829263.0,861217.0
2020-05-21,792102.0,753976.0
2020-05-22,789519.0,766723.0
2020-05-23,796289.0,717620.0
2020-05-24,754199.0,725373.0
2020-05-25,805807.0,842224.0
2020-05-26,808090.0,866453.0
2020-05-27,828464.0,861423.0
2020-05-28,815615.0,842793.0
2020-05-29,800800.0,840921.0
2020-05-30,777241.0,751620.0
2020-05-31,747669.0,716099.0
2020-06-01,771686.0,726881.0
2020-06-02,812719.0,858355.0
2020-06-03,834231.0,878560.0
2020-06-04,823074.0,886761.0
2020-06-05,806910.0,870559.0
2020-06-06,777217.0,750160.0
2020-06-07,756965.0,748983.0
2020-06-08,809818.0,874901.0
2020-06-09,825650.0,902050.0
2020-06-10,854401.0,902221.0
2020-06-11,829859.0,893204.0
2020-06-12,820686.0,883352.0
2020-06-13,787212.0,780977.0
2020-06-14,755610.0,722877.0
2020-06-15,811644.0,848246.0
2020-06-16,830833.0,867441.0
2020-06-17,849884.0,882527.0
2020-06-18,831996.0,865186.0
2020-06-19,821194.0,850258.0
2020-06-20,778192.0,770391.0
2020-06-21,750217.0,724082.0
2020-06-22,816983.0,856530.0
2020-06-23,838972.0,880413.0
2020-06-24,854103.0,887608.0
2020-06-25,840888.0,901180.0
2020-06-26,834388.0,918811.0
2020-06-27,782574.0,793390.0
2020-06-28,759835.0,733791.0
2020-06-29,822585.0,838470.0
2020-06-30,843084.0,883863.0
2020-07-01,855394.0,903285.0
2020-07-02,850120.0,896512.0
2020-07-03,838974.0,866865.0
2020-07-04,775854.0,764589.0
2020-07-05,755843.0,711680.0
2020-07-06,890031.0,836272.0
2020-07-07,903858.0,883706.0
2020-07-08,923657.0,917589.0
2020-07-09,910184.0,867124.0
2020-07-10,897965.0,868877.0
2020-07-11,786585.0,773464.0
2020-07-12,740616.0,730532.0
2020-07-13,849609.0,834648.0
2020-07-14,880580.0,888191.0
2020-07-15,893219.0,884911.0
2020-07-16,884533.0,898596.0
2020-07-17,871360.0,874347.0
2020-07-18,772839.0,774743.0
2020-07-19,733832.0,724005.0
2020-07-20,773779.0,770538.0
2020-07-21,727013.0,730380.0
2020-07-22,843511.0,803972.0
2020-07-23,846647.0,812291.0
2020-07-24,842120.0,816580.0
2020-07-25,745792.0,735627.0
2020-07-26,722299.0,693920.0
2020-07-27,779929.0,783573.0
2020-07-28,809950.0,788037.0
2020-07-29,829063.0,806728.0
2020-07-30,821299.0,820312.0
2020-07-31,820152.0,823215.0
2020-08-01,755521.0,771748.0
2020-08-02,720830.0,731763.0
2020-08-03,791056.0,821727.0
2020-08-04,806728.0,822395.0
2020-08-05,833788.0,831529.0
2020-08-06,829230.0,857743.0
2020-08-07,836033.0,864919.0
2020-08-08,767616.0,802030.0
2020-08-09,737961.0,775467.0
2020-08-10,848612.0,908791.0
2020-08-11,868138.0,936483.0
2020-08-12,889021.0,941409.0
2020-08-13,876168.0,943968.0
2020-08-14,859646.0,909890.0
2020-08-15,743162.0,803032.0
2020-08-16,743491.0,787700.0
2020-08-17,848858.0,891021.0
2020-08-18,898414.0,915382.0
2020-08-19,912131.0,914189.0
2020-08-20,898013.0,936303.0
2020-08-21,905831.0,886489.0
2020-08-22,791521.0,765523.0
2020-08-23,736856.0,738376.0
2020-08-24,869397.0,870172.0
2020-08-25,918002.0,872633.0
2020-08-26,920465.0,872754.0
2020-08-27,890073.0,903394.0
2020-08-28,899766.0,871702.0
2020-08-29,761885.0,797069.0
2020-08-30,739718.0,743666.0
2020-08-31,885207.0,882926.0
2020-09-01,910375.0,903133.0
2020-09-02,913368.0,913256.0
2020-09-03,909081.0,908246.0
2020-09-04,901832.0,910358.0
2020-09-05,794064.0,796064.0
2020-09-06,749337.0,764713.0
2020-09-07,891222.0,877802.0
2020-09-08,923757.0,910011.0
2020-09-09,924691.0,924353.0
2020-09-10,922183.0,909513.0
2020-09-11,910623.0,898380.0
2020-09-12,794778.0,788980.0
2020-09-13,748619.0,751244.0
2020-09-14,898316.0,895719.0
2020-09-15,924391.0,926343.0
2020-09-16,934645.0,923816.0
2020-09-17,924633.0,882060.0
2020-09-18,899760.0,874074.0
2020-09-19,791420.0,794087.0
2020-09-20,752019.0,754503.0
2020-09-21,899941.0,879416.0
2020-09-22,924520.0,902013.0
2020-09-23,929096.0,898259.0
2020-09-24,908432.0,874162.0
2020-09-25,897360.0,891134.0
2020-09-26,811701.0,815542.0
2020-09-27,755326.0,774117.0
2020-09-28,898759.0,930971.0
2020-09-29,927092.0,929179.0
2020-09-30,927628.0,925910.0
2020-10-01,912216.0,925865.0
2020-10-02,907345.0,921384.0
2020-10-03,823892.0,825679.0
2020-10-04,779449.0,761663.0
2020-10-05,920683.0,889130.0
2020-10-06,929735.0,924232.0
2020-10-07,936298.0,926125.0
2020-10-08,928925.0,931221.0
2020-10-09,914940.0,907594.0
2020-10-10,828088.0,803601.0
2020-10-11,771813.0,786498.0
2020-10-12,921575.0,892541.0
2020-10-13,943523.0,920600.0
2020-10-14,944213.0,921349.0
2020-10-15,949526.0,936418.0
2020-10-16,935099.0,927608.0
2020-10-17,837706.0,849284.0
2020-10-18,811886.0,811437.0
2020-10-19,933027.0,906530.0
2020-10-20,965472.0,948857.0
2020-10-21,949774.0,922944.0
2020-10-22,950006.0,929249.0
2020-10-23,929101.0,920963.0
2020-10-24,835822.0,820000.0
2020-10-25,825985.0,848505.0
2020-10-26,921120.0,925902.0
2020-10-27,955904.0,960061.0
2020-10-28,951261.0,957181.0
2020-10-29,952675.0,967354.0
2020-10-30,936660.0,944980.0
2020-10-31,829216.0,835361.0
2020-11-01,823484.0,801845.0
2020-11-02,939147.0,880266.0
2020-11-03,950420.0,937434.0
2020-11-04,962123.0,978843.0
2020-11-05,990906.0,990288.0
2020-11-06,960034.0,954962.0
2020-11-07,825059.0,875351.0
2020-11-08,833631.0,841151.0
2020-11-09,945498.0,943902.0
2020-11-10,997746.0,970727.0
2020-11-11,876856.0,858145.0
2020-11-12,1006892.0,932995.0
2020-11-13,966186.0,971485.0
2020-11-14,861811.0,842374.0
2020-11-15,835955.0,809185.0
2020-11-16,959884.0,947991.0
2020-11-17,1000901.0,970018.0
2020-11-18,999183.0,923002.0
2020-11-19,996736.0,970582.0
2020-11-20,985009.0,985523.0
2020-11-21,898267.0,893603.0
2020-11-22,858913.0,883878.0
2020-11-23,992658.0,988362.0
2020-11-24,1030115.0,982486.0
2020-11-25,1013836.0,1007228.0
2020-11-26,1024742.0,1012419.0
2020-11-27,1015154.0,1004214.0
2020-11-28,902868.0,915571.0
2020-11-29,894830.0,924742.0
2020-11-30,1033041.0,1035646.0
2020-12-01,1059663.0,1002851.0
2020-12-02,1033466.0,1037953.0
2020-12-03,1050774.0,1025895.0
2020-12-04,1037893.0,1018657.0
2020-12-05,936434.0,965756.0
2020-12-06,919592.0,951177.0
2020-12-07,1057653.0,1055353.0
2020-12-08,1074809.0,1084920.0
2020-12-09,1081968.0,1089326.0
2020-12-10,1080397.0,1071360.0
2020-12-11,1067414.0,1077428.0
2020-12-12,956523.0,973344.0
2020-12-13,924571.0,910989.0
2020-12-14,1032333.0,1013895.0
2020-12-15,1041049.0,1027368.0
2020-12-16,1052975.0,1016132.0
2020-12-17,1034461.0,1004442.0
2020-12-18,1028920.0,957814.0
2020-12-19,918740.0,897812.0
2020-12-20,905428.0,862271.0
2020-12-21,1007966.0,951813.0
2020-12-22,999996.0,944459.0
2020-12-23,1009401.0,921214.0
2020-12-24,876773.0,880122.0
2020-12-25,822288.0,816334.0
2020-12-26,828945.0,845166.0
2020-12-27,843995.0,839319.0
2020-12-28,889477.0,923474.0
2020-12-29,917551.0,932040.0
2020-12-30,929474.0,928965.0
2020-12-31,918702.0,923349.0
2021-01-01,807623.0,841805.0
2021-01-02,853676.0,912535.0
2021-01-03,879445.0,912881.0
2021-01-04,1014848.0,1058570.0
2021-01-05,1051188.0,1093155.0
2021-01-06,1076544.0,1096476.0
2021-01-07,1072397.0,1092877.0
2021-01-08,1124018.0,1075706.0
2021-01-09,991919.0,1016928.0
2021-01-10,889913.0,979745.0
2021-01-11,1081903.0,1093210.0
2021-01-12,1100411.0,1071700.0
2021-01-13,1095354.0,1098076.0
2021-01-14,1097157.0,1130720.0
2021-01-15,1090031.0,1128830.0
2021-01-16,1020813.0,1042456.0
2021-01-17,968728.0,975478.0
2021-01-18,1080971.0,1067491.0
2021-01-19,1082292.0,1065985.0
2021-01-20,1088785.0,1053288.0
2021-01-21,1088574.0,1052612.0
2021-01-22,1079354.0,1061246.0
2021-01-23,1000032.0,991987.0
2021-01-24,956701.0,976376.0
2021-01-25,1080811.0,1077526.0
2021-01-26,1092503.0,1077442.0
2021-01-27,1096638.0,1090688.0
2021-01-28,1091244.0,1049463.0
2021-01-29,1057832.0,1023457.0
2021-01-30,968871.0,1007057.0
2021-01-31,969643.0,967460.0
2021-02-01,1079956.0,1085880.0
2021-02-02,1076086.0,1075521.0
2021-02-03,1070503.0,1063754.0
2021-02-04,1039442.0,1056566.0
2021-02-05,1046451.0,1035495.0
2021-02-06,994571.0,962201.0
2021-02-07,953555.0,1016776.0
2021-02-08,1121676.0,1152288.0
2021-02-09,1148126.0,1134537.0
2021-02-10,1130276.0,1131960.0
2021-02-11,1120990.0,1112518.0
2021-02-12,1117243.0,1088223.0
2021-02-13,1022109.0,1019528.0
2021-02-14,992954.0,974859.0
2021-02-15,1090711.0,1068512.0
2021-02-16,1048855.0,1026046.0
2021-02-17,1039133.0,1022144.0
2021-02-18,1034225.0,1038952.0
2021-02-19,1014903.0,1005591.0
2021-02-20,934066.0,884990.0
2021-02-21,891732.0,835110.0
2021-02-22,1000278.0,949557.0
2021-02-23,978232.0,940935.0
2021-02-24,1000592.0,928979.0
2021-02-25,996650.0,947583.0
2021-02-26,968703.0,956778.0
2021-02-27,922717.0,916667.0
2021-02-28,890687.0,848695.0
2021-03-01,998253.0,978070.0
2021-03-02,998057.0,980245.0
2021-03-03,994396.0,972628.0
2021-03-04,996562.0,1023307.0
2021-03-05,1000893.0,977269.0
2021-03-06,942927.0,901711.0
2021-03-07,898287.0,868667.0
2021-03-08,1001408.0,975299.0
2021-03-09,1000888.0,1006714.0
2021-03-10,1004299.0,991168.0
2021-03-11,1015776.0,967165.0
2021-03-12,977061.0,973429.0
2021-03-13,903123.0,894475.0
2021-03-14,856827.0,875262.0
2021-03-15,978861.0,963812.0
2021-03-16,992984.0,1027758.0
2021-03-17,999783.0,1019786.0
2021-03-18,1009315.0,1029572.0
2021-03-19,993400.0,977241.0
2021-03-20,913023.0,893216.0
2021-03-21,865969.0,869862.0
2021-03-22,965238.0,989842.0
2021-03-23,1005219.0,963262.0
2021-03-24,990967.0,950375.0
2021-03-25,978690.0,956006.0
2021-03-26,939917.0,933324.0
2021-03-27,875858.0,855967.0
2021-03-28,811426.0,767838.0
2021-03-29,942018.0,825351.0
2021-03-30,939301.0,886369.0
2021-03-31,948592.0,913518.0
2021-04-01,928131.0,914980.0
2021-04-02,940490.0,928294.0
2021-04-03,864890.0,854004.0
2021-04-04,827926.0,823549.0
2021-04-05,816454.0,848990.0
2021-04-06,970821.0,1019678.0
2021-04-07,993548.0,1053215.0
2021-04-08,1007900.0,988466.0
2021-04-09,960154.0,966703.0
2021-04-10,878597.0,927079.0
2021-04-11,847794.0,861991.0
2021-04-12,938712.0,984274.0
2021-04-13,983610.0,997733.0
2021-04-14,1008433.0,990569.0
2021-04-15,976566.0,990076.0
2021-04-16,959549.0,970564.0
2021-04-17,885259.0,847704.0
2021-04-18,834134.0,811132.0
2021-04-19,920037.0,934705.0
2021-04-20,949537.0,941009.0
2021-04-21,955442.0,923339.0
2021-04-22,941656.0,927618.0
2021-04-23,934108.0,929146.0
2021-04-24,844310.0,835192.0
2021-04-25,814491.0,805653.0
2021-04-26,930506.0,914830.0
2021-04-27,936211.0,927543.0
2021-04-28,929102.0,927632.0
2021-04-29,927987.0,958446.0
2021-04-30,931266.0,943025.0
2021-05-01,800019.0,822300.0
2021-05-02,808489.0,812090.0
2021-05-03,919519.0,899404.0
2021-05-04,907377.0,939892.0
2021-05-05,916443.0,960464.0
2021-05-06,956492.0,971122.0
2021-05-07,940404.0,941303.0
2021-05-08,841480.0,855997.0
2021-05-09,790238.0,773138.0
2021-05-10,889731.0,893636.0
2021-05-11,912110.0,929965.0
2021-05-12,930163.0,914933.0
2021-05-13,791348.0,810319.0
2021-05-14,856480.0,832501.0
2021-05-15,832382.0,822326.0
2021-05-16,781376.0,784327.0
2021-05-17,899975.0,903487.0
2021-05-18,926040.0,923380.0
2021-05-19,938079.0,934194.0
2021-05-20,932848.0,928748.0
2021-05-21,902781.0,901581.0
2021-05-22,826795.0,846772.0
2021-05-23,779418.0,782143.0
2021-05-24,775926.0,791359.0
2021-05-25,920372.0,912575.0
2021-05-26,935935.0,929663.0
2021-05-27,931679.0,931423.0
2021-05-28,905635.0,913033.0
2021-05-29,824746.0,806041.0
2021-05-30,757994.0,757632.0
2021-05-31,885225.0,866461.0
2021-06-01,908045.0,885472.0
2021-06-02,908843.0,914891.0
2021-06-03,915575.0,924503.0
2021-06-04,903281.0,921729.0
2021-06-05,819214.0,831827.0
2021-06-06,760930.0,762677.0
2021-06-07,879974.0,865737.0
2021-06-08,896265.0,892881.0
2021-06-09,911701.0,895187.0
2021-06-10,912015.0,903598.0
2021-06-11,891612.0,904938.0
2021-06-12,812989.0,802330.0
2021-06-13,755277.0,758772.0
2021-06-14,871878.0,895541.0
2021-06-15,902125.0,914467.0
2021-06-16,917228.0,935709.0
2021-06-17,927269.0,965776.0
2021-06-18,939225.0,949177.0
2021-06-19,833428.0,841045.0
2021-06-20,770204.0,791605.0
2021-06-21,903481.0,924268.0
2021-06-22,927710.0,931454.0
2021-06-23,923885.0,930418.0
2021-06-24,932258.0,922606.0
2021-06-25,917548.0,914598.0
2021-06-26,820545.0,827708.0
2021-06-27,772847.0,796506.0
2021-06-28,909320.0,919157.0
2021-06-29,917055.0,935522.0
2021-06-30,931370.0,946958.0
2021-07-01,930116.0,934179.0
2021-07-02,911926.0,919984.0
2021-07-03,817944.0,825001.0
2021-07-04,773239.0,789467.0
2021-07-05,902299.0,905959.0
2021-07-06,922336.0,901697.0
2021-07-07,922032.0,916276.0
2021-07-08,912081.0,918030.0
2021-07-09,901290.0,908917.0
2021-07-10,815622.0,834992.0
2021-07-11,779988.0,784370.0
2021-07-12,891374.0,913191.0
2021-07-13,904399.0,911076.0
2021-07-14,909214.0,910279.0
2021-07-15,910486.0,902944.0
2021-07-16,888117.0,878959.0
2021-07-17,809730.0,786660.0
2021-07-18,766505.0,750335.0
2021-07-19,872320.0,839124.0
2021-07-20,869302.0,838124.0
2021-07-21,734905.0,771753.0
2021-07-22,864516.0,834344.0
2021-07-23,860837.0,827059.0
2021-07-24,782858.0,787735.0
2021-07-25,755242.0,746847.0
2021-07-26,829060.0,821672.0
2021-07-27,817273.0,828159.0
2021-07-28,832106.0,810581.0
2021-07-29,846091.0,802206.0
2021-07-30,839221.0,808940.0
2021-07-31,778259.0,753264.0
2021-08-01,730134.0,749403.0
2021-08-02,838456.0,829536.0
2021-08-03,830751.0,842325.0
2021-08-04,837117.0,847057.0
2021-08-05,848046.0,847331.0
2021-08-06,847321.0,833215.0
2021-08-07,779230.0,764204.0
2021-08-08,737591.0,721899.0
2021-08-09,861730.0,848152.0
2021-08-10,864918.0,874891.0
2021-08-11,871905.0,874067.0
2021-08-12,879716.0,899307.0
2021-08-13,867605.0,863626.0
2021-08-14,785479.0,778533.0
2021-08-15,735902.0,737321.0
2021-08-16,874802.0,857209.0
2021-08-17,890712.0,912174.0
2021-08-18,909198.0,920528.0
2021-08-19,908781.0,915478.0
2021-08-20,908037.0,914609.0
2021-08-21,824816.0,818777.0
2021-08-22,786902.0,783275.0
2021-08-23,910031.0,903613.0
2021-08-24,921412.0,896397.0
2021-08-25,919909.0,909578.0
2021-08-26,930333.0,928677.0
2021-08-27,921258.0,901558.0
2021-08-28,810593.0,818266.0
2021-08-29,779351.0,803900.0
2021-08-30,911620.0,914245.0
2021-08-31,915368.0,928834.0
2021-09-01,924957.0,940257.0
2021-09-02,934288.0,911656.0
2021-09-03,915676.0,906002.0
2021-09-04,825198.0,804745.0
2021-09-05,785220.0,767599.0
2021-09-06,906428.0,907383.0
2021-09-07,924482.0,919034.0
2021-09-08,939577.0,928877.0
2021-09-09,936327.0,943576.0
2021-09-10,915189.0,933365.0
2021-09-11,822469.0,833414.0
2021-09-12,786806.0,794384.0
2021-09-13,916467.0,912255.0
2021-09-14,929571.0,947876.0
2021-09-15,927001.0,960973.0
2021-09-16,942085.0,931370.0
2021-09-17,919404.0,919617.0
2021-09-18,827910.0,815581.0
2021-09-19,786699.0,779421.0
2021-09-20,911711.0,904062.0
2021-09-21,932372.0,919186.0
2021-09-22,940855.0,925591.0
2021-09-23,927116.0,906232.0
2021-09-24,913206.0,903022.0
2021-09-25,818487.0,806886.0
2021-09-26,776484.0,788448.0
2021-09-27,907366.0,898612.0
2021-09-28,923835.0,897167.0
2021-09-29,929585.0,916809.0
2021-09-30,925038.0,931584.0
2021-10-01,917098.0,955644.0
2021-10-02,827232.0,836669.0
2021-10-03,797465.0,817081.0
2021-10-04,924576.0,883837.0
2021-10-05,924836.0,914478.0
2021-10-06,933074.0,937644.0
2021-10-07,930712.0,931845.0
2021-10-08,927122.0,904743.0
2021-10-09,842575.0,821329.0
2021-10-10,806318.0,805752.0
2021-10-11,909691.0,929502.0
2021-10-12,945654.0,956152.0
2021-10-13,957131.0,964938.0
2021-10-14,959287.0,958244.0
2021-10-15,926924.0,958766.0
2021-10-16,863316.0,863176.0
2021-10-17,834482.0,830376.0
2021-10-18,940289.0,948313.0
2021-10-19,966984.0,962415.0
2021-10-20,965506.0,960714.0
2021-10-21,962986.0,961823.0
2021-10-22,962063.0,950053.0
2021-10-23,869608.0,871592.0
2021-10-24,840611.0,825649.0
2021-10-25,959521.0,964559.0
2021-10-26,972791.0,964001.0
2021-10-27,966621.0,963623.0
2021-10-28,959788.0,950404.0
2021-10-29,938558.0,945659.0
2021-10-30,864557.0,875793.0
2021-10-31,859621.0,863069.0
2021-11-01,844112.0,819136.0
2021-11-02,963087.0,959789.0
2021-11-03,997038.0,994136.0
2021-11-04,988359.0,1002134.0
2021-11-05,970270.0,984544.0
2021-11-06,904144.0,892987.0
2021-11-07,858832.0,856456.0
2021-11-08,978729.0,989628.0
2021-11-09,1000853.0,1012815.0
2021-11-10,1012073.0,1019464.0
2021-11-11,911222.0,910742.0
2021-11-12,947350.0,929440.0
2021-11-13,908959.0,897981.0
2021-11-14,858645.0,877251.0
2021-11-15,999562.0,1012893.0
2021-11-16,1015124.0,1043377.0
2021-11-17,1021733.0,1028680.0
2021-11-18,1014735.0,1003221.0
2021-11-19,986438.0,973367.0
2021-11-20,902903.0,889408.0
2021-11-21,877976.0,855532.0
2021-11-22,1019234.0,968842.0
2021-11-23,1039268.0,1027942.0
2021-11-24,1048732.0,1007116.0
2021-11-25,1027567.0,1025235.0
2021-11-26,997097.0,1019803.0
2021-11-27,931020.0,949933.0
2021-11-28,906899.0,936655.0
2021-11-29,1027744.0,1031133.0
2021-11-30,1044648.0,1041071.0
2021-12-01,1023481.0,1028123.0
2021-12-02,1027586.0,1052616.0
2021-12-03,1016668.0,1048795.0
2021-12-04,954888.0,956038.0
2021-12-05,910588.0,918882.0
2021-12-06,1027723.0,1030500.0
2021-12-07,1062461.0,1032476.0
2021-12-08,1044800.0,1038617.0
2021-12-09,1045078.0,1073816.0
2021-12-10,1037145.0,1079047.0
2021-12-11,951984.0,966273.0
2021-12-12,906309.0,917065.0
2021-12-13,1001679.0,1035211.0
2021-12-14,1019265.0,1054512.0
2021-12-15,1026548.0,1049113.0
2021-12-16,1029041.0,1040217.0
2021-12-17,1021055.0,1042531.0
2021-12-18,933295.0,952997.0
2021-12-19,906460.0,924074.0
2021-12-20,1024920.0,1014466.0
2021-12-21,1056711.0,1026233.0
2021-12-22,1079824.0,1049347.0
2021-12-23,1072238.0,1020608.0
2021-12-24,942375.0,875360.0
2021-12-25,839637.0,796506.0
2021-12-26,845162.0,842367.0
2021-12-27,878827.0,894174.0
2021-12-28,895752.0,881267.0
2021-12-29,911081.0,889051.0
2021-12-30,939706.0,866439.0
2021-12-31,906743.0,821093.0
2022-01-01,802577.0,749952.0
2022-01-02,852635.0,792874.0
2022-01-03,940258.0,929782.0
2022-01-04,1011344.0,1007260.0
2022-01-05,1013651.0,1041742.0
2022-01-06,1045901.0,1060482.0
2022-01-07,1004979.0,1043178.0
2022-01-08,945127.0,964917.0
2022-01-09,918431.0,924065.0
2022-01-10,1031889.0,1090582.0
2022-01-11,1087969.0,1095983.0
2022-01-12,1097378.0,1116130.0
2022-01-13,1113055.0,1103604.0
2022-01-14,1097927.0,1098383.0
2022-01-15,1001635.0,988677.0
2022-01-16,947009.0,953803.0
2022-01-17,1065173.0,1071490.0
2022-01-18,1088882.0,1095835.0
2022-01-19,1107255.0,1105781.0
2022-01-20,1099558.0,1106904.0
2022-01-21,1098436.0,1084360.0
2022-01-22,992144.0,995739.0
2022-01-23,932788.0,962674.0
2022-01-24,1076037.0,1060286.0
2022-01-25,1099202.0,1111332.0
2022-01-26,1109501.0,1104630.0
2022-01-27,1101021.0,1063153.0
2022-01-28,1071827.0,1070431.0
2022-01-29,984768.0,946904.0
2022-01-30,940566.0,925721.0
2022-01-31,1064711.0,1043308.0
2022-02-01,1077539.0,1059416.0
2022-02-02,1074853.0,1058211.0
2022-02-03,1046606.0,1067735.0
2022-02-04,1061926.0,1047142.0
2022-02-05,959184.0,943187.0
2022-02-06,940144.0,917577.0
2022-02-07,1048501.0,1025979.0
2022-02-08,1056794.0,1033634.0
2022-02-09,1040162.0,1035224.0
2022-02-10,1051505.0,1072091.0
2022-02-11,1060971.0,1050860.0
2022-02-12,971736.0,961093.0
2022-02-13,938088.0,911300.0
2022-02-14,1033592.0,1017469.0
2022-02-15,1044738.0,1038786.0
2022-02-16,1051092.0,1041378.0
2022-02-17,1047611.0,1017932.0
2022-02-18,1038742.0,1025412.0
2022-02-19,932915.0,914286.0
2022-02-20,891218.0,898497.0
2022-02-21,1023376.0,1015220.0
2022-02-22,1043460.0,1029468.0
2022-02-23,1048687.0,1013202.0
2022-02-24,1053763.0,1020668.0
2022-02-25,1039620.0,1015727.0
2022-02-26,940458.0,929222.0
2022-02-27,915657.0,864660.0
2022-02-28,1025079.0,991019.0
2022-03-01,1044774.0,1034647.0
2022-03-02,1044200.0,1003628.0
2022-03-03,1043098.0,988235.0
2022-03-04,1020811.0,981397.0
2022-03-05,926659.0,905598.0
2022-03-06,884326.0,887108.0
2022-03-07,1025755.0,982123.0
2022-03-08,1039268.0,973833.0
2022-03-09,1014578.0,955873.0
2022-03-10,996129.0,937555.0
2022-03-11,987324.0,904730.0
2022-03-12,881864.0,842693.0
2022-03-13,854103.0,791230.0
2022-03-14,961656.0,916212.0
2022-03-15,979414.0,946179.0
2022-03-16,969285.0,954205.0
2022-03-17,962462.0,952911.0
2022-03-18,955818.0,923924.0
2022-03-19,872472.0,814919.0
2022-03-20,829986.0,812797.0
2022-03-21,955342.0,930079.0
2022-03-22,964650.0,934496.0
2022-03-23,953926.0,932235.0
2022-03-24,943611.0,922613.0
2022-03-25,917348.0,916930.0
2022-03-26,829447.0,823551.0
2022-03-27,780590.0,779281.0
2022-03-28,926127.0,934869.0
2022-03-29,963594.0,955289.0
2022-03-30,971884.0,961553.0
2022-03-31,975020.0,986778.0
2022-04-01,983660.0,1038990.0
2022-04-02,908585.0,916416.0
2022-04-03,860432.0,876141.0
2022-04-04,967691.0,976217.0
2022-04-05,984480.0,964816.0
2022-04-06,967328.0,940710.0
2022-04-07,962574.0,946639.0
2022-04-08,972062.0,977569.0
2022-04-09,875718.0,870499.0
2022-04-10,849583.0,841359.0
2022-04-11,936945.0,904359.0
2022-04-12,939050.0,912451.0
2022-04-13,924523.0,938775.0
2022-04-14,926205.0,927340.0
2022-04-15,950419.0,910970.0
2022-04-16,845733.0,824306.0
2022-04-17,800692.0,768023.0
2022-04-18,782754.0,785453.0
2022-04-19,911278.0,902226.0
2022-04-20,923029.0,900803.0
2022-04-21,919440.0,897914.0
2022-04-22,922415.0,876869.0
2022-04-23,812643.0,805591.0
2022-04-24,797318.0,779450.0
2022-04-25,904213.0,907623.0
2022-04-26,924221.0,929988.0
2022-04-27,937034.0,912689.0
2022-04-28,924082.0,901469.0
2022-04-29,908900.0,911299.0
2022-04-30,822963.0,830940.0
2022-05-01,804499.0,798777.0
2022-05-02,914627.0,882539.0
2022-05-03,914423.0,907842.0
2022-05-04,915502.0,925623.0
2022-05-05,906434.0,923564.0
2022-05-06,917207.0,906880.0
2022-05-07,816497.0,836915.0
2022-05-08,789432.0,786894.0
2022-05-09,885988.0,901112.0
2022-05-10,912481.0,910060.0
2022-05-11,914255.0,918884.0
2022-05-12,913649.0,909976.0
2022-05-13,903547.0,875904.0
2022-05-14,809363.0,809062.0
2022-05-15,782184.0,768880.0
2022-05-16,897300.0,899275.0
2022-05-17,903333.0,931852.0
2022-05-18,927625.0,933996.0
2022-05-19,924438.0,925473.0
2022-05-20,896958.0,906393.0
2022-05-21,816462.0,809671.0
2022-05-22,769768.0,791638.0
2022-05-23,902276.0,922658.0
2022-05-24,932917.0,898842.0
2022-05-25,914188.0,897549.0
2022-05-26,761656.0,793493.0
2022-05-27,833011.0,821426.0
2022-05-28,811065.0,789394.0
2022-05-29,784883.0,782780.0
2022-05-30,911190.0,897323.0
2022-05-31,907879.0,887607.0
2022-06-01,905487.0,899665.0
2022-06-02,903479.0,910744.0
2022-06-03,896933.0,907350.0
2022-06-04,808108.0,816203.0
2022-06-05,783758.0,792971.0
2022-06-06,749139.0,777108.0
2022-06-07,885855.0,891873.0
2022-06-08,913688.0,930746.0
2022-06-09,913471.0,910224.0
2022-06-10,905386.0,910356.0
2022-06-11,809070.0,816669.0
2022-06-12,781047.0,772542.0
2022-06-13,900127.0,889256.0
2022-06-14,899461.0,903651.0
2022-06-15,927449.0,915557.0
2022-06-16,916674.0,924401.0
2022-06-17,914818.0,914511.0
2022-06-18,829292.0,838185.0
2022-06-19,792007.0,774406.0
2022-06-20,904303.0,844272.0
2022-06-21,896238.0,890515.0
2022-06-22,907911.0,901569.0
2022-06-23,915986.0,934756.0
2022-06-24,916660.0,920522.0
2022-06-25,832241.0,810740.0
2022-06-26,774786.0,773628.0
2022-06-27,870905.0,898876.0
2022-06-28,905971.0,897378.0
2022-06-29,910059.0,909166.0
2022-06-30,922740.0,917619.0
2022-07-01,913024.0,894371.0
2022-07-02,802393.0,788288.0
2022-07-03,760281.0,753884.0
2022-07-04,878494.0,878454.0
2022-07-05,889024.0,899902.0
2022-07-06,909935.0,901254.0
2022-07-07,914583.0,893077.0
2022-07-08,894018.0,896871.0
2022-07-09,793424.0,796366.0
2022-07-10,763165.0,762108.0
2022-07-11,875528.0,882400.0
2022-07-12,898176.0,902145.0
2022-07-13,902563.0,908931.0
2022-07-14,897091.0,887044.0
2022-07-15,873811.0,864320.0
2022-07-16,782107.0,780899.0
2022-07-17,748347.0,755698.0
2022-07-18,855503.0,851314.0
2022-07-19,880074.0,880431.0
2022-07-20,875275.0,868967.0
2022-07-21,757616.0,778388.0
2022-07-22,838131.0,798856.0
2022-07-23,766313.0,766914.0
2022-07-24,732984.0,746549.0
2022-07-25,810098.0,817535.0
2022-07-26,825583.0,814681.0
2022-07-27,833248.0,798030.0
2022-07-28,827585.0,810984.0
2022-07-29,823411.0,807604.0
2022-07-30,760076.0,764195.0
2022-07-31,744110.0,739565.0
2022-08-01,826208.0,831212.0
2022-08-02,835076.0,849594.0
2022-08-03,839546.0,873762.0
2022-08-04,841716.0,869161.0
2022-08-05,837402.0,839867.0
2022-08-06,764507.0,751218.0
2022-08-07,733721.0,712600.0
2022-08-08,846171.0,825686.0
2022-08-09,864397.0,846572.0
2022-08-10,872088.0,864371.0
2022-08-11,880684.0,874044.0
2022-08-12,871897.0,865188.0
2022-08-13,785588.0,787956.0
2022-08-14,759963.0,752386.0
2022-08-15,762122.0,753231.0
2022-08-16,882825.0,880711.0
2022-08-17,902287.0,903376.0
2022-08-18,895830.0,893567.0
2022-08-19,896332.0,895277.0
2022-08-20,808985.0,789176.0
2022-08-21,774146.0,749034.0
2022-08-22,887941.0,870156.0
2022-08-23,909191.0,901774.0
2022-08-24,921989.0,917960.0
2022-08-25,931419.0,925694.0
2022-08-26,915876.0,895663.0
2022-08-27,798556.0,799050.0
2022-08-28,755467.0,749748.0
2022-08-29,874442.0,868494.0
2022-08-30,904834.0,891991.0
2022-08-31,913680.0,898288.0
2022-09-01,908173.0,898073.0
2022-09-02,894995.0,891799.0
2022-09-03,798532.0,809506.0
2022-09-04,758792.0,773601.0
2022-09-05,892323.0,887312.0
2022-09-06,911726.0,894771.0
2022-09-07,917116.0,889326.0
2022-09-08,901489.0,888741.0
2022-09-09,895094.0,861477.0
2022-09-10,791836.0,771577.0
2022-09-11,742680.0,750355.0
2022-09-12,874273.0,856605.0
2022-09-13,897820.0,908442.0
2022-09-14,903138.0,902369.0
2022-09-15,898641.0,882821.0
2022-09-16,877420.0,861609.0
2022-09-17,794126.0,772180.0
2022-09-18,769914.0,743789.0
2022-09-19,880216.0,865149.0
2022-09-20,906153.0,898402.0
2022-09-21,898853.0,880683.0
2022-09-22,882503.0,877875.0
2022-09-23,863533.0,875105.0
2022-09-24,771169.0,803525.0
2022-09-25,752866.0,763413.0
2022-09-26,887239.0,871591.0
2022-09-27,920819.0,888071.0
2022-09-28,899046.0,882954.0
2022-09-29,900018.0,891358.0
2022-09-30,882099.0,872628.0
2022-10-01,791378.0,784100.0
2022-10-02,758074.0,783619.0
2022-10-03,875312.0,867669.0
2022-10-04,906208.0,882942.0
2022-10-05,886573.0,873077.0
2022-10-06,886173.0,891431.0
2022-10-07,877368.0,867654.0
2022-10-08,785705.0,788058.0
2022-10-09,775250.0,746166.0
2022-10-10,877903.0,863370.0
2022-10-11,889726.0,890568.0
2022-10-12,903483.0,878722.0
2022-10-13,906855.0,898176.0
2022-10-14,880813.0,888630.0
2022-10-15,804121.0,791010.0
2022-10-16,773980.0,755360.0
2022-10-17,871168.0,858535.0
2022-10-18,900850.0,869142.0
2022-10-19,890847.0,863818.0
2022-10-20,899739.0,880589.0
2022-10-21,889520.0,875050.0
2022-10-22,805940.0,802813.0
2022-10-23,775432.0,766823.0
2022-10-24,877123.0,870773.0
2022-10-25,896605.0,881500.0
2022-10-26,882045.0,862446.0
2022-10-27,897771.0,859083.0
2022-10-28,880018.0,857069.0
2022-10-29,792376.0,778381.0
2022-10-30,799493.0,773110.0
2022-10-31,819895.0,797262.0
2022-11-01,762688.0,721091.0
2022-11-02,868946.0,833385.0
2022-11-03,889261.0,865887.0
2022-11-04,882510.0,881637.0
2022-11-05,811008.0,813371.0
2022-11-06,780637.0,790179.0
2022-11-07,899132.0,883120.0
2022-11-08,905442.0,884740.0
2022-11-09,878387.0,812598.0
2022-11-10,833364.0,870493.0
2022-11-11,769268.0,790787.0
2022-11-12,758834.0,804270.0
2022-11-13,789306.0,788091.0
2022-11-14,905185.0,930305.0
2022-11-15,915815.0,900374.0
2022-11-16,864392.0,903984.0
2022-11-17,897705.0,902363.0
2022-11-18,904995.0,922184.0
2022-11-19,851605.0,867158.0
2022-11-20,836287.0,832705.0
2022-11-21,936148.0,932827.0
2022-11-22,923028.0,942810.0
2022-11-23,917778.0,938951.0
2022-11-24,924797.0,931886.0
2022-11-25,930278.0,923035.0
2022-11-26,861588.0,835445.0
2022-11-27,820633.0,816189.0
2022-11-28,931485.0,932734.0
2022-11-29,937956.0,940390.0
2022-11-30,933792.0,968261.0
2022-12-01,951835.0,969597.0
2022-12-02,963418.0,977194.0
2022-12-03,893962.0,909415.0
2022-12-04,872120.0,898422.0
2022-12-05,977607.0,1020586.0
2022-12-06,984904.0,997795.0
2022-12-07,993526.0,997134.0
2022-12-08,999243.0,997039.0
2022-12-09,1001843.0,1021169.0
2022-12-10,931775.0,942034.0
2022-12-11,902139.0,916992.0
2022-12-12,1021994.0,1015754.0
2022-12-13,1026739.0,1054611.0
2022-12-14,1034023.0,1064532.0
2022-12-15,1035678.0,1070066.0
2022-12-16,1042230.0,1028168.0
2022-12-17,957257.0,971334.0
2022-12-18,934593.0,957720.0
2022-12-19,1011013.0,988830.0
2022-12-20,1005528.0,953305.0
2022-12-21,979144.0,943722.0
2022-12-22,983750.0,921342.0
2022-12-23,965652.0,865201.0
2022-12-24,848160.0,772195.0
2022-12-25,795263.0,735829.0
2022-12-26,839434.0,807659.0
2022-12-27,845618.0,840397.0
2022-12-28,859894.0,852709.0
2022-12-29,851413.0,841038.0
2022-12-30,888427.0,842122.0
2022-12-31,835361.0,760220.0
2023-01-01,730730.0,709665.0
2023-01-02,864081.0,812156.0
2023-01-03,912008.0,898392.0
2023-01-04,903945.0,923188.0
2023-01-05,912613.0,922101.0
2023-01-06,926734.0,912978.0
2023-01-07,818005.0,844436.0
2023-01-08,806970.0,829360.0
2023-01-09,927312.0,968263.0
2023-01-10,941281.0,999934.0
2023-01-11,977500.0,978187.0
2023-01-12,979099.0,989330.0
2023-01-13,954665.0,990783.0
2023-01-14,916193.0,926383.0
2023-01-15,873466.0,881362.0
2023-01-16,982640.0,997145.0
2023-01-17,1027239.0,1018579.0
2023-01-18,1029863.0,1034935.0
2023-01-19,1035304.0,1041529.0
2023-01-20,1026633.0,1045675.0
2023-01-21,964284.0,961707.0
2023-01-22,919614.0,951547.0
2023-01-23,1011327.0,1042039.0
2023-01-24,1037279.0,1057871.0
2023-01-25,1052815.0,1064767.0
2023-01-26,1048082.0,1046482.0
2023-01-27,1033057.0,1036537.0
2023-01-28,968358.0,945745.0
2023-01-29,925034.0,927814.0
2023-01-30,1006121.0,999701.0
2023-01-31,1022688.0,1025415.0
2023-02-01,1025161.0,1012768.0
2023-02-02,1019881.0,987216.0
2023-02-03,1004300.0,959950.0
2023-02-04,903869.0,887731.0
2023-02-05,877709.0,861946.0
2023-02-06,977800.0,983236.0
2023-02-07,1011256.0,1012715.0
2023-02-08,1020786.0,1026191.0
2023-02-09,1032304.0,1025892.0
2023-02-10,1010502.0,1005782.0
2023-02-11,922092.0,907936.0
2023-02-12,865508.0,868002.0
2023-02-13,976085.0,960757.0
2023-02-14,995841.0,972883.0
2023-02-15,991352.0,967566.0
2023-02-16,987298.0,974395.0
2023-02-17,968694.0,960605.0
2023-02-18,889201.0,862242.0
2023-02-19,848096.0,822650.0
2023-02-20,954169.0,937101.0
2023-02-21,967699.0,957367.0
2023-02-22,964800.0,968190.0
2023-02-23,973425.0,966356.0
2023-02-24,977339.0,958022.0
2023-02-25,899182.0,891559.0
2023-02-26,860996.0,867356.0
2023-02-27,978616.0,978379.0
2023-02-28,998479.0,996352.0
2023-03-01,1005213.0,1003205.0
2023-03-02,1003464.0,984682.0
2023-03-03,983686.0,1000679.0
2023-03-04,899588.0,903835.0
2023-03-05,863926.0,873068.0
2023-03-06,972465.0,982289.0
2023-03-07,1003693.0,991300.0
2023-03-08,1004905.0,1019879.0
2023-03-09,1000213.0,978303.0
2023-03-10,971116.0,949228.0
2023-03-11,878531.0,878299.0
2023-03-12,857553.0,830090.0
2023-03-13,929991.0,922465.0
2023-03-14,946273.0,944209.0
2023-03-15,978658.0,957773.0
2023-03-16,956378.0,932786.0
2023-03-17,918979.0,907985.0
2023-03-18,834863.0,828616.0
2023-03-19,799510.0,807133.0
2023-03-20,927150.0,933265.0
2023-03-21,933097.0,935161.0
2023-03-22,939687.0,932244.0
2023-03-23,919547.0,941655.0
2023-03-24,918051.0,914310.0
2023-03-25,843663.0,852987.0
2023-03-26,803425.0,793917.0
2023-03-27,953028.0,926805.0
2023-03-28,982069.0,952318.0
2023-03-29,959162.0,931612.0
2023-03-30,942993.0,921972.0
2023-03-31,923062.0,929162.0
2023-04-01,878385.0,869077.0
2023-04-02,827918.0,857338.0
2023-04-03,940993.0,936621.0
2023-04-04,958857.0,937296.0
2023-04-05,935465.0,916691.0
2023-04-06,928090.0,931997.0
2023-04-07,914086.0,928820.0
2023-04-08,858504.0,841572.0
2023-04-09,819209.0,773138.0
2023-04-10,801105.0,778491.0
2023-04-11,899589.0,876088.0
2023-04-12,902683.0,903773.0
2023-04-13,926045.0,916529.0
2023-04-14,915383.0,884807.0
2023-04-15,835878.0,802494.0
2023-04-16,793502.0,787902.0
2023-04-17,889288.0,901062.0
2023-04-18,900637.0,887669.0
2023-04-19,896516.0,882283.0
2023-04-20,906215.0,903862.0
2023-04-21,901199.0,884143.0
2023-04-22,810435.0,810234.0
2023-04-23,787617.0,764684.0
2023-04-24,895872.0,892249.0
2023-04-25,898760.0,900186.0
2023-04-26,918071.0,893733.0
2023-04-27,913043.0,880037.0
2023-04-28,875504.0,857658.0
2023-04-29,802021.0,778910.0
2023-04-30,765208.0,727892.0
2023-05-01,756474.0,719498.0
2023-05-02,771591.0,838037.0
2023-05-03,772162.0,843983.0
2023-05-04,794461.0,840998.0
2023-05-05,785156.0,851339.0
2023-05-06,766158.0,784677.0
2023-05-07,759851.0,758239.0
2023-05-08,793415.0,854720.0
2023-05-09,787173.0,886497.0
2023-05-10,798264.0,872196.0
2023-05-11,806984.0,847905.0
2023-05-12,792808.0,868528.0
2023-05-13,789935.0,776046.0
2023-05-14,743431.0,729346.0
2023-05-15,863979.0,848813.0
2023-05-16,881160.0,843205.0
2023-05-17,873695.0,829509.0
2023-05-18,740029.0,730894.0
2023-05-19,794544.0,742900.0
2023-05-20,774100.0,730585.0
2023-05-21,743420.0,711575.0
2023-05-22,849131.0,826962.0
2023-05-23,845686.0,836027.0
2023-05-24,858539.0,839418.0
2023-05-25,863953.0,825193.0
2023-05-26,845019.0,825258.0
2023-05-27,763484.0,736808.0
2023-05-28,726313.0,712319.0
2023-05-29,711846.0,712895.0
2023-05-30,830729.0,794377.0
2023-05-31,841532.0,821412.0
2023-06-01,835468.0,820886.0
2023-06-02,835288.0,816974.0
2023-06-03,761877.0,731258.0
2023-06-04,721773.0,697342.0
2023-06-05,837792.0,807990.0
2023-06-06,836178.0,834209.0
2023-06-07,828205.0,826457.0
2023-06-08,838423.0,836322.0
2023-06-09,843212.0,834368.0
2023-06-10,764008.0,786252.0
2023-06-11,735492.0,752451.0
2023-06-12,853720.0,878256.0
2023-06-13,866614.0,881570.0
2023-06-14,857452.0,849414.0
2023-06-15,860474.0,861640.0
2023-06-16,848295.0,850452.0
2023-06-17,773452.0,750206.0
2023-06-18,742816.0,723106.0
2023-06-19,856970.0,857463.0
2023-06-20,869170.0,874001.0
2023-06-21,867047.0,858096.0
2023-06-22,860239.0,845440.0
2023-06-23,854617.0,839315.0
2023-06-24,771496.0,754364.0
2023-06-25,740299.0,747434.0
2023-06-26,856291.0,838816.0
2023-06-27,869589.0,849694.0
2023-06-28,860261.0,861741.0
2023-06-29,857954.0,847565.0
2023-06-30,847897.0,824073.0
2023-07-01,765863.0,739007.0
2023-07-02,735086.0,704951.0
2023-07-03,836626.0,811468.0
2023-07-04,848233.0,838281.0
2023-07-05,853331.0,818993.0
2023-07-06,838970.0,840358.0
2023-07-07,832449.0,851659.0
2023-07-08,759507.0,777638.0
2023-07-09,736468.0,751859.0
2023-07-10,842299.0,850998.0
2023-07-11,848747.0,877600.0
2023-07-12,833518.0,840464.0
2023-07-13,833589.0,826411.0
2023-07-14,818695.0,829397.0
2023-07-15,751714.0,756539.0
2023-07-16,726331.0,698626.0
2023-07-17,801926.0,771177.0
2023-07-18,806115.0,782158.0
2023-07-19,791877.0,773656.0
2023-07-20,792654.0,762854.0
2023-07-21,708381.0,673788.0
2023-07-22,740250.0,678657.0
2023-07-23,701238.0,674102.0
2023-07-24,765286.0,733343.0
2023-07-25,762939.0,734946.0
2023-07-26,760904.0,714008.0
2023-07-27,767804.0,750320.0
2023-07-28,779907.0,727890.0
2023-07-29,727467.0,683443.0
2023-07-30,702906.0,658086.0
2023-07-31,770916.0,749206.0
2023-08-01,781524.0,737619.0
2023-08-02,773939.0,744881.0
2023-08-03,779925.0,744324.0
2023-08-04,783656.0,738027.0
2023-08-05,724544.0,689015.0
2023-08-06,701095.0,674947.0
2023-08-07,790515.0,733481.0
2023-08-08,811885.0,748102.0
2023-08-09,799286.0,749301.0
2023-08-10,801729.0,785378.0
2023-08-11,800515.0,782013.0
2023-08-12,736076.0,712468.0
2023-08-13,712949.0,673353.0
2023-08-14,755460.0,729614.0
2023-08-15,712730.0,682002.0
2023-08-16,812860.0,806013.0
2023-08-17,829371.0,823914.0
2023-08-18,841410.0,835214.0
2023-08-19,778854.0,767267.0
2023-08-20,743188.0,726354.0
2023-08-21,845345.0,833821.0
2023-08-22,861777.0,848662.0
2023-08-23,859882.0,847860.0
2023-08-24,856297.0,873622.0
2023-08-25,855125.0,860070.0
2023-08-26,770778.0,738875.0
2023-08-27,726802.0,709721.0
2023-08-28,832355.0,830007.0
2023-08-29,852046.0,846683.0
2023-08-30,851660.0,838369.0
2023-08-31,855256.0,841055.0
2023-09-01,851745.0,849090.0
2023-09-02,753934.0,754674.0
2023-09-03,721439.0,724506.0
2023-09-04,841108.0,839911.0
2023-09-05,865428.0,866935.0
2023-09-06,869983.0,877747.0
2023-09-07,881898.0,898375.0
2023-09-08,878685.0,904872.0
2023-09-09,778862.0,811188.0
2023-09-10,756952.0,785584.0
2023-09-11,876231.0,895655.0
2023-09-12,891444.0,902745.0
2023-09-13,880894.0,891144.0
2023-09-14,883786.0,869940.0
2023-09-15,871197.0,866770.0
2023-09-16,774353.0,776191.0
2023-09-17,746516.0,753396.0
2023-09-18,867474.0,855241.0
2023-09-19,882082.0,858096.0
2023-09-20,872388.0,850828.0
2023-09-21,870877.0,872181.0
2023-09-22,873319.0,855518.0
2023-09-23,780250.0,770991.0
2023-09-24,738325.0,742061.0
2023-09-25,862035.0,844936.0
2023-09-26,873025.0,862129.0
2023-09-27,863826.0,858044.0
2023-09-28,869611.0,847590.0
2023-09-29,862386.0,835227.0
2023-09-30,761681.0,738780.0
2023-10-01,740483.0,698494.0
2023-10-02,841304.0,811347.0
2023-10-03,874044.0,841793.0
2023-10-04,862089.0,835771.0
2023-10-05,869484.0,844899.0
2023-10-06,852695.0,833309.0
2023-10-07,753434.0,761129.0
2023-10-08,724480.0,718533.0
2023-10-09,836343.0,835218.0
2023-10-10,864843.0,907542.0
2023-10-11,886249.0,852301.0
2023-10-12,873645.0,861416.0
2023-10-13,851016.0,856407.0
2023-10-14,779495.0,727791.0
2023-10-15,743594.0,733300.0
2023-10-16,862046.0,870605.0
2023-10-17,914958.0,892634.0
2023-10-18,877044.0,902296.0
2023-10-19,888668.0,902012.0
2023-10-20,876128.0,908761.0
2023-10-21,770182.0,795060.0
2023-10-22,749321.0,772192.0
2023-10-23,874621.0,901540.0
2023-10-24,910358.0,926249.0
2023-10-25,909988.0,939758.0
2023-10-26,906986.0,946101.0
2023-10-27,911851.0,922352.0
2023-10-28,798611.0,809154.0
2023-10-29,794599.0,817794.0
2023-10-30,891782.0,908183.0
2023-10-31,910309.0,909415.0
2023-11-01,801709.0,796219.0
2023-11-02,903782.0,885840.0
2023-11-03,894316.0,890357.0
2023-11-04,813688.0,823194.0
2023-11-05,789438.0,804960.0
2023-11-06,922805.0,901848.0
2023-11-07,911766.0,939122.0
2023-11-08,927626.0,934081.0
2023-11-09,922645.0,936734.0
2023-11-10,917119.0,941397.0
2023-11-11,826065.0,854961.0
2023-11-12,818502.0,854558.0
2023-11-13,926741.0,933974.0
2023-11-14,943228.0,957036.0
2023-11-15,943342.0,952352.0
2023-11-16,943464.0,966052.0
2023-11-17,943873.0,954085.0
2023-11-18,858180.0,865537.0
2023-11-19,809388.0,824106.0
2023-11-20,930263.0,939956.0
2023-11-21,960358.0,972203.0
2023-11-22,972375.0,982559.0
2023-11-23,972759.0,977829.0
2023-11-24,951081.0,965662.0
2023-11-25,872724.0,899015.0
2023-11-26,850935.0,872500.0
2023-11-27,973441.0,993602.0
2023-11-28,992398.0,1027167.0
2023-11-29,1008480.0,1035528.0
2023-11-30,1017551.0,1034523.0
2023-12-01,1017322.0,1044512.0
2023-12-02,938288.0,957992.0
2023-12-03,911178.0,931247.0
2023-12-04,1021711.0,1051095.0
2023-12-05,1053860.0,1054702.0
2023-12-06,1029322.0,1050177.0
2023-12-07,1026923.0,1052457.0
2023-12-08,1012436.0,1026200.0
2023-12-09,915534.0,913170.0
2023-12-10,858610.0,873080.0
2023-12-11,978216.0,995345.0
2023-12-12,1005632.0,987588.0
2023-12-13,1002346.0,993499.0
2023-12-14,1004220.0,1001222.0
2023-12-15,995777.0,984440.0
2023-12-16,914691.0,901485.0
2023-12-17,875897.0,870420.0
2023-12-18,994760.0,990611.0
2023-12-19,1003225.0,993685.0
2023-12-20,1001386.0,980936.0
2023-12-21,1010797.0,939626.0
2023-12-22,984686.0,911027.0
2023-12-23,855459.0,827322.0
2023-12-24,831881.0,783560.0
2023-12-25,787708.0,734260.0
2023-12-26,849977.0,812466.0
2023-12-27,864458.0,829141.0
2023-12-28,861093.0,813031.0
2023-12-29,872391.0,808396.0
2023-12-30,838884.0,788790.0
2023-12-31,830543.0,754034.0
2024-01-01,749561.0,736584.0
2024-01-02,876527.0,860674.0
2024-01-03,940789.0,914457.0
2024-01-04,960124.0,930437.0
2024-01-05,950827.0,932343.0
2024-01-06,856309.0,893556.0
2024-01-07,881867.0,903988.0
2024-01-08,1038830.0,1051283.0
2024-01-09,1071992.0,1088122.0
2024-01-10,1080328.0,1110734.0
2024-01-11,1080008.0,1124092.0
2024-01-12,1061549.0,1102771.0
2024-01-13,963412.0,982614.0
2024-01-14,928296.0,954873.0
2024-01-15,1052671.0,1079101.0
2024-01-16,1072148.0,1098650.0
2024-01-17,1106382.0,1122728.0
2024-01-18,1105527.0,1101975.0
2024-01-19,1092341.0,1112024.0
2024-01-20,986480.0,1013051.0
2024-01-21,964914.0,936218.0
2024-01-22,1029215.0,991356.0
2024-01-23,1029070.0,1014264.0
2024-01-24,1013467.0,979004.0
2024-01-25,999316.0,1010901.0
2024-01-26,1015200.0,981349.0
2024-01-27,920965.0,935290.0
2024-01-28,894100.0,886518.0
2024-01-29,976350.0,972681.0
2024-01-30,995369.0,988521.0
2024-01-31,990804.0,995824.0
2024-02-01,1010176.0,1001770.0
2024-02-02,993180.0,993832.0
2024-02-03,910050.0,913207.0
2024-02-04,845145.0,867598.0
2024-02-05,961619.0,960255.0
2024-02-06,981541.0,986040.0
2024-02-07,985080.0,1010039.0
2024-02-08,1011077.0,1030893.0
2024-02-09,993849.0,970510.0
2024-02-10,891465.0,902226.0
2024-02-11,861193.0,870377.0
2024-02-12,975389.0,971249.0
2024-02-13,1003093.0,981832.0
2024-02-14,1009875.0,969823.0
2024-02-15,1003140.0,958955.0
2024-02-16,958403.0,959112.0
2024-02-17,879856.0,885549.0
2024-02-18,852739.0,861988.0
2024-02-19,960418.0,968036.0
2024-02-20,976410.0,987386.0
2024-02-21,974005.0,990168.0
2024-02-22,973359.0,984234.0
2024-02-23,969912.0,986295.0
2024-02-24,902021.0,909124.0
2024-02-25,867492.0,862477.0
2024-02-26,975802.0,999720.0
2024-02-27,1000424.0,1024912.0
2024-02-28,1003443.0,1009253.0
2024-02-29,996006.0,1008219.0
2024-03-01,975090.0,985943.0
2024-03-02,899342.0,900526.0
2024-03-03,852417.0,873565.0
2024-03-04,970915.0,969929.0
2024-03-05,997171.0,986125.0
2024-03-06,986429.0,967519.0
2024-03-07,976530.0,953618.0
2024-03-08,956932.0,924967.0
2024-03-09,863398.0,838867.0
2024-03-10,829562.0,828098.0
2024-03-11,951995.0,954962.0
2024-03-12,979275.0,967759.0
2024-03-13,960739.0,953645.0
2024-03-14,936717.0,919968.0
2024-03-15,912881.0,909224.0
2024-03-16,834896.0,844531.0
2024-03-17,829482.0,830046.0
2024-03-18,940320.0,917425.0
2024-03-19,939170.0,919603.0
2024-03-20,927348.0,911949.0
2024-03-21,914012.0,940992.0
2024-03-22,912772.0,949709.0
2024-03-23,862900.0,870897.0
2024-03-24,850066.0,841407.0
2024-03-25,936075.0,932804.0
2024-03-26,936948.0,936948.0
2024-03-27,929247.0,936491.0
2024-03-28,943225.0,931260.0
2024-03-29,932400.0,940683.0
2024-03-30,847597.0,852149.0
2024-03-31,797142.0,757783.0
2024-04-01,804705.0,804856.0
2024-04-02,944177.0,814407.0
2024-04-03,932268.0,888026.0
2024-04-04,935663.0,921253.0
2024-04-05,927450.0,907648.0
2024-04-06,828260.0,816359.0
2024-04-07,789956.0,790023.0
2024-04-08,884693.0,883627.0
2024-04-09,917922.0,902933.0
2024-04-10,881171.0,894567.0
2024-04-11,884596.0,916352.0
2024-04-12,906862.0,907478.0
2024-04-13,825253.0,815300.0
2024-04-14,790011.0,776029.0
2024-04-15,899176.0,901180.0
2024-04-16,927205.0,929802.0
2024-04-17,926510.0,913479.0
2024-04-18,931420.0,915894.0
2024-04-19,928033.0,937791.0
2024-04-20,844518.0,851006.0
2024-04-21,816112.0,809075.0
2024-04-22,926414.0,922438.0
2024-04-23,941511.0,931819.0
2024-04-24,922839.0,939969.0
2024-04-25,938848.0,937505.0
2024-04-26,938440.0,924396.0
2024-04-27,838751.0,811424.0
2024-04-28,777899.0,773353.0
2024-04-29,885627.0,878996.0
2024-04-30,890261.0,880828.0
2024-05-01,769328.0,770142.0
2024-05-02,877021.0,872042.0
2024-05-03,884667.0,881241.0
2024-05-04,804785.0,799861.0
2024-05-05,769097.0,765258.0
2024-05-06,876718.0,875978.0
2024-05-07,890433.0,888867.0
2024-05-08,889317.0,883820.0
2024-05-09,775462.0,760602.0
2024-05-10,825364.0,797217.0
2024-05-11,786840.0,765187.0
2024-05-12,752449.0,745161.0
2024-05-13,866971.0,865315.0
2024-05-14,875593.0,874896.0
2024-05-15,881230.0,894469.0
2024-05-16,890994.0,886072.0
2024-05-17,882094.0,870186.0
2024-05-18,789409.0,790686.0
2024-05-19,745620.0,751345.0
2024-05-20,750581.0,744727.0
2024-05-21,862715.0,862740.0
2024-05-22,876856.0,772673.0
2024-05-23,870416.0,874598.0
2024-05-24,861322.0,871037.0
2024-05-25,773555.0,774021.0
2024-05-26,738861.0,743901.0
2024-05-27,858806.0,863889.0
2024-05-28,871643.0,866328.0
2024-05-29,873774.0,869674.0
2024-05-30,870548.0,867750.0
2024-05-31,868846.0,860316.0
2024-06-01,776561.0,791221.0
2024-06-02,748560.0,753139.0
2024-06-03,865990.0,856704.0
2024-06-04,863404.0,872520.0
2024-06-05,868019.0,880874.0
2024-06-06,872230.0,857977.0
2024-06-07,860274.0,849463.0
2024-06-08,770303.0,765949.0
2024-06-09,738651.0,745289.0
2024-06-10,857965.0,843454.0
2024-06-11,874056.0,847440.0
2024-06-12,876690.0,853256.0
2024-06-13,861167.0,849052.0
2024-06-14,847930.0,834823.0
2024-06-15,767762.0,754920.0
2024-06-16,740011.0,748736.0
2024-06-17,847966.0,855896.0
2024-06-18,860807.0,867951.0
2024-06-19,861214.0,866644.0
2024-06-20,861620.0,864867.0
2024-06-21,845156.0,875442.0
2024-06-22,768290.0,781184.0
2024-06-23,749658.0,748910.0
2024-06-24,850914.0,874323.0
2024-06-25,865562.0,901164.0
2024-06-26,877607.0,911515.0
2024-06-27,887311.0,917414.0
2024-06-28,875191.0,868547.0
2024-06-29,781319.0,793239.0
2024-06-30,748084.0,762329.0
2024-07-01,861712.0,841559.0
2024-07-02,881170.0,867964.0
2024-07-03,879176.0,869230.0
2024-07-04,873029.0,854425.0
2024-07-05,857186.0,849407.0
2024-07-06,778002.0,764955.0
2024-07-07,738044.0,709815.0
2024-07-08,839085.0,838256.0
2024-07-09,853429.0,865230.0
2024-07-10,853225.0,861795.0
2024-07-11,844854.0,855692.0
2024-07-12,828127.0,850275.0
2024-07-13,759647.0,748698.0
2024-07-14,716493.0,725349.0
2024-07-15,804562.0,817535.0
2024-07-16,824785.0,816947.0
2024-07-17,815478.0,826181.0
2024-07-18,817870.0,847184.0
2024-07-19,808420.0,840760.0
2024-07-20,748076.0,773921.0
2024-07-21,712692.0,727694.0
2024-07-22,766707.0,789721.0
2024-07-23,783211.0,784587.0
2024-07-24,784962.0,785986.0
2024-07-25,786955.0,774569.0
2024-07-26,784169.0,786958.0
2024-07-27,730282.0,722886.0
2024-07-28,698092.0,689468.0
2024-07-29,771295.0,792427.0
2024-07-30,798040.0,815603.0
2024-07-31,812680.0,810638.0
2024-08-01,808673.0,808697.0
2024-08-02,799390.0,806680.0
2024-08-03,743739.0,725623.0
2024-08-04,708666.0,698281.0
2024-08-05,798165.0,807480.0
2024-08-06,827549.0,826117.0
2024-08-07,833176.0,810596.0
2024-08-08,835124.0,819447.0
2024-08-09,821094.0,826224.0
2024-08-10,746907.0,748560.0
2024-08-11,722024.0,742852.0
2024-08-12,831624.0,883151.0
2024-08-13,868678.0,894388.0
2024-08-14,871364.0,864729.0
2024-08-15,750450.0,774228.0
2024-08-16,808526.0,793723.0
2024-08-17,784362.0,779316.0
2024-08-18,741539.0,731651.0
2024-08-19,850500.0,840281.0
2024-08-20,875350.0,865618.0
2024-08-21,874602.0,870006.0
2024-08-22,871406.0,870488.0
2024-08-23,870047.0,869015.0
2024-08-24,782469.0,786665.0
2024-08-25,739565.0,755119.0
2024-08-26,848527.0,860783.0
2024-08-27,876683.0,880061.0
2024-08-28,882631.0,901955.0
2024-08-29,882883.0,899276.0
2024-08-30,873966.0,888645.0
2024-08-31,781684.0,800431.0
2024-09-01,762848.0,792492.0
2024-09-02,881887.0,917479.0
2024-09-03,905518.0,915480.0
2024-09-04,905038.0,910194.0
2024-09-05,904812.0,907622.0
2024-09-06,890488.0,911603.0
2024-09-07,809961.0,788264.0
2024-09-08,769033.0,755915.0
2024-09-09,878109.0,860038.0
2024-09-10,893112.0,873145.0
2024-09-11,900871.0,862276.0
2024-09-12,893670.0,859248.0
2024-09-13,881100.0,877275.0
2024-09-14,789457.0,796221.0
2024-09-15,763240.0,764608.0
2024-09-16,877554.0,872941.0
2024-09-17,881301.0,888125.0
2024-09-18,872782.0,887134.0
2024-09-19,873802.0,891325.0
2024-09-20,877438.0,890866.0
2024-09-21,789574.0,799101.0
2024-09-22,764006.0,765510.0
2024-09-23,881983.0,871857.0
2024-09-24,892288.0,883157.0
2024-09-25,890996.0,885069.0
2024-09-26,898689.0,884024.0
2024-09-27,886849.0,873080.0
2024-09-28,805885.0,801809.0
2024-09-29,774763.0,762490.0
2024-09-30,890290.0,870274.0
2024-10-01,892381.0,878017.0
2024-10-02,894296.0,896298.0
2024-10-03,901294.0,898701.0
2024-10-04,889098.0,894667.0
2024-10-05,805913.0,802012.0
2024-10-06,770759.0,782794.0
2024-10-07,876233.0,883986.0
2024-10-08,888215.0,886118.0
2024-10-09,899637.0,895801.0
2024-10-10,897266.0,909032.0
2024-10-11,905938.0,905962.0
2024-10-12,820735.0,808550.0
2024-10-13,786831.0,785767.0
2024-10-14,906150.0,926836.0
2024-10-15,919331.0,940183.0
2024-10-16,917916.0,909967.0
2024-10-17,906724.0,901994.0
2024-10-18,896078.0,894097.0
2024-10-19,803302.0,787335.0
2024-10-20,774227.0,764208.0
2024-10-21,896547.0,909417.0
2024-10-22,914522.0,915727.0
2024-10-23,913850.0,929073.0
2024-10-24,917613.0,926648.0
2024-10-25,906441.0,899351.0
2024-10-26,793198.0,813406.0
2024-10-27,807996.0,811180.0
2024-10-28,905384.0,884620.0
2024-10-29,898783.0,899799.0
2024-10-30,910718.0,916813.0
2024-10-31,906955.0,925379.0
2024-11-01,809089.0,824809.0
2024-11-02,813037.0,819129.0
2024-11-03,816890.0,806779.0
2024-11-04,932439.0,945387.0
2024-11-05,934301.0,976073.0
2024-11-06,949106.0,982782.0
2024-11-07,950816.0,976456.0
2024-11-08,947561.0,988351.0
2024-11-09,856279.0,882327.0
2024-11-10,834369.0,842464.0
2024-11-11,862238.0,840703.0
2024-11-12,959887.0,951098.0
2024-11-13,965477.0,981362.0
2024-11-14,972060.0,982557.0
2024-11-15,957367.0,985050.0
2024-11-16,878841.0,893552.0
2024-11-17,846736.0,869687.0
2024-11-18,967387.0,986968.0
2024-11-19,981341.0,989803.0
2024-11-20,985896.0,1013208.0
2024-11-21,1006657.0,1042546.0
2024-11-22,1009825.0,1001882.0
2024-11-23,912566.0,929807.0
2024-11-24,863601.0,839652.0
2024-11-25,964216.0,915687.0
2024-11-26,969524.0,945582.0
2024-11-27,993036.0,939380.0
2024-11-28,982402.0,966942.0
2024-11-29,964979.0,978190.0
2024-11-30,899225.0,892937.0
2024-12-01,871601.0,855193.0
2024-12-02,978910.0,942527.0
2024-12-03,981588.0,976236.0
2024-12-04,997772.0,971428.0
2024-12-05,1015174.0,1007432.0
2024-12-06,991293.0,992166.0
2024-12-07,894753.0,877750.0
2024-12-08,857883.0,839523.0
2024-12-09,985901.0,966187.0
2024-12-10,1005396.0,1001981.0
2024-12-11,1014889.0,1022495.0
2024-12-12,1022053.0,1029364.0
2024-12-13,1016514.0,1032265.0
2024-12-14,926900.0,925280.0
2024-12-15,878390.0,876762.0
2024-12-16,982107.0,993085.0
2024-12-17,991068.0,1009476.0
2024-12-18,1007104.0,985381.0
2024-12-19,999704.0,971724.0
2024-12-20,1001745.0,970508.0
2024-12-21,918260.0,889715.0
2024-12-22,871014.0,877178.0
2024-12-23,859787.0,916921.0
2024-12-24,860891.0,897005.0
2024-12-25,814204.0,788175.0
2024-12-26,869108.0,859824.0
2024-12-27,879554.0,883626.0
2024-12-28,843563.0,868527.0
2024-12-29,844285.0,851387.0
2024-12-30,868955.0,901398.0
2024-12-31,878174.0,893674.0
