Date,Day-ahead Total Load Forecast [MW] - BZN|CZ,Actual Total Load [MW] - BZN|CZ
2019-01-01,154901.0,148723.0
2019-01-02,188383.0,191535.0
2019-01-03,204858.0,208335.0
2019-01-04,213913.0,211672.0
2019-01-05,196103.0,186076.0
2019-01-06,190328.0,182553.0
2019-01-07,213446.0,216406.0
2019-01-08,222406.0,219091.0
2019-01-09,222725.0,219736.0
2019-01-10,221552.0,219834.0
2019-01-11,221115.0,220664.0
2019-01-12,193960.0,191403.0
2019-01-13,191919.0,184620.0
2019-01-14,215418.0,214784.0
2019-01-15,218037.0,219876.0
2019-01-16,222179.0,215467.0
2019-01-17,215623.0,214754.0
2019-01-18,215528.0,213693.0
2019-01-19,192659.0,194738.0
2019-01-20,199932.0,192979.0
2019-01-21,225869.0,227941.0
2019-01-22,230750.0,235809.0
2019-01-23,233965.0,237888.0
2019-01-24,237809.0,235722.0
2019-01-25,230157.0,231038.0
2019-01-26,203901.0,203371.0
2019-01-27,194316.0,191359.0
2019-01-28,223416.0,221765.0
2019-01-29,225412.0,224230.0
2019-01-30,224619.0,225692.0
2019-01-31,230987.0,224237.0
2019-02-01,222741.0,217621.0
2019-02-02,193104.0,185329.0
2019-02-03,189968.0,185495.0
2019-02-04,221384.0,217938.0
2019-02-05,224057.0,224502.0
2019-02-06,227429.0,224801.0
2019-02-07,222890.0,225647.0
2019-02-08,222647.0,216910.0
2019-02-09,193410.0,189201.0
2019-02-10,182278.0,181774.0
2019-02-11,215550.0,212315.0
2019-02-12,217458.0,217785.0
2019-02-13,220130.0,216888.0
2019-02-14,217101.0,211218.0
2019-02-15,207784.0,205923.0
2019-02-16,183983.0,181164.0
2019-02-17,190485.0,175634.0
2019-02-18,210327.0,205937.0
2019-02-19,213841.0,208590.0
2019-02-20,210981.0,208841.0
2019-02-21,211087.0,209506.0
2019-02-22,208384.0,206438.0
2019-02-23,183155.0,186922.0
2019-02-24,185557.0,183371.0
2019-02-25,214772.0,205779.0
2019-02-26,213299.0,204011.0
2019-02-27,202758.0,201340.0
2019-02-28,204275.0,197593.0
2019-03-01,200166.0,196361.0
2019-03-02,177579.0,175982.0
2019-03-03,171272.0,169860.0
2019-03-04,194933.0,193559.0
2019-03-05,198178.0,200647.0
2019-03-06,202749.0,197787.0
2019-03-07,200744.0,196169.0
2019-03-08,192507.0,194303.0
2019-03-09,169989.0,172053.0
2019-03-10,166377.0,165505.0
2019-03-11,195091.0,198300.0
2019-03-12,195681.0,203699.0
2019-03-13,202138.0,203939.0
2019-03-14,199913.0,205178.0
2019-03-15,198077.0,199808.0
2019-03-16,172127.0,175759.0
2019-03-17,159556.0,164764.0
2019-03-18,199187.0,198725.0
2019-03-19,200327.0,204113.0
2019-03-20,201574.0,202499.0
2019-03-21,198345.0,200160.0
2019-03-22,195991.0,192811.0
2019-03-23,166049.0,162998.0
2019-03-24,160300.0,162007.0
2019-03-25,192117.0,195177.0
2019-03-26,194471.0,200249.0
2019-03-27,195279.0,200283.0
2019-03-28,196050.0,193180.0
2019-03-29,191008.0,191148.0
2019-03-30,166057.0,164047.0
2019-03-31,153560.0,145175.0
2019-04-01,188343.0,188300.0
2019-04-02,187600.0,188916.0
2019-04-03,189388.0,185115.0
2019-04-04,180378.0,187076.0
2019-04-05,180382.0,184179.0
2019-04-06,161817.0,160582.0
2019-04-07,152414.0,155911.0
2019-04-08,183743.0,186018.0
2019-04-09,184901.0,187540.0
2019-04-10,184140.0,192421.0
2019-04-11,191837.0,196124.0
2019-04-12,189130.0,198474.0
2019-04-13,166697.0,174246.0
2019-04-14,163689.0,168559.0
2019-04-15,195448.0,193199.0
2019-04-16,190358.0,195513.0
2019-04-17,191741.0,195446.0
2019-04-18,187565.0,188471.0
2019-04-19,157416.0,157030.0
2019-04-20,145520.0,148631.0
2019-04-21,148618.0,142651.0
2019-04-22,137090.0,140443.0
2019-04-23,170576.0,181568.0
2019-04-24,176781.0,184151.0
2019-04-25,176012.0,182362.0
2019-04-26,176317.0,179315.0
2019-04-27,155330.0,157131.0
2019-04-28,151421.0,153742.0
2019-04-29,181023.0,189037.0
2019-04-30,181083.0,183985.0
2019-05-01,158816.0,161141.0
2019-05-02,181220.0,178840.0
2019-05-03,179575.0,179773.0
2019-05-04,160007.0,159092.0
2019-05-05,154446.0,158001.0
2019-05-06,189330.0,188169.0
2019-05-07,185070.0,188745.0
2019-05-08,163979.0,164571.0
2019-05-09,184816.0,184103.0
2019-05-10,176144.0,177610.0
2019-05-11,158930.0,156055.0
2019-05-12,149585.0,155196.0
2019-05-13,181848.0,184862.0
2019-05-14,185281.0,190152.0
2019-05-15,187119.0,195319.0
2019-05-16,188709.0,193716.0
2019-05-17,184777.0,184494.0
2019-05-18,155785.0,154756.0
2019-05-19,153374.0,149119.0
2019-05-20,181446.0,181241.0
2019-05-21,184347.0,180875.0
2019-05-22,181097.0,186175.0
2019-05-23,178603.0,183847.0
2019-05-24,177688.0,176671.0
2019-05-25,150062.0,148794.0
2019-05-26,144745.0,145236.0
2019-05-27,172000.0,177084.0
2019-05-28,178892.0,179855.0
2019-05-29,176098.0,180343.0
2019-05-30,177570.0,178678.0
2019-05-31,168613.0,173950.0
2019-06-01,140874.0,148439.0
2019-06-02,139825.0,145475.0
2019-06-03,171905.0,177048.0
2019-06-04,175262.0,180315.0
2019-06-05,173806.0,180655.0
2019-06-06,172953.0,179550.0
2019-06-07,169002.0,174359.0
2019-06-08,141466.0,146510.0
2019-06-09,137419.0,143440.0
2019-06-10,168216.0,177288.0
2019-06-11,176031.0,182676.0
2019-06-12,176716.0,184323.0
2019-06-13,178413.0,182271.0
2019-06-14,172712.0,178505.0
2019-06-15,142768.0,152457.0
2019-06-16,141370.0,144144.0
2019-06-17,170135.0,174953.0
2019-06-18,172924.0,177952.0
2019-06-19,174529.0,180332.0
2019-06-20,175451.0,179299.0
2019-06-21,171056.0,176187.0
2019-06-22,142242.0,149672.0
2019-06-23,137025.0,145347.0
2019-06-24,170810.0,177040.0
2019-06-25,173297.0,183348.0
2019-06-26,177786.0,186607.0
2019-06-27,178933.0,185424.0
2019-06-28,176630.0,173499.0
2019-06-29,141601.0,146596.0
2019-06-30,136617.0,145650.0
2019-07-01,170390.0,178959.0
2019-07-02,174506.0,177411.0
2019-07-03,172473.0,173598.0
2019-07-04,163130.0,169164.0
2019-07-05,141761.0,143553.0
2019-07-06,134891.0,139039.0
2019-07-07,133835.0,139366.0
2019-07-08,164456.0,168112.0
2019-07-09,166319.0,170605.0
2019-07-10,168238.0,170113.0
2019-07-11,165539.0,170433.0
2019-07-12,160751.0,167347.0
2019-07-13,137031.0,143419.0
2019-07-14,134166.0,139014.0
2019-07-15,161350.0,166884.0
2019-07-16,163275.0,169678.0
2019-07-17,162950.0,170351.0
2019-07-18,163016.0,171517.0
2019-07-19,162857.0,167820.0
2019-07-20,138293.0,145149.0
2019-07-21,134999.0,140929.0
2019-07-22,167588.0,165497.0
2019-07-23,160033.0,169738.0
2019-07-24,164130.0,169884.0
2019-07-25,164495.0,170941.0
2019-07-26,162775.0,166363.0
2019-07-27,136948.0,141667.0
2019-07-28,135009.0,137344.0
2019-07-29,158763.0,160320.0
2019-07-30,157211.0,162802.0
2019-07-31,156135.0,161274.0
2019-08-01,155713.0,158465.0
2019-08-02,149733.0,155644.0
2019-08-03,128150.0,135753.0
2019-08-04,130067.0,133416.0
2019-08-05,158143.0,160808.0
2019-08-06,158080.0,167290.0
2019-08-07,159147.0,169053.0
2019-08-08,162360.0,167095.0
2019-08-09,157190.0,165530.0
2019-08-10,137181.0,145127.0
2019-08-11,136012.0,142034.0
2019-08-12,162704.0,171202.0
2019-08-13,168413.0,171950.0
2019-08-14,164943.0,170679.0
2019-08-15,166407.0,170534.0
2019-08-16,164389.0,168031.0
2019-08-17,142281.0,143873.0
2019-08-18,137397.0,143650.0
2019-08-19,168987.0,174901.0
2019-08-20,175365.0,178840.0
2019-08-21,172289.0,174602.0
2019-08-22,170686.0,172707.0
2019-08-23,166122.0,169756.0
2019-08-24,145346.0,147275.0
2019-08-25,141443.0,145390.0
2019-08-26,171089.0,178133.0
2019-08-27,176686.0,181885.0
2019-08-28,175563.0,182772.0
2019-08-29,179075.0,181529.0
2019-08-30,173504.0,176715.0
2019-08-31,149820.0,151137.0
2019-09-01,144545.0,148310.0
2019-09-02,175296.0,176020.0
2019-09-03,179214.0,175025.0
2019-09-04,175573.0,175834.0
2019-09-05,171980.0,175891.0
2019-09-06,170643.0,171912.0
2019-09-07,147952.0,148910.0
2019-09-08,144162.0,145737.0
2019-09-09,173926.0,177608.0
2019-09-10,178113.0,177874.0
2019-09-11,176093.0,179070.0
2019-09-12,174952.0,178933.0
2019-09-13,170001.0,175264.0
2019-09-14,148799.0,148895.0
2019-09-15,142438.0,146871.0
2019-09-16,175634.0,178374.0
2019-09-17,177344.0,181230.0
2019-09-18,182437.0,180850.0
2019-09-19,180307.0,183737.0
2019-09-20,178702.0,181838.0
2019-09-21,154732.0,156269.0
2019-09-22,150187.0,150970.0
2019-09-23,181750.0,183212.0
2019-09-24,185113.0,183897.0
2019-09-25,183051.0,184974.0
2019-09-26,182579.0,183145.0
2019-09-27,178164.0,180264.0
2019-09-28,154007.0,151193.0
2019-09-29,143664.0,149948.0
2019-09-30,177551.0,179513.0
2019-10-01,179384.0,181851.0
2019-10-02,184153.0,188175.0
2019-10-03,184209.0,190901.0
2019-10-04,185112.0,187400.0
2019-10-05,159290.0,164891.0
2019-10-06,156585.0,160246.0
2019-10-07,187522.0,192829.0
2019-10-08,194747.0,198419.0
2019-10-09,193350.0,194080.0
2019-10-10,190623.0,194277.0
2019-10-11,186189.0,187027.0
2019-10-12,158816.0,156990.0
2019-10-13,152594.0,151349.0
2019-10-14,179273.0,182431.0
2019-10-15,182416.0,184043.0
2019-10-16,185799.0,187987.0
2019-10-17,188976.0,186248.0
2019-10-18,184022.0,183806.0
2019-10-19,157991.0,160321.0
2019-10-20,154441.0,154541.0
2019-10-21,184965.0,184862.0
2019-10-22,191074.0,189454.0
2019-10-23,191500.0,189127.0
2019-10-24,186596.0,187308.0
2019-10-25,180261.0,184704.0
2019-10-26,159624.0,158315.0
2019-10-27,153278.0,156982.0
2019-10-28,162632.0,158853.0
2019-10-29,193384.0,193916.0
2019-10-30,201907.0,199549.0
2019-10-31,201295.0,204527.0
2019-11-01,204235.0,200992.0
2019-11-02,172548.0,172251.0
2019-11-03,161966.0,163418.0
2019-11-04,191292.0,193414.0
2019-11-05,196841.0,197759.0
2019-11-06,200902.0,196972.0
2019-11-07,204391.0,197399.0
2019-11-08,196185.0,194864.0
2019-11-09,167720.0,172171.0
2019-11-10,168521.0,172442.0
2019-11-11,204580.0,207127.0
2019-11-12,208794.0,208870.0
2019-11-13,206052.0,209386.0
2019-11-14,209437.0,207601.0
2019-11-15,203479.0,200232.0
2019-11-16,171113.0,169945.0
2019-11-17,171432.0,162918.0
2019-11-18,191716.0,196682.0
2019-11-19,191182.0,202928.0
2019-11-20,206743.0,203354.0
2019-11-21,203364.0,202262.0
2019-11-22,197672.0,197870.0
2019-11-23,172288.0,157601.0
2019-11-24,170611.0,168299.0
2019-11-25,198683.0,201370.0
2019-11-26,206697.0,206992.0
2019-11-27,204849.0,207787.0
2019-11-28,207018.0,205359.0
2019-11-29,200341.0,201371.0
2019-11-30,175386.0,178801.0
2019-12-01,179209.0,178590.0
2019-12-02,211268.0,213709.0
2019-12-03,219226.0,216559.0
2019-12-04,214276.0,218327.0
2019-12-05,222807.0,224159.0
2019-12-06,217992.0,220987.0
2019-12-07,193966.0,191799.0
2019-12-08,182756.0,180095.0
2019-12-09,209816.0,209949.0
2019-12-10,215188.0,213685.0
2019-12-11,217354.0,221440.0
2019-12-12,229496.0,224764.0
2019-12-13,221918.0,218647.0
2019-12-14,192547.0,188542.0
2019-12-15,182180.0,179705.0
2019-12-16,210672.0,205767.0
2019-12-17,211150.0,206330.0
2019-12-18,210882.0,201152.0
2019-12-19,204660.0,195901.0
2019-12-20,197260.0,177925.0
2019-12-21,160688.0,161327.0
2019-12-22,160042.0,157682.0
2019-12-23,171018.0,159521.0
2019-12-24,141161.0,140678.0
2019-12-25,137180.0,138229.0
2019-12-26,145137.0,143999.0
2019-12-27,160048.0,157518.0
2019-12-28,159575.0,160016.0
2019-12-29,162228.0,161757.0
2019-12-30,175565.0,168507.0
2019-12-31,161398.0,158142.0
2020-01-01,148859.0,148136.0
2020-01-02,184611.0,185337.0
2020-01-03,195301.0,193272.0
2020-01-04,184448.0,176105.0
2020-01-05,173253.0,175621.0
2020-01-06,217051.0,209466.0
2020-01-07,221235.0,218021.0
2020-01-08,218788.0,215240.0
2020-01-09,210617.0,212232.0
2020-01-10,217929.0,205616.0
2020-01-11,190394.0,180164.0
2020-01-12,180291.0,178471.0
2020-01-13,210698.0,214255.0
2020-01-14,219265.0,220375.0
2020-01-15,218324.0,221808.0
2020-01-16,220335.0,220942.0
2020-01-17,213711.0,219009.0
2020-01-18,195355.0,193633.0
2020-01-19,189201.0,186665.0
2020-01-20,219951.0,218584.0
2020-01-21,222417.0,226148.0
2020-01-22,221398.0,228001.0
2020-01-23,228737.0,223634.0
2020-01-24,216965.0,225587.0
2020-01-25,195795.0,198614.0
2020-01-26,196777.0,194282.0
2020-01-27,222036.0,223333.0
2020-01-28,221724.0,223564.0
2020-01-29,218110.0,223821.0
2020-01-30,220760.0,221315.0
2020-01-31,213348.0,210311.0
2020-02-01,182034.0,178300.0
2020-02-02,175244.0,171894.0
2020-02-03,203010.0,202990.0
2020-02-04,208856.0,210222.0
2020-02-05,210385.0,215365.0
2020-02-06,211859.0,220052.0
2020-02-07,217819.0,215006.0
2020-02-08,184931.0,187755.0
2020-02-09,178099.0,182670.0
2020-02-10,202441.0,206997.0
2020-02-11,206432.0,214542.0
2020-02-12,212762.0,219819.0
2020-02-13,215454.0,217279.0
2020-02-14,211983.0,210952.0
2020-02-15,181300.0,182538.0
2020-02-16,175721.0,177287.0
2020-02-17,205025.0,206559.0
2020-02-18,205999.0,209428.0
2020-02-19,210048.0,214185.0
2020-02-20,212185.0,212554.0
2020-02-21,207842.0,210596.0
2020-02-22,176542.0,182587.0
2020-02-23,176532.0,174906.0
2020-02-24,196298.0,205455.0
2020-02-25,206038.0,208766.0
2020-02-26,208929.0,211066.0
2020-02-27,205547.0,212015.0
2020-02-28,210548.0,212682.0
2020-02-29,180772.0,186789.0
2020-03-01,176715.0,177074.0
2020-03-02,200460.0,204069.0
2020-03-03,205940.0,209763.0
2020-03-04,204258.0,209178.0
2020-03-05,207926.0,207696.0
2020-03-06,206127.0,207239.0
2020-03-07,174168.0,183029.0
2020-03-08,169679.0,177035.0
2020-03-09,205973.0,209033.0
2020-03-10,210381.0,209846.0
2020-03-11,205575.0,206636.0
2020-03-12,196534.0,200220.0
2020-03-13,189695.0,196983.0
2020-03-14,171826.0,173686.0
2020-03-15,168241.0,170705.0
2020-03-16,193262.0,196316.0
2020-03-17,191805.0,198158.0
2020-03-18,193844.0,192979.0
2020-03-19,192926.0,187276.0
2020-03-20,184701.0,182026.0
2020-03-21,158772.0,168246.0
2020-03-22,159915.0,168951.0
2020-03-23,188455.0,194437.0
2020-03-24,190973.0,197024.0
2020-03-25,187421.0,195776.0
2020-03-26,188077.0,192914.0
2020-03-27,181708.0,180171.0
2020-03-28,152547.0,156948.0
2020-03-29,143559.0,151446.0
2020-03-30,187408.0,183560.0
2020-03-31,183278.0,186897.0
2020-04-01,179586.0,187950.0
2020-04-02,183726.0,184304.0
2020-04-03,180556.0,180814.0
2020-04-04,154519.0,157010.0
2020-04-05,146144.0,151286.0
2020-04-06,169679.0,168521.0
2020-04-07,165830.0,168439.0
2020-04-08,163946.0,166981.0
2020-04-09,158399.0,161464.0
2020-04-10,135615.0,139380.0
2020-04-11,131778.0,135845.0
2020-04-12,134967.0,131501.0
2020-04-13,118511.0,133376.0
2020-04-14,164669.0,164929.0
2020-04-15,161190.0,169252.0
2020-04-16,160044.0,164244.0
2020-04-17,154058.0,158751.0
2020-04-18,132058.0,138647.0
2020-04-19,131408.0,137809.0
2020-04-20,153710.0,162855.0
2020-04-21,157891.0,165787.0
2020-04-22,157511.0,164331.0
2020-04-23,156708.0,161363.0
2020-04-24,156381.0,156375.0
2020-04-25,132516.0,138360.0
2020-04-26,128365.0,138075.0
2020-04-27,161352.0,161247.0
2020-04-28,159188.0,160170.0
2020-04-29,160922.0,162847.0
2020-04-30,160777.0,155254.0
2020-05-01,137067.0,132019.0
2020-05-02,138854.0,129647.0
2020-05-03,133767.0,131736.0
2020-05-04,158924.0,160520.0
2020-05-05,163481.0,166076.0
2020-05-06,167501.0,169508.0
2020-05-07,164275.0,160470.0
2020-05-08,137147.0,134179.0
2020-05-09,131912.0,129908.0
2020-05-10,128490.0,130870.0
2020-05-11,157055.0,163092.0
2020-05-12,163481.0,167748.0
2020-05-13,167909.0,169263.0
2020-05-14,167050.0,168571.0
2020-05-15,165834.0,165799.0
2020-05-16,138520.0,139094.0
2020-05-17,134994.0,135184.0
2020-05-18,159601.0,161095.0
2020-05-19,160929.0,162547.0
2020-05-20,161523.0,161453.0
2020-05-21,160369.0,159958.0
2020-05-22,157504.0,155494.0
2020-05-23,133984.0,136959.0
2020-05-24,132624.0,133262.0
2020-05-25,164204.0,164145.0
2020-05-26,165114.0,166643.0
2020-05-27,164363.0,165290.0
2020-05-28,165325.0,166310.0
2020-05-29,163629.0,159182.0
2020-05-30,136979.0,136789.0
2020-05-31,136923.0,138750.0
2020-06-01,162103.0,163299.0
2020-06-02,162740.0,165110.0
2020-06-03,164709.0,165778.0
2020-06-04,164096.0,164609.0
2020-06-05,161770.0,160278.0
2020-06-06,134791.0,135862.0
2020-06-07,132901.0,133910.0
2020-06-08,162043.0,163826.0
2020-06-09,163025.0,166766.0
2020-06-10,166746.0,169655.0
2020-06-11,167055.0,165555.0
2020-06-12,163413.0,160331.0
2020-06-13,138931.0,136970.0
2020-06-14,135185.0,133712.0
2020-06-15,162002.0,162716.0
2020-06-16,163849.0,164307.0
2020-06-17,164986.0,165827.0
2020-06-18,166476.0,167812.0
2020-06-19,162030.0,161710.0
2020-06-20,137291.0,138090.0
2020-06-21,133225.0,134810.0
2020-06-22,164087.0,164893.0
2020-06-23,165038.0,166452.0
2020-06-24,166771.0,167489.0
2020-06-25,167399.0,165360.0
2020-06-26,164055.0,159693.0
2020-06-27,138663.0,136058.0
2020-06-28,136079.0,135699.0
2020-06-29,163391.0,165267.0
2020-06-30,164568.0,165088.0
2020-07-01,165771.0,169378.0
2020-07-02,165847.0,170139.0
2020-07-03,159484.0,162872.0
2020-07-04,130945.0,135154.0
2020-07-05,129925.0,128813.0
2020-07-06,132948.0,134337.0
2020-07-07,153567.0,157370.0
2020-07-08,160624.0,161475.0
2020-07-09,162981.0,163898.0
2020-07-10,162023.0,163097.0
2020-07-11,135271.0,137639.0
2020-07-12,131041.0,132085.0
2020-07-13,160877.0,161218.0
2020-07-14,162846.0,165161.0
2020-07-15,164173.0,165123.0
2020-07-16,165433.0,165715.0
2020-07-17,161787.0,159963.0
2020-07-18,136807.0,136137.0
2020-07-19,133279.0,133375.0
2020-07-20,163703.0,162369.0
2020-07-21,165734.0,163910.0
2020-07-22,162836.0,163321.0
2020-07-23,161265.0,163578.0
2020-07-24,159720.0,158613.0
2020-07-25,136872.0,135084.0
2020-07-26,131573.0,132113.0
2020-07-27,159172.0,153991.0
2020-07-28,163595.0,158552.0
2020-07-29,162274.0,157030.0
2020-07-30,157047.0,155674.0
2020-07-31,153907.0,151771.0
2020-08-01,130347.0,132678.0
2020-08-02,126967.0,131537.0
2020-08-03,152820.0,153636.0
2020-08-04,155392.0,154835.0
2020-08-05,154902.0,153597.0
2020-08-06,157514.0,154486.0
2020-08-07,155345.0,154024.0
2020-08-08,133438.0,137016.0
2020-08-09,132216.0,136788.0
2020-08-10,160355.0,166664.0
2020-08-11,161158.0,169855.0
2020-08-12,164285.0,169517.0
2020-08-13,165106.0,169012.0
2020-08-14,163619.0,164252.0
2020-08-15,139447.0,138107.0
2020-08-16,136856.0,135988.0
2020-08-17,164092.0,166931.0
2020-08-18,167364.0,170221.0
2020-08-19,167235.0,170755.0
2020-08-20,169236.0,170572.0
2020-08-21,168355.0,168047.0
2020-08-22,145193.0,144108.0
2020-08-23,139226.0,139089.0
2020-08-24,165445.0,168414.0
2020-08-25,168861.0,171194.0
2020-08-26,170975.0,173734.0
2020-08-27,170923.0,171633.0
2020-08-28,168111.0,167937.0
2020-08-29,144057.0,142426.0
2020-08-30,139775.0,139203.0
2020-08-31,168661.0,168399.0
2020-09-01,173834.0,171698.0
2020-09-02,173565.0,171134.0
2020-09-03,173229.0,171719.0
2020-09-04,169188.0,169431.0
2020-09-05,144148.0,144569.0
2020-09-06,140613.0,141456.0
2020-09-07,169857.0,172136.0
2020-09-08,173490.0,174751.0
2020-09-09,173172.0,175408.0
2020-09-10,174189.0,175243.0
2020-09-11,170708.0,170371.0
2020-09-12,145546.0,146930.0
2020-09-13,142477.0,143184.0
2020-09-14,173476.0,173601.0
2020-09-15,176323.0,176872.0
2020-09-16,175710.0,178326.0
2020-09-17,175200.0,177347.0
2020-09-18,170341.0,171004.0
2020-09-19,146451.0,147712.0
2020-09-20,144463.0,143798.0
2020-09-21,175722.0,173680.0
2020-09-22,177655.0,177390.0
2020-09-23,176727.0,180357.0
2020-09-24,177492.0,179023.0
2020-09-25,173679.0,177170.0
2020-09-26,153972.0,153860.0
2020-09-27,153762.0,146066.0
2020-09-28,163711.0,155532.0
2020-09-29,180736.0,183962.0
2020-09-30,181977.0,186231.0
2020-10-01,183640.0,187141.0
2020-10-02,180995.0,180727.0
2020-10-03,151979.0,153470.0
2020-10-04,147659.0,147572.0
2020-10-05,180078.0,179717.0
2020-10-06,183397.0,183900.0
2020-10-07,183048.0,183206.0
2020-10-08,183496.0,182612.0
2020-10-09,179563.0,178182.0
2020-10-10,155201.0,156647.0
2020-10-11,152465.0,154650.0
2020-10-12,186963.0,187367.0
2020-10-13,193041.0,195960.0
2020-10-14,195976.0,199037.0
2020-10-15,194110.0,195470.0
2020-10-16,192774.0,192023.0
2020-10-17,166974.0,167619.0
2020-10-18,163021.0,161620.0
2020-10-19,191662.0,192734.0
2020-10-20,193448.0,194930.0
2020-10-21,193179.0,193415.0
2020-10-22,190677.0,192435.0
2020-10-23,186247.0,186223.0
2020-10-24,157976.0,161815.0
2020-10-25,160117.0,162231.0
2020-10-26,186849.0,186715.0
2020-10-27,190217.0,191157.0
2020-10-28,161985.0,175626.0
2020-10-29,187456.0,190588.0
2020-10-30,191566.0,186974.0
2020-10-31,161891.0,160864.0
2020-11-01,157470.0,157839.0
2020-11-02,186496.0,188889.0
2020-11-03,186711.0,190501.0
2020-11-04,189736.0,193240.0
2020-11-05,192936.0,195924.0
2020-11-06,194067.0,197475.0
2020-11-07,172691.0,172825.0
2020-11-08,171617.0,169352.0
2020-11-09,203436.0,202645.0
2020-11-10,204562.0,205995.0
2020-11-11,204901.0,206191.0
2020-11-12,204199.0,205735.0
2020-11-13,200138.0,200256.0
2020-11-14,173577.0,173498.0
2020-11-15,168067.0,169727.0
2020-11-16,185260.0,191766.0
2020-11-17,171711.0,182600.0
2020-11-18,196935.0,197768.0
2020-11-19,204133.0,203331.0
2020-11-20,203655.0,202319.0
2020-11-21,184231.0,183231.0
2020-11-22,180334.0,177744.0
2020-11-23,212331.0,210278.0
2020-11-24,219313.0,216416.0
2020-11-25,219028.0,220294.0
2020-11-26,221792.0,222121.0
2020-11-27,218752.0,218071.0
2020-11-28,193546.0,191354.0
2020-11-29,186931.0,183602.0
2020-11-30,218227.0,217654.0
2020-12-01,222736.0,221952.0
2020-12-02,224290.0,226182.0
2020-12-03,224778.0,229840.0
2020-12-04,218843.0,221693.0
2020-12-05,190243.0,187558.0
2020-12-06,177784.0,177049.0
2020-12-07,206288.0,208584.0
2020-12-08,211250.0,211388.0
2020-12-09,212225.0,214377.0
2020-12-10,212793.0,216384.0
2020-12-11,211727.0,215925.0
2020-12-12,188006.0,189865.0
2020-12-13,183322.0,182889.0
2020-12-14,214815.0,211667.0
2020-12-15,217816.0,215711.0
2020-12-16,215567.0,215705.0
2020-12-17,213057.0,214701.0
2020-12-18,207424.0,208555.0
2020-12-19,183552.0,186146.0
2020-12-20,173084.0,181466.0
2020-12-21,193892.0,197535.0
2020-12-22,186218.0,189112.0
2020-12-23,168542.0,169896.0
2020-12-24,145070.0,143919.0
2020-12-25,146199.0,143316.0
2020-12-26,154635.0,152663.0
2020-12-27,164214.0,163278.0
2020-12-28,175954.0,172635.0
2020-12-29,173595.0,169555.0
2020-12-30,172789.0,170323.0
2020-12-31,173864.0,161574.0
2021-01-01,154436.0,155347.0
2021-01-02,175870.0,166134.0
2021-01-03,176003.0,168611.0
2021-01-04,206783.0,200663.0
2021-01-05,208097.0,208142.0
2021-01-06,210412.0,212156.0
2021-01-07,214558.0,213651.0
2021-01-08,214633.0,213067.0
2021-01-09,190482.0,188088.0
2021-01-10,187360.0,185581.0
2021-01-11,222064.0,222507.0
2021-01-12,223912.0,227533.0
2021-01-13,223838.0,223624.0
2021-01-14,223983.0,223590.0
2021-01-15,221659.0,220865.0
2021-01-16,198430.0,199930.0
2021-01-17,197305.0,198301.0
2021-01-18,230784.0,232692.0
2021-01-19,226375.0,228392.0
2021-01-20,222556.0,220786.0
2021-01-21,222932.0,218104.0
2021-01-22,212281.0,207975.0
2021-01-23,183762.0,183790.0
2021-01-24,182232.0,182039.0
2021-01-25,215893.0,214545.0
2021-01-26,221351.0,221394.0
2021-01-27,221033.0,220515.0
2021-01-28,222216.0,222613.0
2021-01-29,215152.0,216499.0
2021-01-30,189573.0,189308.0
2021-01-31,188486.0,188096.0
2021-02-01,221875.0,221883.0
2021-02-02,219773.0,221650.0
2021-02-03,214752.0,215653.0
2021-02-04,211148.0,210410.0
2021-02-05,211433.0,211695.0
2021-02-06,189857.0,190689.0
2021-02-07,188180.0,194486.0
2021-02-08,225100.0,227525.0
2021-02-09,231857.0,232382.0
2021-02-10,234903.0,236619.0
2021-02-11,241561.0,240756.0
2021-02-12,240182.0,239410.0
2021-02-13,212396.0,214516.0
2021-02-14,205224.0,208785.0
2021-02-15,238048.0,243228.0
2021-02-16,237360.0,236783.0
2021-02-17,233678.0,228002.0
2021-02-18,229524.0,219294.0
2021-02-19,225702.0,214464.0
2021-02-20,197446.0,188782.0
2021-02-21,190849.0,183812.0
2021-02-22,220746.0,211840.0
2021-02-23,222244.0,213991.0
2021-02-24,222034.0,209818.0
2021-02-25,221858.0,203793.0
2021-02-26,220114.0,199336.0
2021-02-27,200289.0,178511.0
2021-02-28,209160.0,171498.0
2021-03-01,209160.0,206422.0
2021-03-02,209160.0,210512.0
2021-03-03,207020.0,209962.0
2021-03-04,205434.0,206705.0
2021-03-05,207564.0,208754.0
2021-03-06,187782.0,185456.0
2021-03-07,183425.0,180246.0
2021-03-08,214037.0,213836.0
2021-03-09,217843.0,217093.0
2021-03-10,218624.0,214606.0
2021-03-11,214556.0,216674.0
2021-03-12,209196.0,205229.0
2021-03-13,183090.0,179810.0
2021-03-14,176604.0,174701.0
2021-03-15,205445.0,203725.0
2021-03-16,206151.0,209981.0
2021-03-17,213678.0,211488.0
2021-03-18,227256.0,210423.0
2021-03-19,227256.0,210495.0
2021-03-20,188328.0,190420.0
2021-03-21,187018.0,188338.0
2021-03-22,212805.0,210192.0
2021-03-23,214393.0,212170.0
2021-03-24,207159.0,208462.0
2021-03-25,202096.0,202340.0
2021-03-26,193875.0,193709.0
2021-03-27,169917.0,172273.0
2021-03-28,160414.0,161955.0
2021-03-29,192479.0,193010.0
2021-03-30,188576.0,187478.0
2021-03-31,186652.0,182850.0
2021-04-01,185222.0,177613.0
2021-04-02,160759.0,158265.0
2021-04-03,166235.0,159187.0
2021-04-04,164492.0,155655.0
2021-04-05,156318.0,159154.0
2021-04-06,195389.0,199407.0
2021-04-07,208043.0,207402.0
2021-04-08,208736.0,206996.0
2021-04-09,200927.0,198039.0
2021-04-10,167935.0,167573.0
2021-04-11,159155.0,157873.0
2021-04-12,191161.0,194528.0
2021-04-13,198459.0,201290.0
2021-04-14,199807.0,200703.0
2021-04-15,201980.0,204162.0
2021-04-16,202138.0,204297.0
2021-04-17,175444.0,178448.0
2021-04-18,166952.0,167922.0
2021-04-19,195291.0,196250.0
2021-04-20,193648.0,192936.0
2021-04-21,190759.0,191820.0
2021-04-22,191141.0,194761.0
2021-04-23,190614.0,190395.0
2021-04-24,165512.0,164420.0
2021-04-25,158707.0,160556.0
2021-04-26,192956.0,191763.0
2021-04-27,197329.0,192309.0
2021-04-28,190412.0,188257.0
2021-04-29,187687.0,186730.0
2021-04-30,179508.0,177374.0
2021-05-01,157570.0,151320.0
2021-05-02,154006.0,155734.0
2021-05-03,183790.0,185743.0
2021-05-04,186502.0,187289.0
2021-05-05,187386.0,188548.0
2021-05-06,190794.0,189982.0
2021-05-07,188035.0,186368.0
2021-05-08,160896.0,155885.0
2021-05-09,152050.0,149543.0
2021-05-10,176921.0,175454.0
2021-05-11,178695.0,175739.0
2021-05-12,180141.0,177695.0
2021-05-13,180443.0,182998.0
2021-05-14,178554.0,179444.0
2021-05-15,151101.0,153508.0
2021-05-16,147599.0,150670.0
2021-05-17,181188.0,180534.0
2021-05-18,182823.0,182699.0
2021-05-19,183927.0,183297.0
2021-05-20,183154.0,183409.0
2021-05-21,179626.0,179159.0
2021-05-22,154275.0,155934.0
2021-05-23,149783.0,152167.0
2021-05-24,181079.0,180459.0
2021-05-25,183566.0,185121.0
2021-05-26,184569.0,184284.0
2021-05-27,184029.0,183205.0
2021-05-28,179504.0,178766.0
2021-05-29,154456.0,153875.0
2021-05-30,151031.0,151113.0
2021-05-31,179419.0,177363.0
2021-06-01,179721.0,178187.0
2021-06-02,177095.0,176645.0
2021-06-03,176693.0,176141.0
2021-06-04,173006.0,172095.0
2021-06-05,148427.0,149455.0
2021-06-06,145930.0,144028.0
2021-06-07,174921.0,173831.0
2021-06-08,176691.0,176641.0
2021-06-09,177710.0,176554.0
2021-06-10,176327.0,176624.0
2021-06-11,172958.0,172735.0
2021-06-12,148938.0,147956.0
2021-06-13,143725.0,143205.0
2021-06-14,172446.0,173055.0
2021-06-15,176062.0,176820.0
2021-06-16,178638.0,179363.0
2021-06-17,180213.0,181503.0
2021-06-18,177358.0,176051.0
2021-06-19,151945.0,150078.0
2021-06-20,148440.0,149472.0
2021-06-21,180487.0,181816.0
2021-06-22,179743.0,180670.0
2021-06-23,178865.0,178862.0
2021-06-24,180177.0,178960.0
2021-06-25,174321.0,170984.0
2021-06-26,147833.0,146041.0
2021-06-27,143680.0,143375.0
2021-06-28,175655.0,175285.0
2021-06-29,178717.0,179705.0
2021-06-30,177709.0,173165.0
2021-07-01,174934.0,172387.0
2021-07-02,168744.0,167575.0
2021-07-03,141360.0,142030.0
2021-07-04,136749.0,136328.0
2021-07-05,144385.0,139343.0
2021-07-06,139911.0,145656.0
2021-07-07,169446.0,170322.0
2021-07-08,172236.0,172471.0
2021-07-09,168209.0,167225.0
2021-07-10,141915.0,142819.0
2021-07-11,140205.0,140786.0
2021-07-12,170110.0,169747.0
2021-07-13,173715.0,176627.0
2021-07-14,174663.0,175202.0
2021-07-15,172674.0,172495.0
2021-07-16,169095.0,169916.0
2021-07-17,145557.0,144384.0
2021-07-18,141604.0,140686.0
2021-07-19,169389.0,167241.0
2021-07-20,169482.0,167698.0
2021-07-21,169112.0,168592.0
2021-07-22,168967.0,168962.0
2021-07-23,165352.0,163828.0
2021-07-24,141597.0,140694.0
2021-07-25,139149.0,138947.0
2021-07-26,164567.0,162131.0
2021-07-27,165571.0,165336.0
2021-07-28,165784.0,165282.0
2021-07-29,163908.0,161822.0
2021-07-30,159780.0,157847.0
2021-07-31,138169.0,139564.0
2021-08-01,132339.0,133539.0
2021-08-02,157537.0,152033.0
2021-08-03,160305.0,154038.0
2021-08-04,159467.0,154761.0
2021-08-05,159052.0,155881.0
2021-08-06,155712.0,152078.0
2021-08-07,134653.0,135525.0
2021-08-08,132677.0,133868.0
2021-08-09,160189.0,158452.0
2021-08-10,163795.0,163014.0
2021-08-11,163520.0,164301.0
2021-08-12,163274.0,165567.0
2021-08-13,163737.0,164579.0
2021-08-14,142672.0,145225.0
2021-08-15,140694.0,142694.0
2021-08-16,168925.0,171510.0
2021-08-17,168697.0,169497.0
2021-08-18,168305.0,168233.0
2021-08-19,168894.0,169112.0
2021-08-20,166439.0,165783.0
2021-08-21,143549.0,142424.0
2021-08-22,141032.0,141025.0
2021-08-23,167793.0,170612.0
2021-08-24,170694.0,173080.0
2021-08-25,171163.0,171852.0
2021-08-26,173469.0,173756.0
2021-08-27,170311.0,169301.0
2021-08-28,147533.0,144896.0
2021-08-29,143816.0,142456.0
2021-08-30,171910.0,171510.0
2021-08-31,175500.0,177337.0
2021-09-01,174657.0,174665.0
2021-09-02,174466.0,173003.0
2021-09-03,170189.0,168288.0
2021-09-04,145274.0,144529.0
2021-09-05,141265.0,142840.0
2021-09-06,171320.0,171386.0
2021-09-07,174352.0,174241.0
2021-09-08,174179.0,174606.0
2021-09-09,174056.0,174508.0
2021-09-10,170975.0,169818.0
2021-09-11,146297.0,145041.0
2021-09-12,143107.0,143061.0
2021-09-13,172027.0,172595.0
2021-09-14,174459.0,175544.0
2021-09-15,175854.0,175972.0
2021-09-16,177152.0,177193.0
2021-09-17,171655.0,169959.0
2021-09-18,146275.0,145883.0
2021-09-19,143879.0,145568.0
2021-09-20,174956.0,177617.0
2021-09-21,180104.0,182399.0
2021-09-22,183213.0,183277.0
2021-09-23,182190.0,179932.0
2021-09-24,176431.0,173846.0
2021-09-25,148108.0,148252.0
2021-09-26,146080.0,143670.0
2021-09-27,163630.0,162019.0
2021-09-28,151822.0,151830.0
2021-09-29,173484.0,175344.0
2021-09-30,177765.0,178954.0
2021-10-01,175538.0,177568.0
2021-10-02,150497.0,152113.0
2021-10-03,147369.0,149139.0
2021-10-04,179325.0,176872.0
2021-10-05,180958.0,177424.0
2021-10-06,182607.0,182072.0
2021-10-07,182312.0,181354.0
2021-10-08,177218.0,176068.0
2021-10-09,154779.0,155038.0
2021-10-10,155372.0,155911.0
2021-10-11,186414.0,186536.0
2021-10-12,188705.0,191002.0
2021-10-13,193094.0,194724.0
2021-10-14,196028.0,197343.0
2021-10-15,188527.0,188727.0
2021-10-16,163239.0,163622.0
2021-10-17,161672.0,162655.0
2021-10-18,190015.0,189331.0
2021-10-19,191511.0,191978.0
2021-10-20,187509.0,188590.0
2021-10-21,188213.0,186257.0
2021-10-22,186604.0,185573.0
2021-10-23,162077.0,165019.0
2021-10-24,160640.0,164349.0
2021-10-25,192389.0,194066.0
2021-10-26,196444.0,195254.0
2021-10-27,194973.0,191791.0
2021-10-28,172679.0,171348.0
2021-10-29,190288.0,175365.0
2021-10-30,164797.0,161740.0
2021-10-31,166526.0,164969.0
2021-11-01,189784.0,191379.0
2021-11-02,194654.0,196347.0
2021-11-03,196459.0,196828.0
2021-11-04,196149.0,197512.0
2021-11-05,195005.0,194402.0
2021-11-06,172286.0,168410.0
2021-11-07,170434.0,168494.0
2021-11-08,196803.0,197955.0
2021-11-09,200086.0,199886.0
2021-11-10,201009.0,202211.0
2021-11-11,202291.0,205211.0
2021-11-12,199493.0,202847.0
2021-11-13,174936.0,175652.0
2021-11-14,170981.0,169427.0
2021-11-15,199208.0,200957.0
2021-11-16,201709.0,201324.0
2021-11-17,177656.0,186455.0
2021-11-18,197194.0,200759.0
2021-11-19,198253.0,196058.0
2021-11-20,169099.0,170089.0
2021-11-21,168384.0,168297.0
2021-11-22,200901.0,201706.0
2021-11-23,206476.0,207146.0
2021-11-24,207753.0,208446.0
2021-11-25,210013.0,210764.0
2021-11-26,207903.0,209426.0
2021-11-27,184764.0,183816.0
2021-11-28,182812.0,181078.0
2021-11-29,214328.0,213441.0
2021-11-30,217569.0,218983.0
2021-12-01,213337.0,214904.0
2021-12-02,212420.0,210842.0
2021-12-03,213585.0,212966.0
2021-12-04,189651.0,190646.0
2021-12-05,182710.0,183767.0
2021-12-06,215743.0,217370.0
2021-12-07,221017.0,222384.0
2021-12-08,222069.0,223292.0
2021-12-09,221994.0,224649.0
2021-12-10,218736.0,216957.0
2021-12-11,196385.0,194026.0
2021-12-12,189999.0,188235.0
2021-12-13,215232.0,216694.0
2021-12-14,213623.0,215688.0
2021-12-15,210931.0,212910.0
2021-12-16,207542.0,208050.0
2021-12-17,201012.0,203046.0
2021-12-18,174832.0,180037.0
2021-12-19,169389.0,176187.0
2021-12-20,197439.0,203961.0
2021-12-21,200715.0,204898.0
2021-12-22,201392.0,202853.0
2021-12-23,199729.0,195117.0
2021-12-24,157050.0,158026.0
2021-12-25,152814.0,156787.0
2021-12-26,167542.0,169874.0
2021-12-27,193541.0,183024.0
2021-12-28,184736.0,183625.0
2021-12-29,173916.0,176328.0
2021-12-30,168724.0,168390.0
2021-12-31,156777.0,151372.0
2022-01-01,142738.0,137531.0
2022-01-02,153834.0,154296.0
2022-01-03,174962.0,187188.0
2022-01-04,189271.0,194305.0
2022-01-05,200271.0,202775.0
2022-01-06,208393.0,208617.0
2022-01-07,210209.0,214157.0
2022-01-08,185679.0,190847.0
2022-01-09,186184.0,188027.0
2022-01-10,217616.0,214000.0
2022-01-11,223005.0,220639.0
2022-01-12,224490.0,227035.0
2022-01-13,219289.0,224445.0
2022-01-14,213636.0,214232.0
2022-01-15,188666.0,187137.0
2022-01-16,189844.0,189638.0
2022-01-17,216747.0,218656.0
2022-01-18,219473.0,219594.0
2022-01-19,220389.0,222442.0
2022-01-20,220527.0,223049.0
2022-01-21,220484.0,224068.0
2022-01-22,193204.0,195191.0
2022-01-23,190222.0,187935.0
2022-01-24,218410.0,216494.0
2022-01-25,220074.0,218134.0
2022-01-26,218574.0,220879.0
2022-01-27,220370.0,222117.0
2022-01-28,216103.0,215293.0
2022-01-29,189933.0,192388.0
2022-01-30,182326.0,182261.0
2022-01-31,215719.0,214847.0
2022-02-01,219302.0,219109.0
2022-02-02,217019.0,216214.0
2022-02-03,216129.0,213649.0
2022-02-04,210322.0,209397.0
2022-02-05,185761.0,186661.0
2022-02-06,183400.0,182778.0
2022-02-07,211941.0,209902.0
2022-02-08,215832.0,213332.0
2022-02-09,208945.0,210276.0
2022-02-10,207404.0,202814.0
2022-02-11,206881.0,204322.0
2022-02-12,185473.0,181947.0
2022-02-13,181400.0,180791.0
2022-02-14,211219.0,210625.0
2022-02-15,212379.0,210262.0
2022-02-16,212919.0,210226.0
2022-02-17,205046.0,202802.0
2022-02-18,201990.0,204304.0
2022-02-19,178930.0,177237.0
2022-02-20,176936.0,176545.0
2022-02-21,202181.0,203932.0
2022-02-22,208202.0,208073.0
2022-02-23,207214.0,205648.0
2022-02-24,206917.0,207436.0
2022-02-25,203183.0,205842.0
2022-02-26,184607.0,181420.0
2022-02-27,179865.0,177165.0
2022-02-28,211058.0,210609.0
2022-03-01,216398.0,215217.0
2022-03-02,216276.0,214057.0
2022-03-03,215526.0,215526.0
2022-03-04,213997.0,215808.0
2022-03-05,189663.0,188935.0
2022-03-06,185798.0,186850.0
2022-03-07,215688.0,216116.0
2022-03-08,215728.0,214234.0
2022-03-09,212986.0,212249.0
2022-03-10,212149.0,212519.0
2022-03-11,213833.0,211385.0
2022-03-12,187737.0,185258.0
2022-03-13,181817.0,179181.0
2022-03-14,205303.0,205270.0
2022-03-15,204247.0,206183.0
2022-03-16,201901.0,203168.0
2022-03-17,199680.0,203294.0
2022-03-18,196045.0,196689.0
2022-03-19,174095.0,176100.0
2022-03-20,173004.0,173287.0
2022-03-21,201239.0,201383.0
2022-03-22,201666.0,199956.0
2022-03-23,198376.0,196122.0
2022-03-24,195204.0,193197.0
2022-03-25,191062.0,187813.0
2022-03-26,163521.0,162791.0
2022-03-27,150070.0,151147.0
2022-03-28,185332.0,185738.0
2022-03-29,186260.0,188393.0
2022-03-30,190998.0,192480.0
2022-03-31,193274.0,199978.0
2022-04-01,196906.0,194501.0
2022-04-02,175950.0,179539.0
2022-04-03,173305.0,177627.0
2022-04-04,203216.0,204909.0
2022-04-05,207406.0,205987.0
2022-04-06,197241.0,197727.0
2022-04-07,193377.0,194386.0
2022-04-08,190693.0,191605.0
2022-04-09,169142.0,170033.0
2022-04-10,167659.0,168336.0
2022-04-11,195524.0,194909.0
2022-04-12,195963.0,195129.0
2022-04-13,191502.0,190367.0
2022-04-14,187706.0,178979.0
2022-04-15,163349.0,155187.0
2022-04-16,161895.0,154931.0
2022-04-17,160029.0,151955.0
2022-04-18,151682.0,149359.0
2022-04-19,186820.0,188945.0
2022-04-20,193419.0,195968.0
2022-04-21,192787.0,193322.0
2022-04-22,187589.0,190762.0
2022-04-23,159183.0,162243.0
2022-04-24,159497.0,158447.0
2022-04-25,187323.0,186932.0
2022-04-26,187523.0,187191.0
2022-04-27,186754.0,186933.0
2022-04-28,183244.0,183938.0
2022-04-29,177049.0,178168.0
2022-04-30,149213.0,150535.0
2022-05-01,146084.0,144961.0
2022-05-02,176228.0,174182.0
2022-05-03,177655.0,176907.0
2022-05-04,177113.0,177394.0
2022-05-05,177110.0,176495.0
2022-05-06,172929.0,173879.0
2022-05-07,146523.0,148534.0
2022-05-08,143290.0,141741.0
2022-05-09,173417.0,172860.0
2022-05-10,174801.0,176194.0
2022-05-11,176051.0,176383.0
2022-05-12,176655.0,175012.0
2022-05-13,172601.0,170423.0
2022-05-14,146185.0,145045.0
2022-05-15,141495.0,142474.0
2022-05-16,172038.0,173000.0
2022-05-17,176246.0,175157.0
2022-05-18,174735.0,173539.0
2022-05-19,174164.0,173817.0
2022-05-20,172055.0,170871.0
2022-05-21,146927.0,144500.0
2022-05-22,140967.0,140583.0
2022-05-23,171485.0,171438.0
2022-05-24,175012.0,175386.0
2022-05-25,175256.0,175737.0
2022-05-26,174351.0,174586.0
2022-05-27,170437.0,171201.0
2022-05-28,146082.0,146304.0
2022-05-29,144558.0,143982.0
2022-05-30,176266.0,172328.0
2022-05-31,175613.0,173144.0
2022-06-01,174816.0,172784.0
2022-06-02,173683.0,172852.0
2022-06-03,169134.0,169104.0
2022-06-04,145316.0,145374.0
2022-06-05,140655.0,142415.0
2022-06-06,171844.0,172182.0
2022-06-07,173406.0,175377.0
2022-06-08,172806.0,173552.0
2022-06-09,173490.0,172248.0
2022-06-10,169352.0,166260.0
2022-06-11,143355.0,141533.0
2022-06-12,141831.0,140236.0
2022-06-13,171147.0,168907.0
2022-06-14,171641.0,169408.0
2022-06-15,171537.0,170430.0
2022-06-16,172638.0,171561.0
2022-06-17,166752.0,164693.0
2022-06-18,142861.0,142645.0
2022-06-19,142466.0,142011.0
2022-06-20,174181.0,171607.0
2022-06-21,168363.0,168953.0
2022-06-22,169746.0,171150.0
2022-06-23,172344.0,173004.0
2022-06-24,168660.0,167216.0
2022-06-25,143120.0,140818.0
2022-06-26,140173.0,140233.0
2022-06-27,173647.0,175432.0
2022-06-28,175020.0,175705.0
2022-06-29,175533.0,177150.0
2022-06-30,173434.0,175532.0
2022-07-01,171099.0,170179.0
2022-07-02,140608.0,137545.0
2022-07-03,137121.0,133844.0
2022-07-04,164807.0,147404.0
2022-07-05,139504.0,137018.0
2022-07-06,134119.0,137136.0
2022-07-07,157255.0,155288.0
2022-07-08,159211.0,152825.0
2022-07-09,133733.0,134240.0
2022-07-10,131982.0,132313.0
2022-07-11,160335.0,161227.0
2022-07-12,162977.0,163352.0
2022-07-13,163472.0,167407.0
2022-07-14,164988.0,169549.0
2022-07-15,160108.0,160500.0
2022-07-16,137373.0,136604.0
2022-07-17,134742.0,133898.0
2022-07-18,161354.0,163192.0
2022-07-19,166542.0,169954.0
2022-07-20,170582.0,168863.0
2022-07-21,170655.0,170099.0
2022-07-22,165462.0,164230.0
2022-07-23,141769.0,138218.0
2022-07-24,138012.0,133631.0
2022-07-25,163274.0,155322.0
2022-07-26,164156.0,154586.0
2022-07-27,157249.0,151637.0
2022-07-28,152649.0,149632.0
2022-07-29,149614.0,145978.0
2022-07-30,126916.0,127440.0
2022-07-31,122781.0,125148.0
2022-08-01,150203.0,145946.0
2022-08-02,150973.0,149495.0
2022-08-03,151508.0,151368.0
2022-08-04,154733.0,152377.0
2022-08-05,152169.0,150580.0
2022-08-06,129015.0,128534.0
2022-08-07,125201.0,125688.0
2022-08-08,151648.0,152792.0
2022-08-09,154860.0,156122.0
2022-08-10,157096.0,157922.0
2022-08-11,157831.0,158320.0
2022-08-12,154583.0,155807.0
2022-08-13,133555.0,135330.0
2022-08-14,132354.0,134986.0
2022-08-15,160650.0,164308.0
2022-08-16,166453.0,167036.0
2022-08-17,168273.0,169086.0
2022-08-18,168784.0,170653.0
2022-08-19,164631.0,164875.0
2022-08-20,141456.0,138587.0
2022-08-21,136517.0,133176.0
2022-08-22,161331.0,161454.0
2022-08-23,164942.0,164747.0
2022-08-24,166275.0,166253.0
2022-08-25,167670.0,168253.0
2022-08-26,164443.0,165487.0
2022-08-27,141259.0,139579.0
2022-08-28,136861.0,137407.0
2022-08-29,163051.0,164463.0
2022-08-30,166279.0,165435.0
2022-08-31,166149.0,167805.0
2022-09-01,165268.0,165580.0
2022-09-02,162361.0,161626.0
2022-09-03,138901.0,137427.0
2022-09-04,136110.0,136493.0
2022-09-05,164279.0,166374.0
2022-09-06,168251.0,166833.0
2022-09-07,168995.0,167997.0
2022-09-08,168791.0,169261.0
2022-09-09,163130.0,164503.0
2022-09-10,139157.0,138885.0
2022-09-11,137529.0,137070.0
2022-09-12,166445.0,165008.0
2022-09-13,168619.0,170595.0
2022-09-14,170531.0,172349.0
2022-09-15,170406.0,170921.0
2022-09-16,166442.0,166845.0
2022-09-17,144345.0,144733.0
2022-09-18,143648.0,143258.0
2022-09-19,175041.0,172698.0
2022-09-20,177722.0,174969.0
2022-09-21,178117.0,175779.0
2022-09-22,176711.0,175201.0
2022-09-23,173109.0,172518.0
2022-09-24,146768.0,148754.0
2022-09-25,144079.0,144689.0
2022-09-26,173298.0,172837.0
2022-09-27,176192.0,174831.0
2022-09-28,153092.0,158360.0
2022-09-29,173470.0,172342.0
2022-09-30,175726.0,169155.0
2022-10-01,148618.0,151897.0
2022-10-02,145717.0,148105.0
2022-10-03,174506.0,175165.0
2022-10-04,176075.0,176558.0
2022-10-05,175834.0,177152.0
2022-10-06,174149.0,176807.0
2022-10-07,170726.0,171975.0
2022-10-08,148341.0,149540.0
2022-10-09,145173.0,145112.0
2022-10-10,175392.0,173943.0
2022-10-11,177701.0,175453.0
2022-10-12,178901.0,176665.0
2022-10-13,179298.0,178237.0
2022-10-14,175665.0,174433.0
2022-10-15,152663.0,148483.0
2022-10-16,146167.0,143985.0
2022-10-17,172478.0,169357.0
2022-10-18,175383.0,172478.0
2022-10-19,175899.0,174095.0
2022-10-20,179294.0,179325.0
2022-10-21,175899.0,176000.0
2022-10-22,151496.0,156206.0
2022-10-23,147827.0,149743.0
2022-10-24,177018.0,180422.0
2022-10-25,177378.0,180078.0
2022-10-26,179032.0,179596.0
2022-10-27,177073.0,175351.0
2022-10-28,154448.0,152512.0
2022-10-29,146982.0,147130.0
2022-10-30,150545.0,154787.0
2022-10-31,176016.0,177666.0
2022-11-01,180775.0,182383.0
2022-11-02,180286.0,183757.0
2022-11-03,183382.0,186110.0
2022-11-04,182678.0,183244.0
2022-11-05,159957.0,158257.0
2022-11-06,159145.0,157088.0
2022-11-07,188278.0,185702.0
2022-11-08,188525.0,187450.0
2022-11-09,190462.0,189773.0
2022-11-10,189591.0,188890.0
2022-11-11,185386.0,186857.0
2022-11-12,161160.0,163587.0
2022-11-13,161954.0,162252.0
2022-11-14,189320.0,190429.0
2022-11-15,194086.0,195514.0
2022-11-16,195050.0,194415.0
2022-11-17,175278.0,178344.0
2022-11-18,185717.0,184379.0
2022-11-19,180591.0,175763.0
2022-11-20,175440.0,177116.0
2022-11-21,203336.0,205197.0
2022-11-22,207665.0,208660.0
2022-11-23,208092.0,206284.0
2022-11-24,204762.0,211126.0
2022-11-25,196381.0,198961.0
2022-11-26,170866.0,172262.0
2022-11-27,170466.0,170970.0
2022-11-28,201798.0,205578.0
2022-11-29,203888.0,207100.0
2022-11-30,207702.0,208930.0
2022-12-01,209893.0,207457.0
2022-12-02,210356.0,210149.0
2022-12-03,182312.0,184951.0
2022-12-04,177564.0,175033.0
2022-12-05,205217.0,202977.0
2022-12-06,208117.0,207789.0
2022-12-07,209722.0,208057.0
2022-12-08,211268.0,207800.0
2022-12-09,207991.0,207626.0
2022-12-10,183028.0,183166.0
2022-12-11,182806.0,185284.0
2022-12-12,216128.0,218487.0
2022-12-13,220706.0,224774.0
2022-12-14,222456.0,230088.0
2022-12-15,223038.0,223274.0
2022-12-16,219779.0,217453.0
2022-12-17,195716.0,195034.0
2022-12-18,194609.0,199918.0
2022-12-19,219668.0,219342.0
2022-12-20,213039.0,213362.0
2022-12-21,205269.0,202693.0
2022-12-22,192069.0,188602.0
2022-12-23,177418.0,170173.0
2022-12-24,144502.0,142493.0
2022-12-25,139041.0,138153.0
2022-12-26,141698.0,141154.0
2022-12-27,160719.0,156745.0
2022-12-28,163556.0,162739.0
2022-12-29,159495.0,159301.0
2022-12-30,154698.0,157838.0
2022-12-31,141049.0,144226.0
2023-01-01,136629.0,135621.0
2023-01-02,170121.0,170303.0
2023-01-03,180621.0,184612.0
2023-01-04,193189.0,193218.0
2023-01-05,192489.0,187727.0
2023-01-06,188112.0,185511.0
2023-01-07,163526.0,162167.0
2023-01-08,164275.0,164353.0
2023-01-09,194943.0,192122.0
2023-01-10,198655.0,196189.0
2023-01-11,203533.0,200657.0
2023-01-12,199245.0,197985.0
2023-01-13,194968.0,191604.0
2023-01-14,171038.0,167632.0
2023-01-15,167530.0,165199.0
2023-01-16,198055.0,195757.0
2023-01-17,204397.0,198991.0
2023-01-18,204775.0,203863.0
2023-01-19,208056.0,207670.0
2023-01-20,208133.0,209054.0
2023-01-21,183868.0,187134.0
2023-01-22,179690.0,182170.0
2023-01-23,207510.0,208886.0
2023-01-24,209680.0,211191.0
2023-01-25,210749.0,211484.0
2023-01-26,210099.0,213530.0
2023-01-27,209465.0,212016.0
2023-01-28,186228.0,188378.0
2023-01-29,185237.0,187192.0
2023-01-30,213873.0,216143.0
2023-01-31,212416.0,212992.0
2023-02-01,209426.0,210931.0
2023-02-02,208974.0,209696.0
2023-02-03,205462.0,206922.0
2023-02-04,180977.0,181171.0
2023-02-05,184305.0,183191.0
2023-02-06,217401.0,218304.0
2023-02-07,221033.0,222766.0
2023-02-08,224623.0,221089.0
2023-02-09,221085.0,217989.0
2023-02-10,214957.0,215370.0
2023-02-11,187271.0,187158.0
2023-02-12,175955.0,173278.0
2023-02-13,202695.0,200475.0
2023-02-14,203472.0,204355.0
2023-02-15,205895.0,206583.0
2023-02-16,202436.0,206458.0
2023-02-17,198609.0,199850.0
2023-02-18,170766.0,167689.0
2023-02-19,165502.0,164957.0
2023-02-20,194808.0,194180.0
2023-02-21,192461.0,191201.0
2023-02-22,191259.0,190173.0
2023-02-23,192765.0,189771.0
2023-02-24,189943.0,185278.0
2023-02-25,169543.0,170011.0
2023-02-26,172457.0,171943.0
2023-02-27,203720.0,204695.0
2023-02-28,205555.0,205521.0
2023-03-01,206654.0,203726.0
2023-03-02,203167.0,199549.0
2023-03-03,199822.0,198755.0
2023-03-04,177479.0,177463.0
2023-03-05,174123.0,174167.0
2023-03-06,200142.0,201139.0
2023-03-07,202727.0,202023.0
2023-03-08,200663.0,197840.0
2023-03-09,194532.0,193854.0
2023-03-10,187095.0,185210.0
2023-03-11,170424.0,174143.0
2023-03-12,168314.0,167986.0
2023-03-13,190163.0,191854.0
2023-03-14,189345.0,190935.0
2023-03-15,194573.0,192626.0
2023-03-16,195901.0,194051.0
2023-03-17,190366.0,187458.0
2023-03-18,162573.0,159572.0
2023-03-19,157829.0,155921.0
2023-03-20,183517.0,180838.0
2023-03-21,183600.0,181861.0
2023-03-22,179479.0,177221.0
2023-03-23,176348.0,177838.0
2023-03-24,170841.0,173922.0
2023-03-25,151510.0,152416.0
2023-03-26,144641.0,143921.0
2023-03-27,183147.0,187013.0
2023-03-28,192268.0,192793.0
2023-03-29,193771.0,192855.0
2023-03-30,186610.0,191163.0
2023-03-31,182344.0,182477.0
2023-04-01,157203.0,157557.0
2023-04-02,154853.0,159289.0
2023-04-03,188788.0,191466.0
2023-04-04,195697.0,195235.0
2023-04-05,195342.0,196911.0
2023-04-06,195419.0,190089.0
2023-04-07,167408.0,164819.0
2023-04-08,165963.0,158796.0
2023-04-09,159854.0,153810.0
2023-04-10,145682.0,142582.0
2023-04-11,180010.0,181216.0
2023-04-12,183273.0,182533.0
2023-04-13,183608.0,184589.0
2023-04-14,183035.0,184793.0
2023-04-15,157620.0,160504.0
2023-04-16,152327.0,152773.0
2023-04-17,178628.0,181437.0
2023-04-18,180468.0,181981.0
2023-04-19,181664.0,184099.0
2023-04-20,183177.0,182912.0
2023-04-21,173023.0,170675.0
2023-04-22,145297.0,145400.0
2023-04-23,142143.0,143107.0
2023-04-24,173425.0,172976.0
2023-04-25,174929.0,176436.0
2023-04-26,179607.0,179251.0
2023-04-27,179398.0,177368.0
2023-04-28,175930.0,174050.0
2023-04-29,150544.0,148506.0
2023-04-30,143297.0,138320.0
2023-05-01,142516.0,137147.0
2023-05-02,166583.0,165972.0
2023-05-03,170199.0,168993.0
2023-05-04,171134.0,165509.0
2023-05-05,163866.0,161244.0
2023-05-06,138870.0,136804.0
2023-05-07,136750.0,131923.0
2023-05-08,137280.0,133305.0
2023-05-09,163467.0,160451.0
2023-05-10,166823.0,165108.0
2023-05-11,163539.0,164593.0
2023-05-12,163258.0,162408.0
2023-05-13,139837.0,139519.0
2023-05-14,136806.0,137219.0
2023-05-15,166332.0,165250.0
2023-05-16,166367.0,165042.0
2023-05-17,169472.0,169037.0
2023-05-18,165667.0,169103.0
2023-05-19,163234.0,164286.0
2023-05-20,136592.0,138568.0
2023-05-21,131533.0,134512.0
2023-05-22,159959.0,159687.0
2023-05-23,163925.0,162269.0
2023-05-24,161820.0,162705.0
2023-05-25,160703.0,162486.0
2023-05-26,157295.0,158347.0
2023-05-27,133374.0,135868.0
2023-05-28,130896.0,132039.0
2023-05-29,159204.0,160193.0
2023-05-30,160888.0,161849.0
2023-05-31,161318.0,160154.0
2023-06-01,160616.0,164097.0
2023-06-02,157685.0,160878.0
2023-06-03,133940.0,136445.0
2023-06-04,132226.0,135199.0
2023-06-05,161798.0,159539.0
2023-06-06,164781.0,159688.0
2023-06-07,162913.0,159589.0
2023-06-08,161865.0,159338.0
2023-06-09,157289.0,154871.0
2023-06-10,132947.0,131704.0
2023-06-11,129690.0,129579.0
2023-06-12,157126.0,157648.0
2023-06-13,159343.0,159445.0
2023-06-14,159425.0,159202.0
2023-06-15,159167.0,158829.0
2023-06-16,155918.0,153913.0
2023-06-17,131720.0,131721.0
2023-06-18,128877.0,130324.0
2023-06-19,159561.0,158105.0
2023-06-20,164767.0,163739.0
2023-06-21,164194.0,164331.0
2023-06-22,164318.0,165307.0
2023-06-23,159659.0,158835.0
2023-06-24,131728.0,132021.0
2023-06-25,129246.0,131250.0
2023-06-26,159477.0,161773.0
2023-06-27,160969.0,161311.0
2023-06-28,159690.0,159949.0
2023-06-29,160066.0,160196.0
2023-06-30,156581.0,155396.0
2023-07-01,132091.0,133139.0
2023-07-02,129418.0,127797.0
2023-07-03,152264.0,149817.0
2023-07-04,149906.0,150852.0
2023-07-05,130571.0,134164.0
2023-07-06,129587.0,127689.0
2023-07-07,139201.0,134207.0
2023-07-08,129227.0,126214.0
2023-07-09,129316.0,128660.0
2023-07-10,156292.0,156857.0
2023-07-11,158431.0,160915.0
2023-07-12,160264.0,161579.0
2023-07-13,158553.0,159316.0
2023-07-14,153344.0,154859.0
2023-07-15,133713.0,134935.0
2023-07-16,134041.0,133098.0
2023-07-17,158249.0,158874.0
2023-07-18,159391.0,158603.0
2023-07-19,159943.0,158130.0
2023-07-20,157261.0,155910.0
2023-07-21,151431.0,149906.0
2023-07-22,128311.0,126805.0
2023-07-23,126867.0,125609.0
2023-07-24,151901.0,145938.0
2023-07-25,148419.0,144286.0
2023-07-26,146627.0,141765.0
2023-07-27,145255.0,141235.0
2023-07-28,139037.0,138679.0
2023-07-29,119923.0,122547.0
2023-07-30,118496.0,119373.0
2023-07-31,140928.0,137590.0
2023-08-01,138728.0,141466.0
2023-08-02,140487.0,141166.0
2023-08-03,140862.0,142494.0
2023-08-04,137836.0,138043.0
2023-08-05,118547.0,122508.0
2023-08-06,116788.0,121575.0
2023-08-07,142020.0,145763.0
2023-08-08,146918.0,147061.0
2023-08-09,149616.0,148359.0
2023-08-10,148490.0,148688.0
2023-08-11,145539.0,147945.0
2023-08-12,126535.0,129886.0
2023-08-13,128158.0,130383.0
2023-08-14,155077.0,158470.0
2023-08-15,162069.0,161942.0
2023-08-16,161957.0,161486.0
2023-08-17,161082.0,159898.0
2023-08-18,156222.0,155943.0
2023-08-19,135832.0,134691.0
2023-08-20,133968.0,133221.0
2023-08-21,160831.0,164247.0
2023-08-22,163465.0,167658.0
2023-08-23,163977.0,165849.0
2023-08-24,163976.0,164132.0
2023-08-25,161035.0,161207.0
2023-08-26,137072.0,135578.0
2023-08-27,132793.0,130950.0
2023-08-28,157332.0,157181.0
2023-08-29,160116.0,158149.0
2023-08-30,158763.0,158751.0
2023-08-31,158939.0,159493.0
2023-09-01,155500.0,155234.0
2023-09-02,133400.0,134526.0
2023-09-03,130018.0,132280.0
2023-09-04,157383.0,156953.0
2023-09-05,160243.0,160777.0
2023-09-06,160706.0,161149.0
2023-09-07,161210.0,161571.0
2023-09-08,157700.0,157316.0
2023-09-09,135082.0,133343.0
2023-09-10,132176.0,133275.0
2023-09-11,160794.0,160522.0
2023-09-12,164929.0,162728.0
2023-09-13,164560.0,162826.0
2023-09-14,159757.0,160195.0
2023-09-15,154962.0,155412.0
2023-09-16,132858.0,132687.0
2023-09-17,131920.0,131968.0
2023-09-18,159506.0,159770.0
2023-09-19,161547.0,162513.0
2023-09-20,161556.0,163750.0
2023-09-21,161833.0,161759.0
2023-09-22,158403.0,157303.0
2023-09-23,133143.0,132856.0
2023-09-24,131318.0,132766.0
2023-09-25,159504.0,160124.0
2023-09-26,162653.0,162095.0
2023-09-27,162937.0,157805.0
2023-09-28,141041.0,139097.0
2023-09-29,143472.0,141255.0
2023-09-30,131894.0,129281.0
2023-10-01,130503.0,130099.0
2023-10-02,159027.0,159111.0
2023-10-03,161616.0,162458.0
2023-10-04,160990.0,162424.0
2023-10-05,162237.0,164258.0
2023-10-06,158760.0,162594.0
2023-10-07,136279.0,138505.0
2023-10-08,135107.0,136657.0
2023-10-09,165312.0,167520.0
2023-10-10,166300.0,168414.0
2023-10-11,167033.0,168424.0
2023-10-12,166993.0,166630.0
2023-10-13,162761.0,162920.0
2023-10-14,138120.0,141470.0
2023-10-15,138666.0,141628.0
2023-10-16,171124.0,171004.0
2023-10-17,176089.0,176651.0
2023-10-18,179009.0,178693.0
2023-10-19,179151.0,176473.0
2023-10-20,170716.0,170348.0
2023-10-21,142710.0,144592.0
2023-10-22,140908.0,141369.0
2023-10-23,168247.0,168559.0
2023-10-24,171603.0,170758.0
2023-10-25,169906.0,169544.0
2023-10-26,170969.0,169535.0
2023-10-27,167766.0,167994.0
2023-10-28,139541.0,142339.0
2023-10-29,147196.0,148489.0
2023-10-30,169381.0,169534.0
2023-10-31,172313.0,165409.0
2023-11-01,174053.0,173750.0
2023-11-02,173623.0,175095.0
2023-11-03,171834.0,174898.0
2023-11-04,151248.0,150527.0
2023-11-05,147930.0,146626.0
2023-11-06,174046.0,174126.0
2023-11-07,177768.0,175940.0
2023-11-08,181486.0,179969.0
2023-11-09,181419.0,181013.0
2023-11-10,178360.0,177044.0
2023-11-11,156940.0,156366.0
2023-11-12,155253.0,153117.0
2023-11-13,185205.0,181992.0
2023-11-14,180135.0,181085.0
2023-11-15,180147.0,180031.0
2023-11-16,180802.0,175973.0
2023-11-17,164953.0,156391.0
2023-11-18,156323.0,155174.0
2023-11-19,151881.0,157198.0
2023-11-20,178096.0,180609.0
2023-11-21,182446.0,183486.0
2023-11-22,189842.0,194058.0
2023-11-23,191611.0,193769.0
2023-11-24,184354.0,187317.0
2023-11-25,166507.0,170090.0
2023-11-26,168698.0,171490.0
2023-11-27,197183.0,198377.0
2023-11-28,200136.0,204032.0
2023-11-29,208835.0,213063.0
2023-11-30,207671.0,206427.0
2023-12-01,201738.0,204427.0
2023-12-02,180490.0,183359.0
2023-12-03,185411.0,183577.0
2023-12-04,219565.0,216811.0
2023-12-05,219409.0,216124.0
2023-12-06,213248.0,212932.0
2023-12-07,207661.0,211362.0
2023-12-08,207141.0,210918.0
2023-12-09,180266.0,184787.0
2023-12-10,173831.0,177855.0
2023-12-11,197450.0,200018.0
2023-12-12,196500.0,197072.0
2023-12-13,195613.0,196964.0
2023-12-14,196437.0,195093.0
2023-12-15,193717.0,193074.0
2023-12-16,168767.0,171642.0
2023-12-17,164628.0,171765.0
2023-12-18,189938.0,188078.0
2023-12-19,192400.0,186124.0
2023-12-20,191622.0,183429.0
2023-12-21,178926.0,176716.0
2023-12-22,164351.0,171656.0
2023-12-23,152394.0,162174.0
2023-12-24,137707.0,142394.0
2023-12-25,125676.0,133197.0
2023-12-26,131224.0,135239.0
2023-12-27,148646.0,148870.0
2023-12-28,152300.0,151532.0
2023-12-29,145897.0,145530.0
2023-12-30,141885.0,139669.0
2023-12-31,141106.0,140090.0
2024-01-01,131830.0,135963.0
2024-01-02,170081.0,173978.0
2024-01-03,180935.0,182873.0
2024-01-04,184669.0,187735.0
2024-01-05,187407.0,188453.0
2024-01-06,167080.0,167224.0
2024-01-07,175469.0,175701.0
2024-01-08,216042.0,216434.0
2024-01-09,220883.0,226566.0
2024-01-10,225395.0,225968.0
2024-01-11,224270.0,225425.0
2024-01-12,216777.0,215341.0
2024-01-13,189765.0,187650.0
2024-01-14,183060.0,183784.0
2024-01-15,213053.0,213544.0
2024-01-16,214123.0,215129.0
2024-01-17,214496.0,218493.0
2024-01-18,208831.0,212237.0
2024-01-19,211496.0,214273.0
2024-01-20,189844.0,192349.0
2024-01-21,186205.0,191264.0
2024-01-22,213335.0,214890.0
2024-01-23,208866.0,209802.0
2024-01-24,204850.0,204157.0
2024-01-25,200340.0,200252.0
2024-01-26,200209.0,197446.0
2024-01-27,174542.0,173903.0
2024-01-28,171909.0,173997.0
2024-01-29,204602.0,203411.0
2024-01-30,207050.0,208271.0
2024-01-31,207032.0,208268.0
2024-02-01,206681.0,203771.0
2024-02-02,200220.0,197269.0
2024-02-03,170028.0,167938.0
2024-02-04,162263.0,163330.0
2024-02-05,188457.0,188620.0
2024-02-06,190736.0,192543.0
2024-02-07,191049.0,194257.0
2024-02-08,193822.0,196809.0
2024-02-09,187634.0,185360.0
2024-02-10,160278.0,158798.0
2024-02-11,157502.0,157649.0
2024-02-12,187811.0,186055.0
2024-02-13,191415.0,190393.0
2024-02-14,193394.0,194056.0
2024-02-15,188027.0,186710.0
2024-02-16,183892.0,183254.0
2024-02-17,160237.0,159274.0
2024-02-18,157215.0,158064.0
2024-02-19,188001.0,187540.0
2024-02-20,189824.0,190102.0
2024-02-21,189428.0,188421.0
2024-02-22,189679.0,189336.0
2024-02-23,186038.0,186043.0
2024-02-24,162893.0,161601.0
2024-02-25,160464.0,159854.0
2024-02-26,186839.0,189526.0
2024-02-27,188587.0,189112.0
2024-02-28,186954.0,188245.0
2024-02-29,187518.0,189504.0
2024-03-01,179560.0,182352.0
2024-03-02,155173.0,157076.0
2024-03-03,153498.0,152703.0
2024-03-04,181085.0,181163.0
2024-03-05,184430.0,184930.0
2024-03-06,187375.0,186740.0
2024-03-07,189225.0,191556.0
2024-03-08,189118.0,188947.0
2024-03-09,163869.0,162771.0
2024-03-10,156079.0,155287.0
2024-03-11,180825.0,179445.0
2024-03-12,185373.0,182576.0
2024-03-13,183751.0,182825.0
2024-03-14,180244.0,181563.0
2024-03-15,175367.0,175134.0
2024-03-16,153271.0,151766.0
2024-03-17,153052.0,152521.0
2024-03-18,185222.0,184218.0
2024-03-19,189319.0,187990.0
2024-03-20,186499.0,186533.0
2024-03-21,181230.0,182706.0
2024-03-22,177023.0,177027.0
2024-03-23,154368.0,155746.0
2024-03-24,157426.0,158232.0
2024-03-25,186913.0,185913.0
2024-03-26,184442.0,184687.0
2024-03-27,178123.0,178999.0
2024-03-28,177287.0,175527.0
2024-03-29,149374.0,149001.0
2024-03-30,136647.0,139484.0
2024-03-31,126732.0,130293.0
2024-04-01,129764.0,131535.0
2024-04-02,168360.0,168489.0
2024-04-03,171363.0,174536.0
2024-04-04,171462.0,174313.0
2024-04-05,168003.0,168887.0
2024-04-06,142844.0,140577.0
2024-04-07,138505.0,136159.0
2024-04-08,164686.0,161670.0
2024-04-09,165887.0,165363.0
2024-04-10,168246.0,167904.0
2024-04-11,169457.0,167201.0
2024-04-12,163787.0,162124.0
2024-04-13,138825.0,137951.0
2024-04-14,135805.0,134509.0
2024-04-15,164173.0,163333.0
2024-04-16,170854.0,170426.0
2024-04-17,175080.0,172868.0
2024-04-18,176567.0,175027.0
2024-04-19,177832.0,176285.0
2024-04-20,158082.0,154274.0
2024-04-21,156295.0,152899.0
2024-04-22,181504.0,180447.0
2024-04-23,183547.0,182316.0
2024-04-24,181006.0,182094.0
2024-04-25,181243.0,180714.0
2024-04-26,176000.0,172183.0
2024-04-27,144654.0,140967.0
2024-04-28,135818.0,136007.0
2024-04-29,158393.0,160857.0
2024-04-30,158998.0,158431.0
2024-05-01,136424.0,141438.0
2024-05-02,156297.0,157002.0
2024-05-03,157135.0,153528.0
2024-05-04,132651.0,134630.0
2024-05-05,130397.0,132221.0
2024-05-06,158669.0,158013.0
2024-05-07,161961.0,159867.0
2024-05-08,136259.0,142951.0
2024-05-09,156059.0,159064.0
2024-05-10,157032.0,152972.0
2024-05-11,133825.0,133347.0
2024-05-12,131031.0,132543.0
2024-05-13,157982.0,159694.0
2024-05-14,160019.0,162976.0
2024-05-15,161359.0,162837.0
2024-05-16,161259.0,162019.0
2024-05-17,158138.0,161333.0
2024-05-18,135372.0,135586.0
2024-05-19,132593.0,132534.0
2024-05-20,159302.0,160019.0
2024-05-21,162203.0,162557.0
2024-05-22,162160.0,162759.0
2024-05-23,160693.0,162677.0
2024-05-24,157209.0,157323.0
2024-05-25,134254.0,133708.0
2024-05-26,131664.0,132370.0
2024-05-27,158458.0,158287.0
2024-05-28,160537.0,162564.0
2024-05-29,160657.0,163156.0
2024-05-30,160856.0,161666.0
2024-05-31,157382.0,157391.0
2024-06-01,134280.0,134487.0
2024-06-02,132242.0,132026.0
2024-06-03,159063.0,158413.0
2024-06-04,161231.0,160603.0
2024-06-05,162439.0,163232.0
2024-06-06,161983.0,162607.0
2024-06-07,157935.0,159043.0
2024-06-08,135002.0,136374.0
2024-06-09,132379.0,134204.0
2024-06-10,158567.0,160752.0
2024-06-11,161870.0,162062.0
2024-06-12,162557.0,162540.0
2024-06-13,162217.0,162760.0
2024-06-14,159150.0,157219.0
2024-06-15,135646.0,134430.0
2024-06-16,131649.0,133158.0
2024-06-17,160852.0,160810.0
2024-06-18,165494.0,165099.0
2024-06-19,168212.0,166418.0
2024-06-20,163734.0,163348.0
2024-06-21,161721.0,160867.0
2024-06-22,137219.0,134634.0
2024-06-23,132303.0,132662.0
2024-06-24,159858.0,159110.0
2024-06-25,163563.0,162301.0
2024-06-26,164909.0,166415.0
2024-06-27,165584.0,166383.0
2024-06-28,162333.0,162519.0
2024-06-29,139966.0,138348.0
2024-06-30,520795.0,515268.0
2024-07-01,633042.0,619724.0
2024-07-02,628381.0,625749.0
2024-07-03,628293.0,626998.0
2024-07-04,613783.0,611693.0
2024-07-05,523879.0,522611.0
2024-07-06,507382.0,486715.0
2024-07-07,512870.0,487319.0
2024-07-08,596884.0,598008.0
2024-07-09,635478.0,625865.0
2024-07-10,640095.0,649513.0
2024-07-11,639902.0,649960.0
2024-07-12,626743.0,630587.0
2024-07-13,526294.0,506833.0
2024-07-14,516561.0,504140.0
2024-07-15,624541.0,609698.0
2024-07-16,637667.0,620918.0
2024-07-17,629057.0,622389.0
2024-07-18,621316.0,630570.0
2024-07-19,610445.0,615182.0
2024-07-20,518475.0,506693.0
2024-07-21,510154.0,509329.0
2024-07-22,607206.0,605565.0
2024-07-23,606661.0,608807.0
2024-07-24,595828.0,616217.0
2024-07-25,585376.0,612929.0
2024-07-26,574132.0,598772.0
2024-07-27,505937.0,501900.0
2024-07-28,495066.0,486727.0
2024-07-29,567936.0,562388.0
2024-07-30,577131.0,572929.0
2024-07-31,588605.0,596507.0
2024-08-01,584867.0,608746.0
2024-08-02,574194.0,583156.0
2024-08-03,490052.0,481020.0
2024-08-04,484714.0,476215.0
2024-08-05,566544.0,557335.0
2024-08-06,588111.0,578185.0
2024-08-07,595702.0,595034.0
2024-08-08,601781.0,603453.0
2024-08-09,586121.0,592978.0
2024-08-10,512145.0,499080.0
2024-08-11,509971.0,498729.0
2024-08-12,620051.0,602907.0
2024-08-13,635740.0,627667.0
2024-08-14,642305.0,645342.0
2024-08-15,646297.0,650860.0
2024-08-16,633700.0,633316.0
2024-08-17,529589.0,516719.0
2024-08-18,517889.0,506579.0
2024-08-19,615148.0,598162.0
2024-08-20,623300.0,621753.0
2024-08-21,625634.0,633129.0
2024-08-22,614568.0,632067.0
2024-08-23,613046.0,623953.0
2024-08-24,529321.0,519289.0
2024-08-25,520855.0,509896.0
2024-08-26,613043.0,613269.0
2024-08-27,624274.0,634995.0
2024-08-28,642849.0,661497.0
2024-08-29,656510.0,671670.0
2024-08-30,643154.0,647993.0
2024-08-31,541331.0,551165.0
2024-09-01,527426.0,544791.0
2024-09-02,642871.0,653440.0
2024-09-03,667894.0,669041.0
2024-09-04,670199.0,673823.0
2024-09-05,666450.0,673063.0
2024-09-06,645533.0,645704.0
2024-09-07,547281.0,551821.0
2024-09-08,541888.0,547360.0
2024-09-09,640756.0,646471.0
2024-09-10,647188.0,647164.0
2024-09-11,649242.0,639579.0
2024-09-12,647678.0,642512.0
2024-09-13,655723.0,640836.0
2024-09-14,557160.0,563063.0
2024-09-15,545222.0,541804.0
2024-09-16,664151.0,647349.0
2024-09-17,658404.0,657149.0
2024-09-18,656714.0,653850.0
2024-09-19,652329.0,647909.0
2024-09-20,634493.0,636508.0
2024-09-21,539443.0,542656.0
2024-09-22,530475.0,534981.0
2024-09-23,636936.0,639265.0
2024-09-24,649455.0,655023.0
2024-09-25,655089.0,656124.0
2024-09-26,654923.0,657249.0
2024-09-27,637944.0,642557.0
2024-09-28,526547.0,543103.0
2024-09-29,546238.0,555071.0
2024-09-30,662678.0,669475.0
2024-10-01,679369.0,678843.0
2024-10-02,688761.0,691485.0
2024-10-03,689437.0,690951.0
2024-10-04,680017.0,682261.0
2024-10-05,589590.0,595858.0
2024-10-06,576885.0,589479.0
2024-10-07,686215.0,690324.0
2024-10-08,688467.0,688725.0
2024-10-09,681443.0,685116.0
2024-10-10,680485.0,685784.0
2024-10-11,671773.0,684987.0
2024-10-12,593263.0,602815.0
2024-10-13,580071.0,585424.0
2024-10-14,691921.0,697441.0
2024-10-15,711318.0,706271.0
2024-10-16,714292.0,712065.0
2024-10-17,703394.0,704818.0
2024-10-18,681798.0,682732.0
2024-10-19,589818.0,591769.0
2024-10-20,582445.0,591588.0
2024-10-21,691829.0,699938.0
2024-10-22,704640.0,712757.0
2024-10-23,711148.0,714410.0
2024-10-24,712429.0,718558.0
2024-10-25,694582.0,698612.0
2024-10-26,601752.0,592751.0
2024-10-27,602345.0,587236.0
2024-10-28,591085.0,584136.0
2024-10-29,683964.0,685234.0
2024-10-30,702714.0,699001.0
2024-10-31,707943.0,706504.0
2024-11-01,698926.0,700028.0
2024-11-02,611170.0,609325.0
2024-11-03,620828.0,630387.0
2024-11-04,739663.0,751316.0
2024-11-05,744448.0,751736.0
2024-11-06,759616.0,761461.0
2024-11-07,749703.0,759256.0
2024-11-08,740776.0,756573.0
2024-11-09,651922.0,668965.0
2024-11-10,654624.0,672042.0
2024-11-11,778089.0,802670.0
2024-11-12,798500.0,816887.0
2024-11-13,803174.0,813694.0
2024-11-14,801716.0,800470.0
2024-11-15,772175.0,766192.0
2024-11-16,681102.0,664501.0
2024-11-17,648232.0,659203.0
2024-11-18,781347.0,782846.0
2024-11-19,783843.0,779524.0
2024-11-20,789575.0,795794.0
2024-11-21,816788.0,806270.0
2024-11-22,813362.0,803980.0
2024-11-23,711491.0,702916.0
2024-11-24,683403.0,674834.0
2024-11-25,785788.0,776835.0
2024-11-26,796054.0,789023.0
2024-11-27,794422.0,793525.0
2024-11-28,782922.0,784827.0
2024-11-29,770982.0,772348.0
2024-11-30,686730.0,692604.0
2024-12-01,684855.0,694978.0
2024-12-02,807139.0,815102.0
2024-12-03,819958.0,815899.0
2024-12-04,823661.0,812797.0
2024-12-05,831272.0,821865.0
2024-12-06,818025.0,809745.0
2024-12-07,699577.0,695359.0
2024-12-08,682111.0,688542.0
2024-12-09,809264.0,816033.0
2024-12-10,817611.0,830691.0
2024-12-11,828066.0,830604.0
2024-12-12,834307.0,829661.0
2024-12-13,823583.0,821473.0
2024-12-14,720687.0,725438.0
2024-12-15,696914.0,696618.0
2024-12-16,778566.0,765890.0
2024-12-17,752402.0,749719.0
2024-12-18,764205.0,743935.0
2024-12-19,729829.0,710042.0
2024-12-20,703196.0,687399.0
2024-12-21,642955.0,639728.0
2024-12-22,622100.0,625318.0
2024-12-23,647750.0,646227.0
2024-12-24,561615.0,573271.0
2024-12-25,559412.0,567577.0
2024-12-26,598985.0,606797.0
2024-12-27,643248.0,653804.0
2024-12-28,637738.0,644785.0
2024-12-29,631113.0,648852.0
2024-12-30,662476.0,680624.0
2024-12-31,642839.0,636715.0
