Date,Day-ahead Total Load Forecast [MW] - BZN|DE-LU,Actual Total Load [MW] - BZN|DE-LU
2019-01-01,4586479.0,4432537.0
2019-01-02,5348921.0,5609349.0
2019-01-03,5545841.0,5923985.0
2019-01-04,5318826.0,6007229.0
2019-01-05,5081081.0,5317585.0
2019-01-06,4726589.0,4880089.0
2019-01-07,5554804.0,6162640.0
2019-01-08,5986077.0,6485239.0
2019-01-09,6002898.0,6565937.0
2019-01-10,6080350.0,6396868.0
2019-01-11,5925709.0,6500730.0
2019-01-12,5255555.0,5542848.0
2019-01-13,5027964.0,5173616.0
2019-01-14,5962677.0,6328894.0
2019-01-15,6257308.0,6492068.0
2019-01-16,6291997.0,6492219.0
2019-01-17,6307187.0,6563660.0
2019-01-18,6210010.0,6311094.0
2019-01-19,5496524.0,5507151.0
2019-01-20,5165046.0,5173468.0
2019-01-21,6107825.0,6467784.0
2019-01-22,6306198.0,6689467.0
2019-01-23,6183504.0,6666973.0
2019-01-24,6300324.0,6605208.0
2019-01-25,6217626.0,6564186.0
2019-01-26,5472892.0,5718202.0
2019-01-27,5057524.0,5150520.0
2019-01-28,6059765.0,6411013.0
2019-01-29,6129282.0,6478536.0
2019-01-30,6236330.0,6555811.0
2019-01-31,6256504.0,6464329.0
2019-02-01,6150975.0,6464215.0
2019-02-02,5464738.0,5530443.0
2019-02-03,5103619.0,5197882.0
2019-02-04,6045038.0,6398427.0
2019-02-05,6249512.0,6542114.0
2019-02-06,6287964.0,6524828.0
2019-02-07,6330592.0,6564179.0
2019-02-08,6113319.0,6410437.0
2019-02-09,5476108.0,5530976.0
2019-02-10,4904677.0,5050368.0
2019-02-11,5986084.0,6337874.0
2019-02-12,6167346.0,6412408.0
2019-02-13,6222845.0,6444529.0
2019-02-14,6179711.0,6315538.0
2019-02-15,6054265.0,6181191.0
2019-02-16,5298613.0,5310691.0
2019-02-17,4967685.0,4857380.0
2019-02-18,6001159.0,5997786.0
2019-02-19,6129484.0,6313813.0
2019-02-20,5970290.0,6247335.0
2019-02-21,6066669.0,6236733.0
2019-02-22,5931620.0,6105688.0
2019-02-23,5117043.0,5270958.0
2019-02-24,4772999.0,4794007.0
2019-02-25,5798692.0,5943705.0
2019-02-26,5858536.0,6003069.0
2019-02-27,5741968.0,6066968.0
2019-02-28,5813839.0,6046808.0
2019-03-01,5764892.0,6028737.0
2019-03-02,4932781.0,5218844.0
2019-03-03,4565643.0,4831405.0
2019-03-04,5531090.0,5946553.0
2019-03-05,5780648.0,6128078.0
2019-03-06,5971328.0,6113966.0
2019-03-07,5911122.0,6159861.0
2019-03-08,5744608.0,6035810.0
2019-03-09,5081899.0,5267287.0
2019-03-10,4627560.0,4831641.0
2019-03-11,5797389.0,6078063.0
2019-03-12,6010042.0,6195817.0
2019-03-13,5966224.0,6299168.0
2019-03-14,6012290.0,6309190.0
2019-03-15,5976281.0,6180592.0
2019-03-16,5170765.0,5241280.0
2019-03-17,4741600.0,4866086.0
2019-03-18,5794214.0,5997757.0
2019-03-19,5904981.0,6104574.0
2019-03-20,5918756.0,6129802.0
2019-03-21,5757658.0,6073728.0
2019-03-22,5627954.0,5861985.0
2019-03-23,4856394.0,5007405.0
2019-03-24,4644416.0,4653230.0
2019-03-25,5764102.0,5941278.0
2019-03-26,5771662.0,6061683.0
2019-03-27,5717026.0,6025916.0
2019-03-28,5664024.0,5920773.0
2019-03-29,5527605.0,5725579.0
2019-03-30,4739414.0,4826366.0
2019-03-31,4194188.0,4393940.0
2019-04-01,5430148.0,5663184.0
2019-04-02,5605054.0,5960202.0
2019-04-03,5516771.0,5941944.0
2019-04-04,5504822.0,5979157.0
2019-04-05,5372802.0,5883578.0
2019-04-06,4638875.0,4880049.0
2019-04-07,4296937.0,4445986.0
2019-04-08,5271694.0,5647703.0
2019-04-09,5457167.0,5854419.0
2019-04-10,5526630.0,5852644.0
2019-04-11,5548234.0,5804184.0
2019-04-12,5493479.0,5820636.0
2019-04-13,4780194.0,5070582.0
2019-04-14,4427920.0,4691109.0
2019-04-15,5371959.0,5682532.0
2019-04-16,5480628.0,5859542.0
2019-04-17,5521986.0,5775372.0
2019-04-18,5422761.0,5553530.0
2019-04-19,4427882.0,4368409.0
2019-04-20,4330355.0,4310854.0
2019-04-21,4137780.0,3902791.0
2019-04-22,4216304.0,4110273.0
2019-04-23,5236957.0,5403337.0
2019-04-24,5376682.0,5601578.0
2019-04-25,5392372.0,5603681.0
2019-04-26,5381573.0,5565612.0
2019-04-27,4583228.0,4774174.0
2019-04-28,4174418.0,4415667.0
2019-04-29,5166267.0,5622876.0
2019-04-30,5182357.0,5554946.0
2019-05-01,4326649.0,4386788.0
2019-05-02,5001866.0,5517870.0
2019-05-03,5318688.0,5619985.0
2019-05-04,4692189.0,4909928.0
2019-05-05,4232028.0,4516693.0
2019-05-06,5196444.0,5743662.0
2019-05-07,5300965.0,5812610.0
2019-05-08,5422868.0,5860625.0
2019-05-09,5287096.0,5762528.0
2019-05-10,5309412.0,5687736.0
2019-05-11,4584883.0,4841950.0
2019-05-12,4269302.0,4406135.0
2019-05-13,5232102.0,5553560.0
2019-05-14,5375418.0,5676082.0
2019-05-15,5370894.0,5790172.0
2019-05-16,5331186.0,5880496.0
2019-05-17,5237850.0,5668647.0
2019-05-18,4651096.0,4684483.0
2019-05-19,4226073.0,4338215.0
2019-05-20,5180955.0,5630600.0
2019-05-21,5358568.0,5872044.0
2019-05-22,5332840.0,5759076.0
2019-05-23,5326138.0,5703039.0
2019-05-24,5212883.0,5582362.0
2019-05-25,4481741.0,4666144.0
2019-05-26,4236212.0,4359463.0
2019-05-27,5201832.0,5542448.0
2019-05-28,5311721.0,5615058.0
2019-05-29,5150625.0,5480515.0
2019-05-30,4339842.0,4458716.0
2019-05-31,4715357.0,4863201.0
2019-06-01,4383200.0,4537659.0
2019-06-02,4158621.0,4273800.0
2019-06-03,5174235.0,5532819.0
2019-06-04,5252546.0,5719676.0
2019-06-05,5390995.0,5732807.0
2019-06-06,5516922.0,5655455.0
2019-06-07,5338911.0,5438907.0
2019-06-08,4491818.0,4608404.0
2019-06-09,3995529.0,3990967.0
2019-06-10,4150510.0,4154136.0
2019-06-11,5105171.0,5414955.0
2019-06-12,5346492.0,5671521.0
2019-06-13,5319243.0,5579971.0
2019-06-14,5260415.0,5529779.0
2019-06-15,4499365.0,4709168.0
2019-06-16,4161089.0,4295192.0
2019-06-17,5108694.0,5466869.0
2019-06-18,5255809.0,5696082.0
2019-06-19,5223913.0,5679142.0
2019-06-20,4565341.0,4819854.0
2019-06-21,4927586.0,5067372.0
2019-06-22,4468565.0,4543694.0
2019-06-23,4218463.0,4238045.0
2019-06-24,5120502.0,5595526.0
2019-06-25,5308440.0,5831702.0
2019-06-26,5461037.0,5888194.0
2019-06-27,5417117.0,5786399.0
2019-06-28,5347354.0,5521928.0
2019-06-29,4593044.0,4712665.0
2019-06-30,4339834.0,4413709.0
2019-07-01,5461702.0,5824535.0
2019-07-02,5604875.0,5804467.0
2019-07-03,5737260.0,5739635.0
2019-07-04,5620695.0,5768627.0
2019-07-05,5517765.0,5679264.0
2019-07-06,4870158.0,4814314.0
2019-07-07,4402279.0,4447221.0
2019-07-08,5519534.0,5500180.0
2019-07-09,5677574.0,5608914.0
2019-07-10,5513369.0,5586027.0
2019-07-11,5535916.0,5585596.0
2019-07-12,5447267.0,5518744.0
2019-07-13,4716286.0,4693170.0
2019-07-14,4443756.0,4257064.0
2019-07-15,5421962.0,5412485.0
2019-07-16,5485970.0,5584041.0
2019-07-17,5445650.0,5491823.0
2019-07-18,5419675.0,5507556.0
2019-07-19,5337158.0,5455189.0
2019-07-20,4602088.0,4708901.0
2019-07-21,4291433.0,4336151.0
2019-07-22,5289995.0,5429950.0
2019-07-23,5397447.0,5618706.0
2019-07-24,5487976.0,5713062.0
2019-07-25,5546621.0,5763334.0
2019-07-26,5546752.0,5716180.0
2019-07-27,4834771.0,4857683.0
2019-07-28,4267164.0,4405141.0
2019-07-29,5323623.0,5423718.0
2019-07-30,5458635.0,5594525.0
2019-07-31,5414528.0,5564854.0
2019-08-01,5396478.0,5435378.0
2019-08-02,5312515.0,5327012.0
2019-08-03,4564044.0,4515740.0
2019-08-04,4211831.0,4140623.0
2019-08-05,5269600.0,5182878.0
2019-08-06,5377856.0,5404246.0
2019-08-07,5341498.0,5433519.0
2019-08-08,5318784.0,5495160.0
2019-08-09,5252359.0,5429244.0
2019-08-10,4559244.0,4806534.0
2019-08-11,4148735.0,4366338.0
2019-08-12,5168883.0,5322813.0
2019-08-13,5306946.0,5436382.0
2019-08-14,5247055.0,5361130.0
2019-08-15,5236712.0,5362841.0
2019-08-16,5228684.0,5228102.0
2019-08-17,4540090.0,4633533.0
2019-08-18,4270385.0,4259658.0
2019-08-19,5160960.0,5390309.0
2019-08-20,5058765.0,5414024.0
2019-08-21,5261818.0,5363443.0
2019-08-22,5222951.0,5379725.0
2019-08-23,5128477.0,5315422.0
2019-08-24,4448337.0,4578957.0
2019-08-25,4151868.0,4271836.0
2019-08-26,5200697.0,5504021.0
2019-08-27,5326371.0,5742572.0
2019-08-28,5370341.0,5778943.0
2019-08-29,5433437.0,5674338.0
2019-08-30,5310105.0,5520687.0
2019-08-31,4592285.0,4697818.0
2019-09-01,4295977.0,4332780.0
2019-09-02,5282836.0,5362396.0
2019-09-03,5449103.0,5570720.0
2019-09-04,5443610.0,5549679.0
2019-09-05,5503056.0,5693860.0
2019-09-06,5423221.0,5502643.0
2019-09-07,4682537.0,4614831.0
2019-09-08,4312514.0,4263768.0
2019-09-09,5279264.0,5436073.0
2019-09-10,5342343.0,5619644.0
2019-09-11,5358572.0,5695700.0
2019-09-12,5435127.0,5689217.0
2019-09-13,5478045.0,5662335.0
2019-09-14,4512895.0,4681889.0
2019-09-15,4113293.0,4484924.0
2019-09-16,5210707.0,5570552.0
2019-09-17,5359737.0,5842407.0
2019-09-18,5462993.0,5747217.0
2019-09-19,5523082.0,5592950.0
2019-09-20,5398911.0,5494696.0
2019-09-21,4571077.0,4658140.0
2019-09-22,4306502.0,4330877.0
2019-09-23,5378062.0,5620355.0
2019-09-24,5504576.0,5669579.0
2019-09-25,5430743.0,5685146.0
2019-09-26,5437624.0,5773339.0
2019-09-27,5397715.0,5709454.0
2019-09-28,4762524.0,4912242.0
2019-09-29,4393701.0,4624176.0
2019-09-30,5503118.0,5840026.0
2019-10-01,5523866.0,5857318.0
2019-10-02,5586898.0,5788808.0
2019-10-03,4555795.0,4643355.0
2019-10-04,5162082.0,5126489.0
2019-10-05,4811676.0,4797769.0
2019-10-06,4541839.0,4539067.0
2019-10-07,5558412.0,5628818.0
2019-10-08,5685524.0,5935214.0
2019-10-09,5593968.0,5939147.0
2019-10-10,5690365.0,5993114.0
2019-10-11,5614287.0,6034968.0
2019-10-12,4845323.0,5051145.0
2019-10-13,4401940.0,4540004.0
2019-10-14,5438482.0,5709710.0
2019-10-15,5609693.0,5868122.0
2019-10-16,5653927.0,5939889.0
2019-10-17,5548094.0,5898605.0
2019-10-18,5579350.0,5879315.0
2019-10-19,4839528.0,5038513.0
2019-10-20,4442958.0,4487233.0
2019-10-21,5587445.0,5694437.0
2019-10-22,5602191.0,5834782.0
2019-10-23,5580428.0,5832781.0
2019-10-24,5636787.0,5887690.0
2019-10-25,5519069.0,5876628.0
2019-10-26,4917500.0,5168239.0
2019-10-27,4634432.0,4950997.0
2019-10-28,5505084.0,5862389.0
2019-10-29,5677316.0,5954327.0
2019-10-30,5682951.0,5927402.0
2019-10-31,5395632.0,5572513.0
2019-11-01,5053739.0,5121381.0
2019-11-02,4885649.0,4945092.0
2019-11-03,4699704.0,4562983.0
2019-11-04,5714540.0,5773588.0
2019-11-05,5666972.0,5988202.0
2019-11-06,5711839.0,6028573.0
2019-11-07,5703244.0,6098517.0
2019-11-08,5592007.0,5954772.0
2019-11-09,4903962.0,5138931.0
2019-11-10,4580054.0,4800331.0
2019-11-11,5646564.0,6164232.0
2019-11-12,5818129.0,6329447.0
2019-11-13,5936568.0,6184096.0
2019-11-14,5919913.0,6143491.0
2019-11-15,5725052.0,6209555.0
2019-11-16,5026348.0,5323748.0
2019-11-17,4624376.0,4973624.0
2019-11-18,5736877.0,6192638.0
2019-11-19,6041750.0,6400084.0
2019-11-20,5962500.0,6167762.0
2019-11-21,5897276.0,6229595.0
2019-11-22,5827919.0,6191386.0
2019-11-23,5113239.0,5402647.0
2019-11-24,4728026.0,4905300.0
2019-11-25,5796447.0,6048815.0
2019-11-26,6063654.0,6245872.0
2019-11-27,6005147.0,6412541.0
2019-11-28,6049569.0,6453667.0
2019-11-29,6005468.0,6241695.0
2019-11-30,5268556.0,5217567.0
2019-12-01,4826916.0,4975882.0
2019-12-02,5801986.0,6050048.0
2019-12-03,5910085.0,6353810.0
2019-12-04,5905200.0,6389064.0
2019-12-05,6041924.0,6515667.0
2019-12-06,6038101.0,6549385.0
2019-12-07,5364760.0,5574314.0
2019-12-08,4820685.0,5224461.0
2019-12-09,6006767.0,6296435.0
2019-12-10,6042572.0,6424536.0
2019-12-11,6237054.0,6513230.0
2019-12-12,6269691.0,6396305.0
2019-12-13,6071273.0,6309725.0
2019-12-14,5446428.0,5503152.0
2019-12-15,5078504.0,5180494.0
2019-12-16,6075079.0,6037414.0
2019-12-17,6186070.0,6040472.0
2019-12-18,5893967.0,5993449.0
2019-12-19,5991966.0,5910875.0
2019-12-20,5794142.0,5628514.0
2019-12-21,4999525.0,4953165.0
2019-12-22,4780256.0,4687464.0
2019-12-23,5223276.0,5054308.0
2019-12-24,4838003.0,4596070.0
2019-12-25,4331621.0,4301822.0
2019-12-26,4215628.0,4287895.0
2019-12-27,4965439.0,4741343.0
2019-12-28,4598306.0,4668851.0
2019-12-29,4352760.0,4545154.0
2019-12-30,5080178.0,5045346.0
2019-12-31,4960452.0,4723550.0
2020-01-01,4618260.0,4406747.0
2020-01-02,5472315.0,5380873.0
2020-01-03,5591437.0,5590304.0
2020-01-04,5206994.0,5265109.0
2020-01-05,4521768.0,4796788.0
2020-01-06,5260294.0,5611951.0
2020-01-07,5611405.0,6202178.0
2020-01-08,5784707.0,6347178.0
2020-01-09,5899025.0,6230748.0
2020-01-10,5737892.0,6152659.0
2020-01-11,5255254.0,5367560.0
2020-01-12,4869406.0,5206581.0
2020-01-13,5794248.0,6218839.0
2020-01-14,6176932.0,6525968.0
2020-01-15,6310814.0,6405031.0
2020-01-16,6183376.0,6243293.0
2020-01-17,6106293.0,6245041.0
2020-01-18,5447724.0,5428983.0
2020-01-19,5161780.0,4970401.0
2020-01-20,6134735.0,6179806.0
2020-01-21,6261202.0,6447436.0
2020-01-22,6146194.0,6455248.0
2020-01-23,6134166.0,6418034.0
2020-01-24,6064746.0,6344316.0
2020-01-25,5270807.0,5488555.0
2020-01-26,4921464.0,4988729.0
2020-01-27,5970835.0,6253863.0
2020-01-28,6234771.0,6484285.0
2020-01-29,6236392.0,6650447.0
2020-01-30,6310903.0,6524857.0
2020-01-31,6196080.0,6325002.0
2020-02-01,5415255.0,5505439.0
2020-02-02,4906626.0,5060955.0
2020-02-03,6004110.0,6189781.0
2020-02-04,6164659.0,6496512.0
2020-02-05,6154342.0,6384644.0
2020-02-06,6212217.0,6407160.0
2020-02-07,6053828.0,6159736.0
2020-02-08,5287447.0,5393563.0
2020-02-09,5055960.0,5187154.0
2020-02-10,6095127.0,6413694.0
2020-02-11,6216621.0,6646468.0
2020-02-12,6269030.0,6612462.0
2020-02-13,6258586.0,6523678.0
2020-02-14,6122438.0,6157215.0
2020-02-15,5239712.0,5384772.0
2020-02-16,4975672.0,5185838.0
2020-02-17,6008732.0,6260770.0
2020-02-18,6180755.0,6463646.0
2020-02-19,6167240.0,6392706.0
2020-02-20,6210068.0,6307467.0
2020-02-21,6061364.0,6246942.0
2020-02-22,5347591.0,5508940.0
2020-02-23,5001199.0,5073450.0
2020-02-24,5861677.0,5965134.0
2020-02-25,6169223.0,6229329.0
2020-02-26,6182814.0,6224989.0
2020-02-27,6046715.0,6269380.0
2020-02-28,6006533.0,6202083.0
2020-02-29,5269605.0,5424279.0
2020-03-01,4933415.0,4969273.0
2020-03-02,5897944.0,5975577.0
2020-03-03,6029429.0,6077846.0
2020-03-04,5943220.0,6106464.0
2020-03-05,5986380.0,6133678.0
2020-03-06,5868339.0,6176107.0
2020-03-07,5232601.0,5232348.0
2020-03-08,4868166.0,4951668.0
2020-03-09,5785112.0,5883001.0
2020-03-10,5923039.0,6475406.0
2020-03-11,6036604.0,6284155.0
2020-03-12,6130099.0,6330597.0
2020-03-13,5997355.0,6218916.0
2020-03-14,5152612.0,5082433.0
2020-03-15,4838749.0,4917076.0
2020-03-16,5750350.0,5731290.0
2020-03-17,5960211.0,5846615.0
2020-03-18,5853463.0,5845226.0
2020-03-19,5955303.0,5615261.0
2020-03-20,5788432.0,5529649.0
2020-03-21,5072524.0,5067558.0
2020-03-22,4801968.0,4746628.0
2020-03-23,5808700.0,5589840.0
2020-03-24,5869281.0,5617599.0
2020-03-25,5857635.0,5594002.0
2020-03-26,5817778.0,5524586.0
2020-03-27,5604943.0,5361891.0
2020-03-28,4950674.0,4719257.0
2020-03-29,4511288.0,4565619.0
2020-03-30,5535811.0,5434517.0
2020-03-31,5675140.0,5456894.0
2020-04-01,5620253.0,5617759.0
2020-04-02,5561851.0,5591379.0
2020-04-03,5494111.0,5536373.0
2020-04-04,4743942.0,4614831.0
2020-04-05,4426135.0,4425329.0
2020-04-06,5369717.0,5205191.0
2020-04-07,5432908.0,5196597.0
2020-04-08,5346906.0,5119607.0
2020-04-09,5296731.0,5074394.0
2020-04-10,4337044.0,4187153.0
2020-04-11,4256272.0,4204963.0
2020-04-12,3865856.0,3999091.0
2020-04-13,4260869.0,4218248.0
2020-04-14,5277296.0,5049300.0
2020-04-15,5252125.0,5194563.0
2020-04-16,5162818.0,5179376.0
2020-04-17,5111974.0,5007255.0
2020-04-18,4358531.0,4408853.0
2020-04-19,4013467.0,4244862.0
2020-04-20,5106793.0,5207867.0
2020-04-21,5200149.0,5391976.0
2020-04-22,5311045.0,5305254.0
2020-04-23,5311160.0,5173549.0
2020-04-24,5206644.0,5086709.0
2020-04-25,4422789.0,4474245.0
2020-04-26,4168293.0,4143483.0
2020-04-27,5165508.0,5018236.0
2020-04-28,5369656.0,5171545.0
2020-04-29,5307386.0,5239026.0
2020-04-30,5315778.0,5198992.0
2020-05-01,4414579.0,4251332.0
2020-05-02,4509757.0,4331360.0
2020-05-03,4189662.0,4117867.0
2020-05-04,5212497.0,5123262.0
2020-05-05,5293721.0,5293658.0
2020-05-06,5309258.0,5280601.0
2020-05-07,5229610.0,5213336.0
2020-05-08,5145970.0,5029610.0
2020-05-09,4412176.0,4337609.0
2020-05-10,4096291.0,4111765.0
2020-05-11,5071691.0,5411060.0
2020-05-12,5318474.0,5396080.0
2020-05-13,5338061.0,5302554.0
2020-05-14,5300598.0,5305868.0
2020-05-15,5144077.0,5269146.0
2020-05-16,4446837.0,4556038.0
2020-05-17,4096327.0,4244127.0
2020-05-18,5208604.0,5184228.0
2020-05-19,5281770.0,5288200.0
2020-05-20,5226445.0,5051018.0
2020-05-21,4215035.0,4122491.0
2020-05-22,5013717.0,4679273.0
2020-05-23,4494425.0,4483585.0
2020-05-24,4117895.0,4264133.0
2020-05-25,5174555.0,5226816.0
2020-05-26,5235747.0,5172612.0
2020-05-27,5174831.0,5241851.0
2020-05-28,5157629.0,5235726.0
2020-05-29,5042652.0,4994128.0
2020-05-30,4395815.0,4352779.0
2020-05-31,3863564.0,4033280.0
2020-06-01,4078389.0,3978721.0
2020-06-02,5052609.0,5070463.0
2020-06-03,5121219.0,5233073.0
2020-06-04,5228374.0,5383653.0
2020-06-05,5190941.0,5292591.0
2020-06-06,4483875.0,4629942.0
2020-06-07,4099545.0,4193071.0
2020-06-08,5140692.0,5084817.0
2020-06-09,5202051.0,5232722.0
2020-06-10,5181224.0,5217987.0
2020-06-11,4514706.0,4609093.0
2020-06-12,4876372.0,4821082.0
2020-06-13,4427713.0,4452801.0
2020-06-14,4093315.0,4227340.0
2020-06-15,5075813.0,5112621.0
2020-06-16,5203607.0,5253984.0
2020-06-17,5174562.0,5264269.0
2020-06-18,5246022.0,5290285.0
2020-06-19,5276627.0,5096005.0
2020-06-20,4466616.0,4436152.0
2020-06-21,4143048.0,4082109.0
2020-06-22,5092013.0,5156739.0
2020-06-23,5114360.0,5263425.0
2020-06-24,5187788.0,5243007.0
2020-06-25,5259394.0,5332823.0
2020-06-26,5118954.0,5164951.0
2020-06-27,4419318.0,4445934.0
2020-06-28,4044834.0,4141477.0
2020-06-29,5039558.0,5169170.0
2020-06-30,5261709.0,5435475.0
2020-07-01,5226775.0,5430244.0
2020-07-02,5232336.0,5360470.0
2020-07-03,5153566.0,5148061.0
2020-07-04,4461993.0,4634276.0
2020-07-05,4091621.0,4410282.0
2020-07-06,5088861.0,5450816.0
2020-07-07,5175044.0,5449901.0
2020-07-08,5325254.0,5422970.0
2020-07-09,5234350.0,5424180.0
2020-07-10,5238558.0,5276654.0
2020-07-11,4391869.0,4475627.0
2020-07-12,4075385.0,4072893.0
2020-07-13,5083768.0,5070082.0
2020-07-14,5271150.0,5281218.0
2020-07-15,5264926.0,5338849.0
2020-07-16,5323532.0,5355247.0
2020-07-17,5153861.0,5126048.0
2020-07-18,4372986.0,4306748.0
2020-07-19,3983995.0,3987484.0
2020-07-20,5113593.0,5088281.0
2020-07-21,5217936.0,5220083.0
2020-07-22,5179922.0,5253510.0
2020-07-23,5160298.0,5189862.0
2020-07-24,5074043.0,5153355.0
2020-07-25,4345030.0,4327397.0
2020-07-26,4044302.0,4090469.0
2020-07-27,5059190.0,5037426.0
2020-07-28,5238311.0,5397207.0
2020-07-29,5201745.0,5311329.0
2020-07-30,5164956.0,5218614.0
2020-07-31,5045569.0,5080351.0
2020-08-01,4348224.0,4457266.0
2020-08-02,4046838.0,4087418.0
2020-08-03,5002152.0,5000274.0
2020-08-04,5142404.0,5088991.0
2020-08-05,5057042.0,5172340.0
2020-08-06,5025001.0,5175900.0
2020-08-07,4965597.0,5130192.0
2020-08-08,4306029.0,4473650.0
2020-08-09,4017188.0,4187163.0
2020-08-10,5003966.0,5330904.0
2020-08-11,5173253.0,5586858.0
2020-08-12,5339073.0,5531901.0
2020-08-13,5348396.0,5502444.0
2020-08-14,5254875.0,5298968.0
2020-08-15,4441314.0,4426912.0
2020-08-16,3998203.0,4191441.0
2020-08-17,5020944.0,5287538.0
2020-08-18,5244388.0,5362984.0
2020-08-19,5266765.0,5337501.0
2020-08-20,5275963.0,5446098.0
2020-08-21,5216109.0,5456946.0
2020-08-22,4490003.0,4632625.0
2020-08-23,4097700.0,4292924.0
2020-08-24,5170009.0,5240740.0
2020-08-25,5258530.0,5422170.0
2020-08-26,5357382.0,5730531.0
2020-08-27,5286425.0,5482508.0
2020-08-28,5348716.0,5304454.0
2020-08-29,4382416.0,4489753.0
2020-08-30,4067734.0,4139506.0
2020-08-31,5108678.0,5286125.0
2020-09-01,5234563.0,5424780.0
2020-09-02,5224302.0,5448707.0
2020-09-03,5271204.0,5498852.0
2020-09-04,5162141.0,5381329.0
2020-09-05,4451199.0,4566318.0
2020-09-06,4027951.0,4226262.0
2020-09-07,5086819.0,5291862.0
2020-09-08,5245285.0,5603219.0
2020-09-09,5225889.0,5639982.0
2020-09-10,5218174.0,5548032.0
2020-09-11,5160025.0,5314723.0
2020-09-12,4379370.0,4669772.0
2020-09-13,4088855.0,4276229.0
2020-09-14,5075724.0,5338664.0
2020-09-15,5238357.0,5539398.0
2020-09-16,5282321.0,5641042.0
2020-09-17,5316252.0,5577611.0
2020-09-18,5328143.0,5350883.0
2020-09-19,4517488.0,4549809.0
2020-09-20,4121692.0,4180950.0
2020-09-21,5103780.0,5297210.0
2020-09-22,5277889.0,5482515.0
2020-09-23,5382746.0,5535577.0
2020-09-24,5457517.0,5598466.0
2020-09-25,5403831.0,5456531.0
2020-09-26,4639886.0,4801265.0
2020-09-27,4289790.0,4406268.0
2020-09-28,5338437.0,5459882.0
2020-09-29,5468468.0,5607603.0
2020-09-30,5519027.0,5587754.0
2020-10-01,5573485.0,5699959.0
2020-10-02,5539017.0,5651033.0
2020-10-03,4272505.0,4733573.0
2020-10-04,4271641.0,4538602.0
2020-10-05,5407851.0,5709482.0
2020-10-06,5648787.0,5983302.0
2020-10-07,5743879.0,5898413.0
2020-10-08,5683896.0,6042808.0
2020-10-09,5602270.0,5695121.0
2020-10-10,4901810.0,4942934.0
2020-10-11,4410592.0,4608637.0
2020-10-12,5553201.0,5639876.0
2020-10-13,5761886.0,5760664.0
2020-10-14,5783042.0,6083065.0
2020-10-15,5875548.0,6058803.0
2020-10-16,5738650.0,5739034.0
2020-10-17,4913956.0,4856392.0
2020-10-18,4570480.0,4706099.0
2020-10-19,5526168.0,5703365.0
2020-10-20,5579014.0,5952262.0
2020-10-21,5623353.0,6002237.0
2020-10-22,5812354.0,6007649.0
2020-10-23,5770929.0,5787203.0
2020-10-24,4932549.0,5047377.0
2020-10-25,4734566.0,4952681.0
2020-10-26,5650953.0,5792812.0
2020-10-27,5841144.0,6049695.0
2020-10-28,5832892.0,6102962.0
2020-10-29,5891869.0,6125645.0
2020-10-30,5860733.0,5892313.0
2020-10-31,4708882.0,4803889.0
2020-11-01,4628116.0,4755449.0
2020-11-02,5681643.0,5965911.0
2020-11-03,5846486.0,5973854.0
2020-11-04,5906131.0,6057317.0
2020-11-05,5849333.0,6078070.0
2020-11-06,5757975.0,5852141.0
2020-11-07,5004879.0,4973735.0
2020-11-08,4683893.0,4618402.0
2020-11-09,5747309.0,5766218.0
2020-11-10,5941952.0,5960856.0
2020-11-11,5858844.0,5987696.0
2020-11-12,5884319.0,6045923.0
2020-11-13,5754482.0,5876277.0
2020-11-14,5001158.0,4993003.0
2020-11-15,4658453.0,4850025.0
2020-11-16,5768111.0,6008896.0
2020-11-17,5866620.0,6180799.0
2020-11-18,5926783.0,6071691.0
2020-11-19,6000067.0,6295565.0
2020-11-20,5906902.0,6048279.0
2020-11-21,5137659.0,5408818.0
2020-11-22,4734590.0,5083086.0
2020-11-23,5804948.0,6158755.0
2020-11-24,5939587.0,6328802.0
2020-11-25,5936700.0,6281365.0
2020-11-26,5930975.0,6268114.0
2020-11-27,5830958.0,6060092.0
2020-11-28,5040124.0,5337670.0
2020-11-29,4800890.0,5026710.0
2020-11-30,5823336.0,6276410.0
2020-12-01,5964864.0,6338731.0
2020-12-02,6007247.0,6338068.0
2020-12-03,6124197.0,6607714.0
2020-12-04,6078062.0,6417172.0
2020-12-05,5347003.0,5375293.0
2020-12-06,4818693.0,5074027.0
2020-12-07,5886988.0,6332452.0
2020-12-08,6057610.0,6259604.0
2020-12-09,6082450.0,6365305.0
2020-12-10,6029190.0,6361336.0
2020-12-11,5920612.0,6378428.0
2020-12-12,5130043.0,5424237.0
2020-12-13,4764946.0,4949052.0
2020-12-14,5907774.0,6131499.0
2020-12-15,6041178.0,6227775.0
2020-12-16,6009688.0,6085421.0
2020-12-17,5905605.0,6130665.0
2020-12-18,5797644.0,5890203.0
2020-12-19,5103492.0,5199211.0
2020-12-20,4678990.0,4823316.0
2020-12-21,5515593.0,5532884.0
2020-12-22,5523220.0,5595441.0
2020-12-23,5349390.0,5152224.0
2020-12-24,4793151.0,4695487.0
2020-12-25,4297950.0,4425625.0
2020-12-26,4083435.0,4592122.0
2020-12-27,4371967.0,4973515.0
2020-12-28,5045897.0,5021003.0
2020-12-29,5152657.0,5025114.0
2020-12-30,4961783.0,5104338.0
2020-12-31,4577242.0,4756984.0
2021-01-01,4269356.0,4442109.0
2021-01-02,4690214.0,4735672.0
2021-01-03,4384568.0,4896988.0
2021-01-04,5252253.0,5963223.0
2021-01-05,5322175.0,6132925.0
2021-01-06,5219835.0,5873452.0
2021-01-07,5568939.0,6155393.0
2021-01-08,5483542.0,6076273.0
2021-01-09,4884671.0,5379008.0
2021-01-10,4703905.0,5223336.0
2021-01-11,5746816.0,6584210.0
2021-01-12,5849576.0,6642674.0
2021-01-13,6071602.0,6662664.0
2021-01-14,6087137.0,6521932.0
2021-01-15,6110242.0,6379723.0
2021-01-16,5306098.0,5625589.0
2021-01-17,4763517.0,5292340.0
2021-01-18,5967108.0,6415110.0
2021-01-19,6340349.0,6594675.0
2021-01-20,6257996.0,6560428.0
2021-01-21,6400330.0,6551567.0
2021-01-22,6086351.0,6351039.0
2021-01-23,5367447.0,5423637.0
2021-01-24,4875341.0,5094963.0
2021-01-25,5939603.0,6261107.0
2021-01-26,6234766.0,6515504.0
2021-01-27,6139613.0,6528568.0
2021-01-28,6107987.0,6465736.0
2021-01-29,6013060.0,6308938.0
2021-01-30,5145348.0,5467238.0
2021-01-31,4741070.0,5250370.0
2021-02-01,5926209.0,6309203.0
2021-02-02,6063254.0,6367362.0
2021-02-03,6123071.0,6453468.0
2021-02-04,6142892.0,6259299.0
2021-02-05,5984477.0,6195939.0
2021-02-06,5107482.0,5590285.0
2021-02-07,4828335.0,5466493.0
2021-02-08,6048244.0,6457812.0
2021-02-09,6219481.0,6621367.0
2021-02-10,6275734.0,6673944.0
2021-02-11,6197340.0,6641582.0
2021-02-12,6171909.0,6549058.0
2021-02-13,5494555.0,5777101.0
2021-02-14,5251585.0,5521351.0
2021-02-15,6191722.0,6622837.0
2021-02-16,6095304.0,6392919.0
2021-02-17,6075993.0,6399201.0
2021-02-18,6064856.0,6301898.0
2021-02-19,5876287.0,6136794.0
2021-02-20,5294704.0,5237245.0
2021-02-21,4825132.0,4794918.0
2021-02-22,5859078.0,5891389.0
2021-02-23,5958092.0,6025868.0
2021-02-24,5812757.0,6056751.0
2021-02-25,5883398.0,5990785.0
2021-02-26,5748687.0,5994121.0
2021-02-27,5003994.0,5145651.0
2021-02-28,4789160.0,4834922.0
2021-03-01,5652366.0,5950028.0
2021-03-02,5805739.0,6010096.0
2021-03-03,5692989.0,6074219.0
2021-03-04,5627175.0,6114479.0
2021-03-05,5623677.0,6073883.0
2021-03-06,4897736.0,5309788.0
2021-03-07,4566673.0,5073798.0
2021-03-08,5510473.0,6013140.0
2021-03-09,5735865.0,6234454.0
2021-03-10,5756963.0,6226977.0
2021-03-11,5838822.0,6500564.0
2021-03-12,5873743.0,6311019.0
2021-03-13,5281290.0,5596977.0
2021-03-14,4706170.0,5191708.0
2021-03-15,5648032.0,6165092.0
2021-03-16,5759914.0,6247445.0
2021-03-17,5933433.0,6162922.0
2021-03-18,5801445.0,6152364.0
2021-03-19,5761987.0,6178730.0
2021-03-20,5171674.0,5358897.0
2021-03-21,5089283.0,5124231.0
2021-03-22,5720055.0,6073726.0
2021-03-23,5876035.0,6137402.0
2021-03-24,5726708.0,6046999.0
2021-03-25,5712245.0,5936974.0
2021-03-26,5594741.0,5815330.0
2021-03-27,4928535.0,5319346.0
2021-03-28,4489443.0,4696971.0
2021-03-29,5578579.0,5807800.0
2021-03-30,5595174.0,5788703.0
2021-03-31,5574394.0,5645688.0
2021-04-01,5449497.0,5577456.0
2021-04-02,4392024.0,4731334.0
2021-04-03,4659897.0,4730890.0
2021-04-04,4293410.0,4439807.0
2021-04-05,4565429.0,4878649.0
2021-04-06,5471921.0,6082133.0
2021-04-07,5623853.0,6357333.0
2021-04-08,5691887.0,6163852.0
2021-04-09,5727959.0,6019563.0
2021-04-10,4851903.0,5017309.0
2021-04-11,4426122.0,4842216.0
2021-04-12,5582020.0,5952849.0
2021-04-13,5576298.0,6141163.0
2021-04-14,5471434.0,6067957.0
2021-04-15,5530929.0,6089011.0
2021-04-16,5432252.0,6019576.0
2021-04-17,4640863.0,5110807.0
2021-04-18,4431384.0,4670600.0
2021-04-19,5413142.0,5812586.0
2021-04-20,5498668.0,5863208.0
2021-04-21,5519672.0,5867830.0
2021-04-22,5511785.0,5928235.0
2021-04-23,5549452.0,5711149.0
2021-04-24,4761228.0,4857285.0
2021-04-25,4222116.0,4512595.0
2021-04-26,5279259.0,5575110.0
2021-04-27,5474558.0,5690447.0
2021-04-28,5531128.0,5697577.0
2021-04-29,5665906.0,5814207.0
2021-04-30,5508373.0,5689829.0
2021-05-01,4436297.0,4505325.0
2021-05-02,4538994.0,4547847.0
2021-05-03,5458740.0,5725158.0
2021-05-04,5755858.0,6113201.0
2021-05-05,5776691.0,6115979.0
2021-05-06,6171420.0,6023766.0
2021-05-07,5927400.0,5763579.0
2021-05-08,4835279.0,4918930.0
2021-05-09,4506800.0,4547532.0
2021-05-10,5599349.0,5603928.0
2021-05-11,5752318.0,5653987.0
2021-05-12,5714981.0,5627047.0
2021-05-13,4494808.0,4564150.0
2021-05-14,5262177.0,4928379.0
2021-05-15,4889244.0,4665558.0
2021-05-16,4632254.0,4419402.0
2021-05-17,5669668.0,5503680.0
2021-05-18,5683663.0,5669711.0
2021-05-19,5616230.0,5636333.0
2021-05-20,5613374.0,5644390.0
2021-05-21,5541860.0,5703828.0
2021-05-22,4778222.0,4963191.0
2021-05-23,4094599.0,4374013.0
2021-05-24,4275258.0,4429120.0
2021-05-25,5435810.0,5576837.0
2021-05-26,5595015.0,5812285.0
2021-05-27,5697283.0,5755796.0
2021-05-28,5632057.0,5481607.0
2021-05-29,4821945.0,4711544.0
2021-05-30,4550075.0,4315491.0
2021-05-31,5219686.0,5313744.0
2021-06-01,5391720.0,5463417.0
2021-06-02,5365599.0,5533096.0
2021-06-03,4681555.0,4999869.0
2021-06-04,5213290.0,5169487.0
2021-06-05,4684766.0,4636851.0
2021-06-06,4391885.0,4344249.0
2021-06-07,5259088.0,5437868.0
2021-06-08,5356316.0,5578537.0
2021-06-09,5487998.0,5606817.0
2021-06-10,5491898.0,5606646.0
2021-06-11,5455064.0,5557369.0
2021-06-12,4662778.0,4856302.0
2021-06-13,4351708.0,4425975.0
2021-06-14,5368557.0,5445447.0
2021-06-15,5537714.0,5655369.0
2021-06-16,5554159.0,5707188.0
2021-06-17,5579216.0,5916157.0
2021-06-18,5562499.0,5836949.0
2021-06-19,4877682.0,5007077.0
2021-06-20,4549228.0,4602936.0
2021-06-21,5547296.0,5719787.0
2021-06-22,5612393.0,5750585.0
2021-06-23,5672836.0,5572739.0
2021-06-24,5578710.0,5550069.0
2021-06-25,5438881.0,5463797.0
2021-06-26,4702654.0,4669108.0
2021-06-27,4400365.0,4352103.0
2021-06-28,5475206.0,5683156.0
2021-06-29,5623667.0,5746726.0
2021-06-30,5642538.0,5705312.0
2021-07-01,5706364.0,5823067.0
2021-07-02,5557199.0,5541518.0
2021-07-03,4571126.0,4685767.0
2021-07-04,4298161.0,4367996.0
2021-07-05,5415033.0,5517229.0
2021-07-06,5533489.0,5783257.0
2021-07-07,5496341.0,5689643.0
2021-07-08,5605073.0,5627039.0
2021-07-09,5441585.0,5582198.0
2021-07-10,4549728.0,4742514.0
2021-07-11,4226288.0,4372734.0
2021-07-12,5311615.0,5600099.0
2021-07-13,5431205.0,5752437.0
2021-07-14,5504055.0,5737503.0
2021-07-15,5541060.0,5605953.0
2021-07-16,5511932.0,5547235.0
2021-07-17,4621685.0,4764584.0
2021-07-18,4274048.0,4435912.0
2021-07-19,5359252.0,5470874.0
2021-07-20,5464917.0,5597115.0
2021-07-21,5489325.0,5519600.0
2021-07-22,5507907.0,5526715.0
2021-07-23,5404559.0,5440551.0
2021-07-24,4681544.0,4713550.0
2021-07-25,4384326.0,4457818.0
2021-07-26,5382703.0,5457451.0
2021-07-27,5487575.0,5556534.0
2021-07-28,5506416.0,5525216.0
2021-07-29,5475839.0,5594079.0
2021-07-30,5429861.0,5395075.0
2021-07-31,4585643.0,4765581.0
2021-08-01,4284907.0,4271845.0
2021-08-02,5249376.0,5256722.0
2021-08-03,5337615.0,5350227.0
2021-08-04,5312957.0,5278993.0
2021-08-05,5279169.0,5347305.0
2021-08-06,5171334.0,5274644.0
2021-08-07,4674770.0,4548980.0
2021-08-08,4265331.0,4362614.0
2021-08-09,5237354.0,5160786.0
2021-08-10,5340492.0,5266672.0
2021-08-11,5266331.0,5288684.0
2021-08-12,5218846.0,5304786.0
2021-08-13,5142619.0,5351729.0
2021-08-14,4520798.0,4667255.0
2021-08-15,4276073.0,4344340.0
2021-08-16,5260124.0,5463944.0
2021-08-17,5369216.0,5609426.0
2021-08-18,5567259.0,5588964.0
2021-08-19,5517829.0,5551521.0
2021-08-20,5341838.0,5332593.0
2021-08-21,4603890.0,4526802.0
2021-08-22,4346907.0,4298583.0
2021-08-23,5399862.0,5420438.0
2021-08-24,5451042.0,5475394.0
2021-08-25,5354037.0,5534777.0
2021-08-26,5383420.0,5552153.0
2021-08-27,5444523.0,5434252.0
2021-08-28,4558238.0,4648206.0
2021-08-29,4339052.0,4427280.0
2021-08-30,5319164.0,5552428.0
2021-08-31,5419816.0,5660795.0
2021-09-01,5426119.0,5576557.0
2021-09-02,5466043.0,5487269.0
2021-09-03,5354390.0,5439557.0
2021-09-04,4648477.0,4624477.0
2021-09-05,4386040.0,4315099.0
2021-09-06,5354349.0,5343769.0
2021-09-07,5448675.0,5496387.0
2021-09-08,5442297.0,5555481.0
2021-09-09,5485488.0,5600790.0
2021-09-10,5509653.0,5516815.0
2021-09-11,4618877.0,4669045.0
2021-09-12,4359973.0,4406295.0
2021-09-13,5369306.0,5406771.0
2021-09-14,5490438.0,5567651.0
2021-09-15,5576534.0,5737859.0
2021-09-16,5581825.0,5732006.0
2021-09-17,5551213.0,5532213.0
2021-09-18,4651695.0,4744134.0
2021-09-19,4404142.0,4390619.0
2021-09-20,5418496.0,5424779.0
2021-09-21,5527596.0,5596492.0
2021-09-22,5604911.0,5633307.0
2021-09-23,5709416.0,5839255.0
2021-09-24,5590613.0,5741173.0
2021-09-25,4617496.0,4826552.0
2021-09-26,4431442.0,4491630.0
2021-09-27,5506800.0,5629716.0
2021-09-28,5584646.0,5644737.0
2021-09-29,5651865.0,5819305.0
2021-09-30,5635181.0,5851235.0
2021-10-01,5727844.0,5766047.0
2021-10-02,4783644.0,4901724.0
2021-10-03,4410437.0,4812721.0
2021-10-04,5535214.0,5637904.0
2021-10-05,5692613.0,5842395.0
2021-10-06,5784176.0,5829465.0
2021-10-07,5760405.0,5719005.0
2021-10-08,5551472.0,5601561.0
2021-10-09,4801812.0,4852897.0
2021-10-10,4778969.0,4634057.0
2021-10-11,5710719.0,5845194.0
2021-10-12,5806157.0,6068078.0
2021-10-13,5857860.0,5997607.0
2021-10-14,5912675.0,6108582.0
2021-10-15,5809013.0,6053121.0
2021-10-16,4877521.0,5143843.0
2021-10-17,4621641.0,4795762.0
2021-10-18,5767977.0,5798568.0
2021-10-19,5928993.0,6093407.0
2021-10-20,5953978.0,6215731.0
2021-10-21,6205843.0,6275312.0
2021-10-22,6187337.0,6164007.0
2021-10-23,4945183.0,5196698.0
2021-10-24,4676676.0,4800725.0
2021-10-25,5782163.0,5959810.0
2021-10-26,5941238.0,6132173.0
2021-10-27,5990623.0,6195503.0
2021-10-28,6020451.0,6086954.0
2021-10-29,5948519.0,5988208.0
2021-10-30,5119374.0,5172828.0
2021-10-31,4812203.0,4941817.0
2021-11-01,4884064.0,5250877.0
2021-11-02,5868610.0,5844067.0
2021-11-03,5938020.0,5971035.0
2021-11-04,5925471.0,6274252.0
2021-11-05,5770866.0,6211148.0
2021-11-06,5199841.0,5389722.0
2021-11-07,4929152.0,5165286.0
2021-11-08,5893326.0,6053698.0
2021-11-09,5987892.0,6256706.0
2021-11-10,5937932.0,6316218.0
2021-11-11,6098964.0,6059791.0
2021-11-12,5884497.0,5989034.0
2021-11-13,5263334.0,5327627.0
2021-11-14,5087858.0,4747224.0
2021-11-15,5901765.0,5900360.0
2021-11-16,5906377.0,6004133.0
2021-11-17,5879520.0,6142795.0
2021-11-18,6043727.0,6242145.0
2021-11-19,6124242.0,6086446.0
2021-11-20,5123459.0,5429323.0
2021-11-21,4792741.0,5140485.0
2021-11-22,5851285.0,6225611.0
2021-11-23,5988447.0,6311234.0
2021-11-24,6193923.0,6249438.0
2021-11-25,6159272.0,6466292.0
2021-11-26,6048319.0,6373471.0
2021-11-27,5476985.0,5546768.0
2021-11-28,5035322.0,5207436.0
2021-11-29,6123604.0,6395474.0
2021-11-30,6305553.0,6793702.0
2021-12-01,6408702.0,6710104.0
2021-12-02,6537993.0,6717364.0
2021-12-03,6554772.0,6734602.0
2021-12-04,5435606.0,5672632.0
2021-12-05,5120187.0,5321963.0
2021-12-06,6177314.0,6413399.0
2021-12-07,6364471.0,6632035.0
2021-12-08,6467665.0,6692847.0
2021-12-09,6501949.0,6480876.0
2021-12-10,6343497.0,6354825.0
2021-12-11,5436452.0,5582630.0
2021-12-12,5146777.0,5337430.0
2021-12-13,6123891.0,6217471.0
2021-12-14,6211524.0,6348539.0
2021-12-15,6160793.0,6390730.0
2021-12-16,6018187.0,6301524.0
2021-12-17,5960713.0,6108516.0
2021-12-18,5143043.0,5539020.0
2021-12-19,4950456.0,5284160.0
2021-12-20,5798303.0,6006161.0
2021-12-21,5916649.0,6010089.0
2021-12-22,5799480.0,6061814.0
2021-12-23,5720528.0,5869374.0
2021-12-24,5008248.0,5062511.0
2021-12-25,4483636.0,4681465.0
2021-12-26,4435544.0,4803808.0
2021-12-27,5516909.0,5429898.0
2021-12-28,5647368.0,5429205.0
2021-12-29,5631237.0,5105364.0
2021-12-30,5655449.0,5231124.0
2021-12-31,4867797.0,4889327.0
2022-01-01,4256821.0,4339192.0
2022-01-02,4893343.0,4756107.0
2022-01-03,5790309.0,5820452.0
2022-01-04,6026514.0,5977013.0
2022-01-05,6223270.0,6300962.0
2022-01-06,5860820.0,5940323.0
2022-01-07,6115343.0,6225253.0
2022-01-08,5371474.0,5601565.0
2022-01-09,5154044.0,5304802.0
2022-01-10,6125298.0,6212700.0
2022-01-11,6209009.0,6384363.0
2022-01-12,6174323.0,6427356.0
2022-01-13,6196850.0,6620184.0
2022-01-14,6152147.0,6481115.0
2022-01-15,5526962.0,5477245.0
2022-01-16,5306233.0,5430970.0
2022-01-17,6083400.0,6553139.0
2022-01-18,6255835.0,6376449.0
2022-01-19,6403158.0,6654434.0
2022-01-20,6172111.0,6751483.0
2022-01-21,6378267.0,6646301.0
2022-01-22,5354399.0,5575498.0
2022-01-23,5093522.0,5129066.0
2022-01-24,6303623.0,6251379.0
2022-01-25,6282613.0,6453343.0
2022-01-26,6120564.0,6633293.0
2022-01-27,6180207.0,6706422.0
2022-01-28,6246855.0,6523558.0
2022-01-29,5466426.0,5724557.0
2022-01-30,4888905.0,5210614.0
2022-01-31,5949122.0,6544753.0
2022-02-01,6137913.0,6727579.0
2022-02-02,6206317.0,6510573.0
2022-02-03,6212660.0,6435965.0
2022-02-04,5912865.0,6375735.0
2022-02-05,5403996.0,5647963.0
2022-02-06,5266082.0,5443974.0
2022-02-07,6080572.0,6421580.0
2022-02-08,6268733.0,6561692.0
2022-02-09,6310374.0,6413767.0
2022-02-10,6289020.0,6337802.0
2022-02-11,6099556.0,6394925.0
2022-02-12,5578455.0,5560844.0
2022-02-13,5295358.0,5245911.0
2022-02-14,6205172.0,6338244.0
2022-02-15,6318038.0,6458787.0
2022-02-16,6325048.0,6495814.0
2022-02-17,6366611.0,6423177.0
2022-02-18,6381996.0,6215964.0
2022-02-19,5388549.0,5504500.0
2022-02-20,5270767.0,5201766.0
2022-02-21,6308216.0,6368922.0
2022-02-22,0.0,6438254.0
2022-02-23,6381586.0,6285082.0
2022-02-24,6366239.0,6452939.0
2022-02-25,6188913.0,6391988.0
2022-02-26,5561194.0,5271533.0
2022-02-27,5271260.0,5020855.0
2022-02-28,6299816.0,6022552.0
2022-03-01,6300191.0,6229399.0
2022-03-02,6115936.0,6154775.0
2022-03-03,5984392.0,6141588.0
2022-03-04,5907096.0,6113347.0
2022-03-05,5180923.0,5340181.0
2022-03-06,4924094.0,5010388.0
2022-03-07,5928847.0,6043697.0
2022-03-08,5936285.0,6115934.0
2022-03-09,5950238.0,6044858.0
2022-03-10,5958016.0,6076653.0
2022-03-11,5876558.0,6132603.0
2022-03-12,5149429.0,5251473.0
2022-03-13,4779953.0,4877836.0
2022-03-14,5726096.0,5942918.0
2022-03-15,5856836.0,6016624.0
2022-03-16,5861369.0,6020589.0
2022-03-17,5822490.0,6134115.0
2022-03-18,5904857.0,5898001.0
2022-03-19,5288615.0,5234669.0
2022-03-20,4934689.0,4944744.0
2022-03-21,5731285.0,5829243.0
2022-03-22,5813064.0,5829612.0
2022-03-23,5730097.0,5790429.0
2022-03-24,0.0,5759864.0
2022-03-25,5653543.0,5687567.0
2022-03-26,5095632.0,4975203.0
2022-03-27,4640426.0,4390201.0
2022-03-28,5610269.0,5712691.0
2022-03-29,5645225.0,5836730.0
2022-03-30,5733181.0,5868152.0
2022-03-31,5687165.0,6106069.0
2022-04-01,5710609.0,6350760.0
2022-04-02,5011551.0,5422422.0
2022-04-03,4677628.0,4915886.0
2022-04-04,5930100.0,6184896.0
2022-04-05,5990102.0,6208741.0
2022-04-06,6357657.0,6139085.0
2022-04-07,6083695.0,6231679.0
2022-04-08,5902814.0,6035433.0
2022-04-09,5113168.0,5289699.0
2022-04-10,4722471.0,4895689.0
2022-04-11,5834164.0,5684153.0
2022-04-12,5867462.0,5734977.0
2022-04-13,5700529.0,5619215.0
2022-04-14,5688302.0,5481818.0
2022-04-15,4844629.0,4553673.0
2022-04-16,4823104.0,4554282.0
2022-04-17,4246804.0,4187216.0
2022-04-18,4681883.0,4215680.0
2022-04-19,5488955.0,5363358.0
2022-04-20,5567632.0,5594884.0
2022-04-21,5556018.0,5679226.0
2022-04-22,5538129.0,5642874.0
2022-04-23,4689631.0,4886843.0
2022-04-24,4330310.0,4669794.0
2022-04-25,5462784.0,5568815.0
2022-04-26,5478817.0,5697511.0
2022-04-27,5501443.0,5603381.0
2022-04-28,5452723.0,5570685.0
2022-04-29,5404809.0,5466793.0
2022-04-30,4727408.0,4717666.0
2022-05-01,4326290.0,4249607.0
2022-05-02,5395876.0,5377522.0
2022-05-03,5488089.0,5577859.0
2022-05-04,5402561.0,5547795.0
2022-05-05,5429130.0,5592185.0
2022-05-06,5352205.0,5487543.0
2022-05-07,4696831.0,4739764.0
2022-05-08,4344160.0,4326777.0
2022-05-09,5250938.0,5447101.0
2022-05-10,5442926.0,5756943.0
2022-05-11,5458919.0,5700778.0
2022-05-12,5526843.0,5667905.0
2022-05-13,5502463.0,5617038.0
2022-05-14,4630119.0,4727316.0
2022-05-15,4280945.0,4308179.0
2022-05-16,5327900.0,5549084.0
2022-05-17,5414452.0,5658451.0
2022-05-18,5499584.0,5698954.0
2022-05-19,5521966.0,5690037.0
2022-05-20,5479346.0,5595148.0
2022-05-21,4586130.0,4844392.0
2022-05-22,4261222.0,4232435.0
2022-05-23,5369678.0,5490815.0
2022-05-24,5522971.0,5605383.0
2022-05-25,5470262.0,5383237.0
2022-05-26,4550951.0,4561589.0
2022-05-27,5269689.0,5013367.0
2022-05-28,4687218.0,4652175.0
2022-05-29,4352146.0,4282326.0
2022-05-30,5339903.0,5345100.0
2022-05-31,5399024.0,5442414.0
2022-06-01,5435291.0,5357817.0
2022-06-02,5414497.0,5413381.0
2022-06-03,5368975.0,5317026.0
2022-06-04,4564085.0,4453756.0
2022-06-05,3977619.0,4085728.0
2022-06-06,4370367.0,4258001.0
2022-06-07,5317586.0,5277492.0
2022-06-08,5433859.0,5380593.0
2022-06-09,5450781.0,5434972.0
2022-06-10,5381246.0,5297683.0
2022-06-11,4571769.0,4583002.0
2022-06-12,4199236.0,4262159.0
2022-06-13,5271063.0,5335520.0
2022-06-14,5329539.0,5366780.0
2022-06-15,5182373.0,5284158.0
2022-06-16,4838804.0,4717882.0
2022-06-17,5162656.0,4994935.0
2022-06-18,4519860.0,4625493.0
2022-06-19,4326312.0,4367241.0
2022-06-20,5317525.0,5304874.0
2022-06-21,5363531.0,5424971.0
2022-06-22,5467388.0,5385016.0
2022-06-23,5434542.0,5380632.0
2022-06-24,5441329.0,5431615.0
2022-06-25,4554644.0,4548956.0
2022-06-26,4347977.0,4224657.0
2022-06-27,5345227.0,5330224.0
2022-06-28,5371871.0,5336766.0
2022-06-29,5499230.0,5393742.0
2022-06-30,5447791.0,5477528.0
2022-07-01,5441472.0,5338379.0
2022-07-02,4565665.0,4541729.0
2022-07-03,4207113.0,4273841.0
2022-07-04,5366534.0,5280205.0
2022-07-05,5469385.0,5418685.0
2022-07-06,5501920.0,5390722.0
2022-07-07,5604781.0,5581303.0
2022-07-08,5416473.0,5347370.0
2022-07-09,4720203.0,4596624.0
2022-07-10,4363600.0,4331954.0
2022-07-11,5363732.0,5155206.0
2022-07-12,5423621.0,5235914.0
2022-07-13,5448538.0,5454086.0
2022-07-14,5489113.0,5425611.0
2022-07-15,5394460.0,5281658.0
2022-07-16,4629576.0,4556979.0
2022-07-17,4197678.0,4137253.0
2022-07-18,5231264.0,5100673.0
2022-07-19,5395638.0,5319302.0
2022-07-20,5579483.0,5551634.0
2022-07-21,5614677.0,5413441.0
2022-07-22,5486777.0,5171627.0
2022-07-23,4623587.0,4437792.0
2022-07-24,4244722.0,4163509.0
2022-07-25,5346973.0,5373357.0
2022-07-26,5444455.0,5282982.0
2022-07-27,5523995.0,5176521.0
2022-07-28,5318987.0,5202152.0
2022-07-29,5228302.0,5149391.0
2022-07-30,4456508.0,4306759.0
2022-07-31,4178943.0,4078790.0
2022-08-01,5328250.0,5041122.0
2022-08-02,5370223.0,5143844.0
2022-08-03,5275153.0,5214238.0
2022-08-04,5357997.0,5250878.0
2022-08-05,5370276.0,5171041.0
2022-08-06,4460282.0,4417178.0
2022-08-07,4175867.0,4020336.0
2022-08-08,5148679.0,4947265.0
2022-08-09,5250626.0,5081603.0
2022-08-10,5296914.0,5105979.0
2022-08-11,5311875.0,5109343.0
2022-08-12,5280411.0,5000270.0
2022-08-13,4539098.0,4342319.0
2022-08-14,4276726.0,4178152.0
2022-08-15,4996964.0,4986509.0
2022-08-16,5352795.0,5099812.0
2022-08-17,5357036.0,5169003.0
2022-08-18,5339820.0,5219325.0
2022-08-19,5295693.0,5063882.0
2022-08-20,4554500.0,4279786.0
2022-08-21,4197640.0,3982513.0
2022-08-22,5208681.0,4974835.0
2022-08-23,5328181.0,5146012.0
2022-08-24,5242552.0,5160326.0
2022-08-25,5285317.0,5257537.0
2022-08-26,5288457.0,5149364.0
2022-08-27,4509155.0,4378568.0
2022-08-28,4176242.0,4113100.0
2022-08-29,5229214.0,5007751.0
2022-08-30,5337505.0,5126444.0
2022-08-31,5327765.0,5199954.0
2022-09-01,5396238.0,5137115.0
2022-09-02,5260496.0,5175320.0
2022-09-03,4542200.0,4530213.0
2022-09-04,4180384.0,4194241.0
2022-09-05,5263765.0,5302286.0
2022-09-06,5348265.0,5397765.0
2022-09-07,5386197.0,5351280.0
2022-09-08,5391220.0,5421019.0
2022-09-09,5387668.0,5196695.0
2022-09-10,4623586.0,4407629.0
2022-09-11,4236765.0,4055337.0
2022-09-12,5242644.0,5022254.0
2022-09-13,5397437.0,5338711.0
2022-09-14,5406591.0,5307334.0
2022-09-15,5353071.0,5398577.0
2022-09-16,5326179.0,5416755.0
2022-09-17,4633965.0,4657124.0
2022-09-18,4270532.0,4373437.0
2022-09-19,5296354.0,5279741.0
2022-09-20,5415612.0,5236339.0
2022-09-21,5478501.0,5178829.0
2022-09-22,5481051.0,5184880.0
2022-09-23,5506279.0,5136822.0
2022-09-24,4851768.0,4481624.0
2022-09-25,4570192.0,4153295.0
2022-09-26,5589683.0,5412047.0
2022-09-27,5712921.0,5388628.0
2022-09-28,5752083.0,5316173.0
2022-09-29,5689805.0,5310914.0
2022-09-30,5632902.0,5216201.0
2022-10-01,5019545.0,4807983.0
2022-10-02,4568312.0,4397118.0
2022-10-03,5070836.0,4356600.0
2022-10-04,5716521.0,5221575.0
2022-10-05,5840122.0,5520183.0
2022-10-06,5760714.0,5487125.0
2022-10-07,5781761.0,5338647.0
2022-10-08,5116470.0,4671957.0
2022-10-09,4778612.0,4252064.0
2022-10-10,5815161.0,5417296.0
2022-10-11,5844138.0,5401687.0
2022-10-12,5799271.0,5318488.0
2022-10-13,5819771.0,5354645.0
2022-10-14,5744963.0,5268772.0
2022-10-15,5022435.0,4582295.0
2022-10-16,4778334.0,4368925.0
2022-10-17,5751896.0,5262013.0
2022-10-18,5790614.0,5469168.0
2022-10-19,5818561.0,5384581.0
2022-10-20,5885584.0,5530447.0
2022-10-21,5851561.0,5343027.0
2022-10-22,5103472.0,4530556.0
2022-10-23,4784755.0,4214939.0
2022-10-24,5821973.0,5409787.0
2022-10-25,5754959.0,5442344.0
2022-10-26,5822587.0,5375977.0
2022-10-27,5815373.0,5391390.0
2022-10-28,5750385.0,5308469.0
2022-10-29,5058832.0,4527137.0
2022-10-30,4985191.0,4263299.0
2022-10-31,5340298.0,4610333.0
2022-11-01,5164557.0,4745941.0
2022-11-02,5646601.0,5503910.0
2022-11-03,5897987.0,5666680.0
2022-11-04,5896931.0,5434882.0
2022-11-05,5076285.0,4725647.0
2022-11-06,4870187.0,4575367.0
2022-11-07,5997501.0,5608622.0
2022-11-08,6031441.0,5640854.0
2022-11-09,5975497.0,5641442.0
2022-11-10,5995195.0,5672854.0
2022-11-11,5907902.0,5576991.0
2022-11-12,5057952.0,4670492.0
2022-11-13,4851824.0,4352456.0
2022-11-14,5881767.0,5531187.0
2022-11-15,5927941.0,5566609.0
2022-11-16,5868715.0,5727463.0
2022-11-17,5913279.0,5783651.0
2022-11-18,5852429.0,5650957.0
2022-11-19,5020432.0,4886462.0
2022-11-20,4756481.0,4535467.0
2022-11-21,5889289.0,5603361.0
2022-11-22,5978569.0,5848894.0
2022-11-23,6153493.0,5749140.0
2022-11-24,6101226.0,5712558.0
2022-11-25,6016400.0,5587939.0
2022-11-26,5165633.0,4758470.0
2022-11-27,4998723.0,4607983.0
2022-11-28,5955730.0,5806738.0
2022-11-29,5962264.0,5769906.0
2022-11-30,5833171.0,5764327.0
2022-12-01,6046825.0,5806139.0
2022-12-02,6048526.0,5865839.0
2022-12-03,5230843.0,5101576.0
2022-12-04,5012449.0,4812319.0
2022-12-05,5948096.0,5829186.0
2022-12-06,5995497.0,5839924.0
2022-12-07,6046872.0,5908727.0
2022-12-08,6039852.0,5890493.0
2022-12-09,6061835.0,5832178.0
2022-12-10,5156415.0,5087943.0
2022-12-11,4906812.0,4910739.0
2022-12-12,5973839.0,5941290.0
2022-12-13,6070482.0,6125792.0
2022-12-14,6098272.0,6166428.0
2022-12-15,6119159.0,6119130.0
2022-12-16,6064381.0,5969836.0
2022-12-17,5199975.0,5363764.0
2022-12-18,4945217.0,5139493.0
2022-12-19,6036644.0,5974430.0
2022-12-20,6039171.0,5796271.0
2022-12-21,5946091.0,5475311.0
2022-12-22,5753570.0,5407397.0
2022-12-23,5489966.0,4956184.0
2022-12-24,4531181.0,4241516.0
2022-12-25,4288167.0,4054098.0
2022-12-26,4369012.0,4233232.0
2022-12-27,5289811.0,4824053.0
2022-12-28,5395065.0,4887328.0
2022-12-29,5090956.0,4772302.0
2022-12-30,5016364.0,4704972.0
2022-12-31,4364378.0,4311770.0
2023-01-01,4031946.0,3987499.0
2023-01-02,5439740.0,5020577.0
2023-01-03,5617542.0,5227973.0
2023-01-04,5725275.0,5653957.0
2023-01-05,5843687.0,5393930.0
2023-01-06,5612730.0,5158191.0
2023-01-07,5103487.0,4661896.0
2023-01-08,4785481.0,4537840.0
2023-01-09,5733301.0,5603427.0
2023-01-10,5896671.0,5810483.0
2023-01-11,6122686.0,5913229.0
2023-01-12,6252836.0,6039866.0
2023-01-13,6195106.0,5873615.0
2023-01-14,5343790.0,5141321.0
2023-01-15,5137996.0,4936277.0
2023-01-16,6107317.0,5861132.0
2023-01-17,6253141.0,5986335.0
2023-01-18,6316044.0,5928545.0
2023-01-19,6312394.0,6078733.0
2023-01-20,6091105.0,5833295.0
2023-01-21,5439845.0,5247784.0
2023-01-22,5188529.0,4912688.0
2023-01-23,6017439.0,5804360.0
2023-01-24,6083563.0,5797150.0
2023-01-25,6063670.0,5876184.0
2023-01-26,6103334.0,6041367.0
2023-01-27,6046540.0,5923087.0
2023-01-28,5264850.0,5103053.0
2023-01-29,5077560.0,4935075.0
2023-01-30,6090857.0,6045356.0
2023-01-31,6104373.0,6009374.0
2023-02-01,6239665.0,6024280.0
2023-02-02,6193445.0,6032534.0
2023-02-03,6167581.0,5958938.0
2023-02-04,5074840.0,4999385.0
2023-02-05,4846374.0,4777552.0
2023-02-06,6004461.0,5731843.0
2023-02-07,6003226.0,5841552.0
2023-02-08,5943021.0,5924396.0
2023-02-09,5995471.0,6069587.0
2023-02-10,5928551.0,5942770.0
2023-02-11,5115127.0,5169341.0
2023-02-12,4741705.0,4638718.0
2023-02-13,5731409.0,5605474.0
2023-02-14,5752208.0,5637099.0
2023-02-15,5794007.0,5694451.0
2023-02-16,5794647.0,5765011.0
2023-02-17,5825713.0,5757742.0
2023-02-18,5041985.0,4962964.0
2023-02-19,4673827.0,4556416.0
2023-02-20,5770209.0,5527167.0
2023-02-21,5793738.0,5606304.0
2023-02-22,5816520.0,5549916.0
2023-02-23,5726900.0,5595506.0
2023-02-24,5764178.0,5648714.0
2023-02-25,5242622.0,5139561.0
2023-02-26,4889436.0,4744062.0
2023-02-27,5865746.0,5570681.0
2023-02-28,5943043.0,5654603.0
2023-03-01,5940002.0,5653239.0
2023-03-02,5962704.0,5658728.0
2023-03-03,5927564.0,5597794.0
2023-03-04,5206462.0,5076020.0
2023-03-05,4857699.0,4658842.0
2023-03-06,5852831.0,5614601.0
2023-03-07,5994007.0,5858506.0
2023-03-08,5863531.0,5668316.0
2023-03-09,5940440.0,5534118.0
2023-03-10,5821342.0,5596062.0
2023-03-11,5185712.0,4963598.0
2023-03-12,4803178.0,4606474.0
2023-03-13,5815728.0,5679798.0
2023-03-14,5903237.0,5745887.0
2023-03-15,5964586.0,5740650.0
2023-03-16,5877753.0,5644414.0
2023-03-17,5768341.0,5532083.0
2023-03-18,4858648.0,4563146.0
2023-03-19,4617133.0,4232095.0
2023-03-20,5757138.0,5306292.0
2023-03-21,5777009.0,5428765.0
2023-03-22,5697815.0,5490984.0
2023-03-23,5727442.0,5540267.0
2023-03-24,5756225.0,5436253.0
2023-03-25,4884028.0,4673820.0
2023-03-26,4349294.0,4238880.0
2023-03-27,5577832.0,5432726.0
2023-03-28,5648123.0,5583275.0
2023-03-29,5688008.0,5522771.0
2023-03-30,5625627.0,5535991.0
2023-03-31,5531612.0,5399716.0
2023-04-01,4878641.0,4846961.0
2023-04-02,4582153.0,4499424.0
2023-04-03,5492402.0,5329740.0
2023-04-04,5618709.0,5370145.0
2023-04-05,5504539.0,5330998.0
2023-04-06,5519363.0,5260951.0
2023-04-07,4412266.0,4406153.0
2023-04-08,4647773.0,4274377.0
2023-04-09,4157969.0,3762888.0
2023-04-10,4238380.0,4006574.0
2023-04-11,5336678.0,5088534.0
2023-04-12,5419657.0,5325037.0
2023-04-13,5415845.0,5265875.0
2023-04-14,5359403.0,5148389.0
2023-04-15,4536764.0,4581748.0
2023-04-16,4162483.0,4235042.0
2023-04-17,5384045.0,5207450.0
2023-04-18,5423442.0,5337651.0
2023-04-19,5412534.0,5361080.0
2023-04-20,5399449.0,5408345.0
2023-04-21,5318285.0,5142751.0
2023-04-22,4486896.0,4331797.0
2023-04-23,4195003.0,3995832.0
2023-04-24,5248097.0,5185966.0
2023-04-25,5377458.0,5367680.0
2023-04-26,5455188.0,5308251.0
2023-04-27,5371065.0,5230593.0
2023-04-28,5300576.0,5150300.0
2023-04-29,4458307.0,4440777.0
2023-04-30,4074908.0,3947589.0
2023-05-01,4363959.0,3994258.0
2023-05-02,5438652.0,5120378.0
2023-05-03,5452285.0,5161670.0
2023-05-04,5375338.0,5180275.0
2023-05-05,5371842.0,5280310.0
2023-05-06,4511367.0,4504488.0
2023-05-07,4159618.0,4162834.0
2023-05-08,5214357.0,5168057.0
2023-05-09,5278892.0,5294841.0
2023-05-10,5272980.0,5340621.0
2023-05-11,5250965.0,5296276.0
2023-05-12,5239625.0,5172542.0
2023-05-13,4373980.0,4345904.0
2023-05-14,4054771.0,3973322.0
2023-05-15,5070401.0,5025408.0
2023-05-16,5214699.0,5267381.0
2023-05-17,5253777.0,5221878.0
2023-05-18,4282351.0,4029364.0
2023-05-19,5041689.0,4448292.0
2023-05-20,4391178.0,4212591.0
2023-05-21,4040593.0,4004557.0
2023-05-22,5050856.0,5041339.0
2023-05-23,5209623.0,5193894.0
2023-05-24,5245752.0,5095866.0
2023-05-25,5236416.0,5071689.0
2023-05-26,5143587.0,4962531.0
2023-05-27,4331899.0,4035610.0
2023-05-28,3833033.0,3643518.0
2023-05-29,4141320.0,3738681.0
2023-05-30,5093975.0,4770729.0
2023-05-31,5117233.0,5006925.0
2023-06-01,5189943.0,5104202.0
2023-06-02,5082720.0,4940649.0
2023-06-03,4344226.0,4122543.0
2023-06-04,4022516.0,3837468.0
2023-06-05,5079646.0,4842118.0
2023-06-06,5199073.0,5004126.0
2023-06-07,5171171.0,4972743.0
2023-06-08,4513727.0,4343127.0
2023-06-09,5041729.0,4621750.0
2023-06-10,4509017.0,4297085.0
2023-06-11,4287424.0,4042651.0
2023-06-12,5224819.0,5093401.0
2023-06-13,5332323.0,5161564.0
2023-06-14,5365178.0,5107117.0
2023-06-15,5290883.0,5081961.0
2023-06-16,5265899.0,5016954.0
2023-06-17,4412980.0,4247416.0
2023-06-18,4203016.0,3997629.0
2023-06-19,5243451.0,5051303.0
2023-06-20,5329902.0,5243568.0
2023-06-21,5342275.0,5301327.0
2023-06-22,5390714.0,5217850.0
2023-06-23,5237940.0,5031795.0
2023-06-24,4353464.0,4206079.0
2023-06-25,4043622.0,3930571.0
2023-06-26,5209834.0,5087761.0
2023-06-27,5218279.0,5172748.0
2023-06-28,5096964.0,5129047.0
2023-06-29,5014826.0,5149330.0
2023-06-30,5117457.0,5023194.0
2023-07-01,4341105.0,4292712.0
2023-07-02,4163027.0,4071844.0
2023-07-03,5054509.0,5103797.0
2023-07-04,5114427.0,5210945.0
2023-07-05,5051075.0,5213610.0
2023-07-06,5040020.0,5065082.0
2023-07-07,4939073.0,4933852.0
2023-07-08,4236555.0,4249689.0
2023-07-09,3919808.0,4056758.0
2023-07-10,4957505.0,5085752.0
2023-07-11,5094998.0,5163506.0
2023-07-12,5200044.0,5193652.0
2023-07-13,5129715.0,5094002.0
2023-07-14,5001744.0,4951782.0
2023-07-15,4378616.0,4396169.0
2023-07-16,4023623.0,3994693.0
2023-07-17,5013062.0,4957398.0
2023-07-18,5035892.0,5049760.0
2023-07-19,4975749.0,4996151.0
2023-07-20,4941158.0,4997600.0
2023-07-21,4899691.0,4839714.0
2023-07-22,4226846.0,4097664.0
2023-07-23,4004490.0,3960367.0
2023-07-24,4889702.0,4935576.0
2023-07-25,4871259.0,4951427.0
2023-07-26,4851675.0,4913241.0
2023-07-27,4806997.0,4960984.0
2023-07-28,4702359.0,4871200.0
2023-07-29,4035218.0,4148998.0
2023-07-30,3887038.0,3864794.0
2023-07-31,4709417.0,4893463.0
2023-08-01,4783251.0,4947203.0
2023-08-02,4838829.0,5046729.0
2023-08-03,4850105.0,5024352.0
2023-08-04,4742293.0,4803899.0
2023-08-05,3921746.0,4051396.0
2023-08-06,3720488.0,3925672.0
2023-08-07,4670075.0,4893975.0
2023-08-08,4769572.0,4930673.0
2023-08-09,4795083.0,4944238.0
2023-08-10,4710137.0,4885721.0
2023-08-11,4576876.0,4783300.0
2023-08-12,4021128.0,4262669.0
2023-08-13,3857929.0,3891345.0
2023-08-14,4706986.0,4798991.0
2023-08-15,4979133.0,4876020.0
2023-08-16,4805583.0,4928903.0
2023-08-17,4817801.0,5014096.0
2023-08-18,4805794.0,4931435.0
2023-08-19,4132279.0,4306440.0
2023-08-20,3788318.0,3955549.0
2023-08-21,4788318.0,4970831.0
2023-08-22,4873127.0,5068473.0
2023-08-23,4928319.0,5016798.0
2023-08-24,5006239.0,5097061.0
2023-08-25,4947666.0,5065412.0
2023-08-26,4157487.0,4261513.0
2023-08-27,3860883.0,3932910.0
2023-08-28,4828939.0,4932678.0
2023-08-29,4856652.0,5056514.0
2023-08-30,4836275.0,5011435.0
2023-08-31,4934767.0,5030696.0
2023-09-01,4881692.0,5040218.0
2023-09-02,4045936.0,4187984.0
2023-09-03,3727379.0,3933296.0
2023-09-04,4697984.0,4875898.0
2023-09-05,4844154.0,5069591.0
2023-09-06,4923857.0,5095906.0
2023-09-07,4957014.0,5138397.0
2023-09-08,4891940.0,5045995.0
2023-09-09,4043934.0,4322676.0
2023-09-10,3762206.0,4009784.0
2023-09-11,4800985.0,5087893.0
2023-09-12,4957190.0,5288665.0
2023-09-13,5134676.0,5306443.0
2023-09-14,5118241.0,5132242.0
2023-09-15,4984950.0,5004352.0
2023-09-16,4290040.0,4285458.0
2023-09-17,4014054.0,3998418.0
2023-09-18,5069330.0,5178826.0
2023-09-19,5085687.0,5123122.0
2023-09-20,4948143.0,5115449.0
2023-09-21,4978650.0,5270333.0
2023-09-22,4822624.0,5087505.0
2023-09-23,4181684.0,4267371.0
2023-09-24,3848165.0,3897860.0
2023-09-25,4805500.0,4994362.0
2023-09-26,4947745.0,5119096.0
2023-09-27,5055251.0,5156470.0
2023-09-28,5160655.0,5215395.0
2023-09-29,5084940.0,5128387.0
2023-09-30,4120444.0,4342347.0
2023-10-01,3897073.0,3944843.0
2023-10-02,4788259.0,4578588.0
2023-10-03,4203550.0,4289763.0
2023-10-04,5060040.0,5152504.0
2023-10-05,5198120.0,5330152.0
2023-10-06,5106419.0,5226403.0
2023-10-07,4294067.0,4486075.0
2023-10-08,4068739.0,4078348.0
2023-10-09,5030137.0,5177318.0
2023-10-10,5103645.0,5330319.0
2023-10-11,5393539.0,5358052.0
2023-10-12,5312630.0,5465770.0
2023-10-13,5224513.0,5290923.0
2023-10-14,4472819.0,4534053.0
2023-10-15,4111631.0,4377791.0
2023-10-16,5302556.0,5370460.0
2023-10-17,5389452.0,5483742.0
2023-10-18,5374563.0,5575964.0
2023-10-19,5333346.0,5669103.0
2023-10-20,5284244.0,5542041.0
2023-10-21,4495654.0,4598275.0
2023-10-22,4117605.0,4335902.0
2023-10-23,5173411.0,5395344.0
2023-10-24,5272220.0,5610042.0
2023-10-25,5253192.0,5561510.0
2023-10-26,5287174.0,5636773.0
2023-10-27,5214754.0,5500782.0
2023-10-28,4565404.0,4626430.0
2023-10-29,4199585.0,4696071.0
2023-10-30,5133013.0,5282702.0
2023-10-31,5015185.0,5261601.0
2023-11-01,4649887.0,4824407.0
2023-11-02,5312016.0,5577470.0
2023-11-03,5403069.0,5482357.0
2023-11-04,4638424.0,4850841.0
2023-11-05,4467588.0,4525544.0
2023-11-06,5266994.0,5667947.0
2023-11-07,5341715.0,5787718.0
2023-11-08,5440531.0,5858394.0
2023-11-09,5552288.0,5866008.0
2023-11-10,5362272.0,5705689.0
2023-11-11,4697202.0,4829058.0
2023-11-12,4546602.0,4574444.0
2023-11-13,5488763.0,5702886.0
2023-11-14,5621828.0,5825994.0
2023-11-15,5574881.0,5821500.0
2023-11-16,5631045.0,5889447.0
2023-11-17,5540337.0,5776005.0
2023-11-18,4785713.0,4952024.0
2023-11-19,4500111.0,4692614.0
2023-11-20,5527939.0,5610553.0
2023-11-21,5619715.0,5858196.0
2023-11-22,5692298.0,5925108.0
2023-11-23,5834053.0,5996884.0
2023-11-24,5731027.0,5907608.0
2023-11-25,4935874.0,5151560.0
2023-11-26,4634488.0,4788042.0
2023-11-27,5755275.0,5958730.0
2023-11-28,5919080.0,6214886.0
2023-11-29,5886125.0,6239692.0
2023-11-30,5824308.0,6162446.0
2023-12-01,5987333.0,6087460.0
2023-12-02,4976805.0,5316603.0
2023-12-03,4785133.0,5061014.0
2023-12-04,5845855.0,6234840.0
2023-12-05,5849342.0,6324361.0
2023-12-06,5844605.0,6239866.0
2023-12-07,5970797.0,6114356.0
2023-12-08,5898507.0,6026146.0
2023-12-09,5057828.0,5108899.0
2023-12-10,4917579.0,4821006.0
2023-12-11,5891603.0,5757870.0
2023-12-12,5883383.0,5834829.0
2023-12-13,5803835.0,5929811.0
2023-12-14,5746797.0,5800752.0
2023-12-15,5642976.0,5705122.0
2023-12-16,4808134.0,5069283.0
2023-12-17,4666486.0,4815023.0
2023-12-18,5633192.0,5846482.0
2023-12-19,5701219.0,5897764.0
2023-12-20,5514342.0,5720121.0
2023-12-21,5107906.0,5598719.0
2023-12-22,5425404.0,5407818.0
2023-12-23,4674471.0,4847719.0
2023-12-24,4246960.0,4420878.0
2023-12-25,4141766.0,4277197.0
2023-12-26,4223352.0,4349514.0
2023-12-27,5081112.0,4674997.0
2023-12-28,5372145.0,4866872.0
2023-12-29,5217399.0,4794127.0
2023-12-30,4648168.0,4461850.0
2023-12-31,4418009.0,4250307.0
2024-01-01,4342750.0,4126107.0
2024-01-02,5297112.0,5135835.0
2024-01-03,5439455.0,5469633.0
2024-01-04,5481303.0,5581463.0
2024-01-05,5425861.0,5521258.0
2024-01-06,4849058.0,5043306.0
2024-01-07,4474727.0,4966033.0
2024-01-08,5552124.0,6064834.0
2024-01-09,5647310.0,6206164.0
2024-01-10,5799848.0,6216267.0
2024-01-11,5776550.0,6278880.0
2024-01-12,5699536.0,6215000.0
2024-01-13,4953707.0,5598971.0
2024-01-14,4709663.0,5268373.0
2024-01-15,5835174.0,6344537.0
2024-01-16,5961232.0,6286625.0
2024-01-17,5939192.0,6442351.0
2024-01-18,5973598.0,6322675.0
2024-01-19,5985227.0,6425154.0
2024-01-20,5078015.0,5621039.0
2024-01-21,4985876.0,5325223.0
2024-01-22,5990989.0,6213494.0
2024-01-23,6013424.0,6222321.0
2024-01-24,6094624.0,6080058.0
2024-01-25,5988066.0,5940976.0
2024-01-26,5905704.0,5877014.0
2024-01-27,5107598.0,5173193.0
2024-01-28,4785259.0,4603127.0
2024-01-29,5942416.0,5649304.0
2024-01-30,6257523.0,5844461.0
2024-01-31,6164334.0,6119690.0
2024-02-01,6072142.0,6090154.0
2024-02-02,5815018.0,5995600.0
2024-02-03,4945395.0,5228990.0
2024-02-04,4593202.0,4958617.0
2024-02-05,5716186.0,5840855.0
2024-02-06,5818007.0,6033060.0
2024-02-07,5782248.0,6044713.0
2024-02-08,5847350.0,5927159.0
2024-02-09,5870997.0,5858222.0
2024-02-10,5028566.0,4936423.0
2024-02-11,4780317.0,4693426.0
2024-02-12,5781334.0,5556627.0
2024-02-13,5876508.0,5808009.0
2024-02-14,5833368.0,5761286.0
2024-02-15,5663019.0,5653577.0
2024-02-16,5569201.0,5668613.0
2024-02-17,4782783.0,4876933.0
2024-02-18,4550191.0,4631973.0
2024-02-19,5701995.0,5717096.0
2024-02-20,5775466.0,5821884.0
2024-02-21,5741041.0,5893912.0
2024-02-22,5802136.0,5886591.0
2024-02-23,5765936.0,5840245.0
2024-02-24,4877600.0,4933956.0
2024-02-25,4589869.0,4683813.0
2024-02-26,5623440.0,5658751.0
2024-02-27,5716743.0,5775320.0
2024-02-28,5722556.0,5805008.0
2024-02-29,5741569.0,5873069.0
2024-03-01,5606629.0,5655255.0
2024-03-02,4755754.0,4789856.0
2024-03-03,4395306.0,4497158.0
2024-03-04,5554099.0,5702474.0
2024-03-05,5698733.0,5916732.0
2024-03-06,5732789.0,5786499.0
2024-03-07,5655218.0,5753247.0
2024-03-08,5629519.0,5575044.0
2024-03-09,4687219.0,4934523.0
2024-03-10,4429182.0,4731371.0
2024-03-11,5580134.0,5678346.0
2024-03-12,5694060.0,5709109.0
2024-03-13,5650932.0,5754049.0
2024-03-14,5527045.0,5649929.0
2024-03-15,5528969.0,5586473.0
2024-03-16,4719092.0,4916952.0
2024-03-17,4462599.0,4457007.0
2024-03-18,5421723.0,5531515.0
2024-03-19,5533499.0,5607118.0
2024-03-20,5509936.0,5477833.0
2024-03-21,5495457.0,5531201.0
2024-03-22,5395027.0,5529328.0
2024-03-23,4798031.0,4781660.0
2024-03-24,4501890.0,4594425.0
2024-03-25,5415308.0,5346768.0
2024-03-26,5517935.0,5563424.0
2024-03-27,5523388.0,5530520.0
2024-03-28,5437484.0,5466296.0
2024-03-29,4555450.0,4544081.0
2024-03-30,4620137.0,4338020.0
2024-03-31,3992433.0,3500410.0
2024-04-01,4472328.0,4210917.0
2024-04-02,5215583.0,5361878.0
2024-04-03,5298690.0,5453980.0
2024-04-04,5277879.0,5480280.0
2024-04-05,5351194.0,5339432.0
2024-04-06,4479092.0,4497874.0
2024-04-07,4200941.0,4213634.0
2024-04-08,5213976.0,5111300.0
2024-04-09,5325728.0,5413386.0
2024-04-10,5296022.0,5451417.0
2024-04-11,5412475.0,5494680.0
2024-04-12,5381562.0,5335004.0
2024-04-13,4492916.0,4469503.0
2024-04-14,4206962.0,4269833.0
2024-04-15,5273863.0,5207330.0
2024-04-16,5485315.0,5530670.0
2024-04-17,5445873.0,5445611.0
2024-04-18,5446728.0,5466129.0
2024-04-19,5430259.0,5523618.0
2024-04-20,4618378.0,4651686.0
2024-04-21,4274552.0,4407297.0
2024-04-22,5320978.0,5375407.0
2024-04-23,5436824.0,5508649.0
2024-04-24,5428365.0,5556394.0
2024-04-25,5373980.0,5495910.0
2024-04-26,5391141.0,5324493.0
2024-04-27,4515153.0,4463958.0
2024-04-28,4206128.0,4265318.0
2024-04-29,5139966.0,5052622.0
2024-04-30,5149782.0,5117079.0
2024-05-01,4221660.0,3953697.0
2024-05-02,5211798.0,5045269.0
2024-05-03,5328399.0,5203288.0
2024-05-04,4419008.0,4364079.0
2024-05-05,4183802.0,4169677.0
2024-05-06,5164187.0,5211340.0
2024-05-07,5244456.0,5320413.0
2024-05-08,5244492.0,5168330.0
2024-05-09,4238650.0,4110024.0
2024-05-10,5097983.0,4439303.0
2024-05-11,4370757.0,4111825.0
2024-05-12,4103939.0,3934402.0
2024-05-13,5180928.0,5091909.0
2024-05-14,5271636.0,5227608.0
2024-05-15,5246181.0,5203948.0
2024-05-16,5336923.0,5294376.0
2024-05-17,5436216.0,5169825.0
2024-05-18,4385558.0,4342325.0
2024-05-19,3895615.0,3865834.0
2024-05-20,4216578.0,3899740.0
2024-05-21,5200229.0,5099121.0
2024-05-22,5340963.0,5283050.0
2024-05-23,5275232.0,4997921.0
2024-05-24,5329650.0,4905948.0
2024-05-25,4398500.0,4013280.0
2024-05-26,4072706.0,3932844.0
2024-05-27,5151920.0,4889355.0
2024-05-28,5281831.0,4886126.0
2024-05-29,5311689.0,5170413.0
2024-05-30,4546384.0,4442829.0
2024-05-31,5036634.0,4722769.0
2024-06-01,4436299.0,4335958.0
2024-06-02,4158582.0,4193992.0
2024-06-03,5203114.0,5096524.0
2024-06-04,5310158.0,5064957.0
2024-06-05,5280425.0,5215447.0
2024-06-06,5335622.0,5071866.0
2024-06-07,5269872.0,4945939.0
2024-06-08,4428588.0,4211672.0
2024-06-09,4206875.0,3978205.0
2024-06-10,5220773.0,5006655.0
2024-06-11,5290916.0,5207758.0
2024-06-12,5308331.0,5241274.0
2024-06-13,5305985.0,5114733.0
2024-06-14,5295332.0,5088663.0
2024-06-15,4474108.0,4245010.0
2024-06-16,4277797.0,4040162.0
2024-06-17,5260455.0,5046327.0
2024-06-18,5337102.0,5175268.0
2024-06-19,5320238.0,5226568.0
2024-06-20,5176083.0,5169536.0
2024-06-21,5243770.0,5098806.0
2024-06-22,4516122.0,4367962.0
2024-06-23,4118764.0,4025223.0
2024-06-24,5161230.0,4929303.0
2024-06-25,5228999.0,5084665.0
2024-06-26,5224730.0,5178543.0
2024-06-27,5221242.0,5292655.0
2024-06-28,5177633.0,5130173.0
2024-06-29,4443441.0,4287507.0
2024-06-30,4155172.0,4243972.0
2024-07-01,5240418.0,5073867.0
2024-07-02,5378397.0,5275838.0
2024-07-03,5350584.0,5262130.0
2024-07-04,5334027.0,5318895.0
2024-07-05,5251201.0,5093141.0
2024-07-06,4424274.0,4392449.0
2024-07-07,4144004.0,3975759.0
2024-07-08,5179075.0,4904499.0
2024-07-09,5305987.0,5151665.0
2024-07-10,5259116.0,5349270.0
2024-07-11,5239813.0,5160000.0
2024-07-12,5193167.0,5093133.0
2024-07-13,4444328.0,4315560.0
2024-07-14,4154100.0,4000993.0
2024-07-15,5141853.0,4920139.0
2024-07-16,5261031.0,5127370.0
2024-07-17,5213479.0,5152418.0
2024-07-18,5201300.0,5113072.0
2024-07-19,5100886.0,4968671.0
2024-07-20,4361636.0,4308027.0
2024-07-21,4040490.0,4067157.0
2024-07-22,5082167.0,5050169.0
2024-07-23,5195222.0,5054638.0
2024-07-24,5127090.0,5012693.0
2024-07-25,5123544.0,4942388.0
2024-07-26,5013604.0,4958710.0
2024-07-27,4300605.0,4237786.0
2024-07-28,4039505.0,3945238.0
2024-07-29,5032860.0,4604657.0
2024-07-30,5171344.0,4760068.0
2024-07-31,5126708.0,4916029.0
2024-08-01,5111352.0,5178170.0
2024-08-02,4993106.0,4940960.0
2024-08-03,4270926.0,4211399.0
2024-08-04,3980417.0,4054130.0
2024-08-05,4968403.0,4889381.0
2024-08-06,5052241.0,4973078.0
2024-08-07,5042044.0,5112417.0
2024-08-08,5070502.0,5044786.0
2024-08-09,5003613.0,5049380.0
2024-08-10,4200293.0,4283333.0
2024-08-11,3960562.0,4011365.0
2024-08-12,5067541.0,4985323.0
2024-08-13,5232991.0,5252655.0
2024-08-14,5230807.0,5228144.0
2024-08-15,4780504.0,5009027.0
2024-08-16,5019274.0,4969311.0
2024-08-17,4357530.0,4278492.0
2024-08-18,4013701.0,4041631.0
2024-08-19,4919274.0,4855255.0
2024-08-20,5054971.0,5057293.0
2024-08-21,5087461.0,5150830.0
2024-08-22,4957591.0,5035395.0
2024-08-23,5064508.0,5126708.0
2024-08-24,4248686.0,4390073.0
2024-08-25,4017085.0,4060967.0
2024-08-26,5011787.0,4955835.0
2024-08-27,5136549.0,5043352.0
2024-08-28,5161825.0,5219088.0
2024-08-29,5107890.0,5313203.0
2024-08-30,5021529.0,5178188.0
2024-08-31,4254159.0,4282495.0
2024-09-01,4062110.0,4090075.0
2024-09-02,5072335.0,5158615.0
2024-09-03,5172845.0,5360807.0
2024-09-04,5197114.0,5483344.0
2024-09-05,5180246.0,5399501.0
2024-09-06,5083506.0,5307487.0
2024-09-07,4312811.0,4443122.0
2024-09-08,4061462.0,4205666.0
2024-09-09,5243586.0,5239836.0
2024-09-10,5433197.0,5382538.0
2024-09-11,5426492.0,5339871.0
2024-09-12,5289298.0,5191754.0
2024-09-13,5330052.0,5162932.0
2024-09-14,4488710.0,4412472.0
2024-09-15,4148847.0,4130689.0
2024-09-16,5214005.0,5220464.0
2024-09-17,5284664.0,5270319.0
2024-09-18,5259492.0,5150972.0
2024-09-19,5168572.0,5165103.0
2024-09-20,5110323.0,4988440.0
2024-09-21,4308828.0,4058642.0
2024-09-22,4075166.0,3827660.0
2024-09-23,5128872.0,4878723.0
2024-09-24,5274390.0,5100708.0
2024-09-25,5272007.0,5230897.0
2024-09-26,5188313.0,5343979.0
2024-09-27,5153735.0,5406978.0
2024-09-28,4424044.0,4634737.0
2024-09-29,4091923.0,4204190.0
2024-09-30,5315174.0,5357519.0
2024-10-01,5494845.0,5416524.0
2024-10-02,5452283.0,5333644.0
2024-10-03,4193128.0,4441046.0
2024-10-04,5048522.0,4685381.0
2024-10-05,4589651.0,4314776.0
2024-10-06,4199088.0,4117659.0
2024-10-07,5135123.0,5206942.0
2024-10-08,5242166.0,5291325.0
2024-10-09,5223062.0,5304841.0
2024-10-10,5416378.0,5454139.0
2024-10-11,5316640.0,5323929.0
2024-10-12,4513193.0,4577355.0
2024-10-13,4254852.0,4376879.0
2024-10-14,5328579.0,5301381.0
2024-10-15,5425774.0,5320207.0
2024-10-16,5439572.0,5467299.0
2024-10-17,5401118.0,5434379.0
2024-10-18,5223357.0,5197702.0
2024-10-19,4524171.0,4558507.0
2024-10-20,4276645.0,4255242.0
2024-10-21,5269955.0,5265203.0
2024-10-22,5416103.0,5383758.0
2024-10-23,5381932.0,5372782.0
2024-10-24,5418326.0,5342104.0
2024-10-25,5294750.0,5189546.0
2024-10-26,4502195.0,4393921.0
2024-10-27,4234844.0,4432726.0
2024-10-28,5343732.0,5255335.0
2024-10-29,5481801.0,5293947.0
2024-10-30,5477704.0,5430868.0
2024-10-31,5287231.0,5129771.0
2024-11-01,4628925.0,4923429.0
2024-11-02,4548324.0,4613337.0
2024-11-03,4268222.0,4552649.0
2024-11-04,5387699.0,5400527.0
2024-11-05,5544847.0,5601976.0
2024-11-06,5573414.0,5719850.0
2024-11-07,5413104.0,5745588.0
2024-11-08,5413141.0,5689044.0
2024-11-09,4568739.0,4857188.0
2024-11-10,4351237.0,4614229.0
2024-11-11,5474805.0,5781820.0
2024-11-12,5652737.0,5820967.0
2024-11-13,5595298.0,5964063.0
2024-11-14,5649247.0,5994124.0
2024-11-15,5578229.0,5797642.0
2024-11-16,4775244.0,5270430.0
2024-11-17,4524359.0,5007281.0
2024-11-18,5622374.0,6089070.0
2024-11-19,5786493.0,6036541.0
2024-11-20,5514553.0,6064120.0
2024-11-21,5776422.0,6199008.0
2024-11-22,5731352.0,6093796.0
2024-11-23,4902489.0,5377792.0
2024-11-24,4499224.0,5002811.0
2024-11-25,5535601.0,5897385.0
2024-11-26,5722139.0,6030878.0
2024-11-27,5715214.0,6004393.0
2024-11-28,5773056.0,6074027.0
2024-11-29,5659247.0,5773759.0
2024-11-30,4852741.0,5236127.0
2024-12-01,4644243.0,5016114.0
2024-12-02,5602794.0,6028541.0
2024-12-03,5801316.0,6031796.0
2024-12-04,5862535.0,6119214.0
2024-12-05,5749567.0,6223790.0
2024-12-06,5682652.0,6018548.0
2024-12-07,4897156.0,5221062.0
2024-12-08,4522503.0,4979849.0
2024-12-09,5677240.0,6226576.0
2024-12-10,5842666.0,6136533.0
2024-12-11,5836921.0,6050731.0
2024-12-12,5708068.0,5913163.0
2024-12-13,5621616.0,5879068.0
2024-12-14,4872719.0,5355636.0
2024-12-15,4488109.0,5093933.0
2024-12-16,5553988.0,5828177.0
2024-12-17,5596738.0,5806485.0
2024-12-18,5618109.0,5666318.0
2024-12-19,5649317.0,5590530.0
2024-12-20,5454833.0,5582519.0
2024-12-21,4655603.0,5131003.0
2024-12-22,4395005.0,4801344.0
2024-12-23,5373157.0,5159858.0
2024-12-24,5012511.0,4575210.0
2024-12-25,4408289.0,4396310.0
2024-12-26,4255811.0,4336025.0
2024-12-27,4733076.0,4671254.0
2024-12-28,4672566.0,4648861.0
2024-12-29,4369530.0,4765276.0
2024-12-30,4955377.0,5167252.0
2024-12-31,4950377.0,4870289.0
