Date,Day-ahead Total Load Forecast [MW] - BZN|FR,Actual Total Load [MW] - BZN|FR
2019-01-01,1374350.0,1390825.0
2019-01-02,1616600.0,1570466.0
2019-01-03,1693950.0,1720906.0
2019-01-04,1778300.0,1785295.0
2019-01-05,1682300.0,1675532.0
2019-01-06,1609850.0,1617351.0
2019-01-07,1806900.0,1750563.0
2019-01-08,1764450.0,1723711.0
2019-01-09,1743650.0,1764406.0
2019-01-10,1823000.0,1851078.0
2019-01-11,1852350.0,1826277.0
2019-01-12,1663700.0,1626042.0
2019-01-13,1507450.0,1471532.0
2019-01-14,1634450.0,1614319.0
2019-01-15,1701650.0,1675739.0
2019-01-16,1709400.0,1724051.0
2019-01-17,1729650.0,1691589.0
2019-01-18,1767300.0,1785055.0
2019-01-19,1670850.0,1671089.0
2019-01-20,1602000.0,1602148.0
2019-01-21,1822150.0,1834129.0
2019-01-22,1893150.0,1887225.0
2019-01-23,1885150.0,1875144.0
2019-01-24,1889800.0,1912760.0
2019-01-25,1872850.0,1844672.0
2019-01-26,1622850.0,1601459.0
2019-01-27,1522650.0,1532756.0
2019-01-28,1759050.0,1754522.0
2019-01-29,1831450.0,1823295.0
2019-01-30,1838950.0,1834593.0
2019-01-31,1857350.0,1862608.0
2019-02-01,1780800.0,1760465.0
2019-02-02,1629100.0,1640967.0
2019-02-03,1609500.0,1630462.0
2019-02-04,1839700.0,1858548.0
2019-02-05,1833200.0,1796052.0
2019-02-06,1723747.0,1716352.0
2019-02-07,1686150.0,1665248.0
2019-02-08,1632800.0,1645864.0
2019-02-09,1460200.0,1469499.0
2019-02-10,1399800.0,1415433.0
2019-02-11,1638350.0,1655728.0
2019-02-12,1722500.0,1711374.0
2019-02-13,1710900.0,1707312.0
2019-02-14,1685150.0,1657817.0
2019-02-15,1617300.0,1585014.0
2019-02-16,1450400.0,1428598.0
2019-02-17,1359050.0,1329983.0
2019-02-18,1534900.0,1491123.0
2019-02-19,1568050.0,1549561.0
2019-02-20,1565000.0,1567033.0
2019-02-21,1548050.0,1542414.0
2019-02-22,1496150.0,1483165.0
2019-02-23,1345300.0,1307403.0
2019-02-24,1303050.0,1280572.0
2019-02-25,1479900.0,1441532.0
2019-02-26,1451750.0,1423308.0
2019-02-27,1407650.0,1400545.0
2019-02-28,1420050.0,1394329.0
2019-03-01,1404050.0,1406251.0
2019-03-02,1285550.0,1293426.0
2019-03-03,1204650.0,1226202.0
2019-03-04,1412050.0,1427798.0
2019-03-05,1483200.0,1467441.0
2019-03-06,1437500.0,1461941.0
2019-03-07,1452700.0,1442309.0
2019-03-08,1466400.0,1459431.0
2019-03-09,1298400.0,1304487.0
2019-03-10,1221200.0,1209341.0
2019-03-11,1460200.0,1445733.0
2019-03-12,1507150.0,1513314.0
2019-03-13,1513100.0,1515755.0
2019-03-14,1505950.0,1536551.0
2019-03-15,1446050.0,1453540.0
2019-03-16,1250000.0,1260173.0
2019-03-17,1255700.0,1242144.0
2019-03-18,1488050.0,1482374.0
2019-03-19,1510250.0,1499732.0
2019-03-20,1477350.0,1476121.0
2019-03-21,1444800.0,1425982.0
2019-03-22,1378750.0,1376714.0
2019-03-23,1235800.0,1226874.0
2019-03-24,1169650.0,1162236.0
2019-03-25,1387350.0,1355529.0
2019-03-26,1409800.0,1405754.0
2019-03-27,1416250.0,1402907.0
2019-03-28,1379500.0,1375136.0
2019-03-29,1315000.0,1328450.0
2019-03-30,1178100.0,1172799.0
2019-03-31,1054900.0,1059333.0
2019-04-01,1237300.0,1249100.0
2019-04-02,1299450.0,1296334.0
2019-04-03,1408350.0,1422247.0
2019-04-04,1461650.0,1467724.0
2019-04-05,1414150.0,1434797.0
2019-04-06,1263000.0,1293082.0
2019-04-07,1212800.0,1220335.0
2019-04-08,1371350.0,1364084.0
2019-04-09,1360950.0,1364900.0
2019-04-10,1364850.0,1366144.0
2019-04-11,1353750.0,1366509.0
2019-04-12,1372250.0,1369545.0
2019-04-13,1269500.0,1273153.0
2019-04-14,1256200.0,1254459.0
2019-04-15,1379900.0,1252363.0
2019-04-16,1351800.0,1352341.0
2019-04-17,1287350.0,1295778.0
2019-04-18,1221750.0,1232183.0
2019-04-19,1172850.0,1173749.0
2019-04-20,1035950.0,1042961.0
2019-04-21,953450.0,981566.0
2019-04-22,984800.0,996887.0
2019-04-23,1169950.0,1150533.0
2019-04-24,1183050.0,1181909.0
2019-04-25,1204050.0,1220042.0
2019-04-26,1241550.0,1224304.0
2019-04-27,1137500.0,1110270.0
2019-04-28,1097750.0,1107647.0
2019-04-29,1264900.0,1253904.0
2019-04-30,1245750.0,1230948.0
2019-05-01,1031500.0,1031180.0
2019-05-02,1224950.0,1196171.0
2019-05-03,1227850.0,1228802.0
2019-05-04,1164600.0,1163580.0
2019-05-05,1158800.0,1169368.0
2019-05-06,1331450.0,1320665.0
2019-05-07,1307800.0,1288350.0
2019-05-08,1084000.0,1133058.0
2019-05-09,1205750.0,1244137.0
2019-05-10,1218250.0,1237452.0
2019-05-11,1091800.0,1090653.0
2019-05-12,1039100.0,1037733.0
2019-05-13,1211100.0,1185881.0
2019-05-14,1193250.0,1179330.0
2019-05-15,1186250.0,1178694.0
2019-05-16,1186700.0,1177935.0
2019-05-17,1180350.0,1188051.0
2019-05-18,1060700.0,1072110.0
2019-05-19,1011750.0,1022587.0
2019-05-20,1177500.0,1176308.0
2019-05-21,1185600.0,1170943.0
2019-05-22,1159300.0,1157209.0
2019-05-23,1145250.0,1143827.0
2019-05-24,1124800.0,1120493.0
2019-05-25,995300.0,996282.0
2019-05-26,937300.0,941123.0
2019-05-27,1108200.0,1102348.0
2019-05-28,1144750.0,1131368.0
2019-05-29,1138800.0,1147523.0
2019-05-30,967550.0,988800.0
2019-05-31,1045100.0,1039998.0
2019-06-01,989100.0,974574.0
2019-06-02,940450.0,915857.0
2019-06-03,1091900.0,1084586.0
2019-06-04,1107550.0,1109365.0
2019-06-05,1120650.0,1119256.0
2019-06-06,1118550.0,1112395.0
2019-06-07,1092700.0,1101861.0
2019-06-08,970900.0,985349.0
2019-06-09,905200.0,931003.0
2019-06-10,976400.0,981494.0
2019-06-11,1155600.0,1133909.0
2019-06-12,1146300.0,1138875.0
2019-06-13,1118400.0,1132495.0
2019-06-14,1098000.0,1128021.0
2019-06-15,985500.0,989434.0
2019-06-16,926230.0,932569.0
2019-06-17,1110200.0,1103916.0
2019-06-18,1141150.0,1133739.0
2019-06-19,1138900.0,1123385.0
2019-06-20,1121300.0,1119426.0
2019-06-21,1107500.0,1109535.0
2019-06-22,986450.0,985085.0
2019-06-23,937700.0,935535.0
2019-06-24,1122250.0,1140719.0
2019-06-25,1195100.0,1186839.0
2019-06-26,1190850.0,1207855.0
2019-06-27,1233800.0,1222830.0
2019-06-28,1212650.0,1204230.0
2019-06-29,1078900.0,1089352.0
2019-06-30,1015250.0,1016570.0
2019-07-01,1181150.0,1160747.0
2019-07-02,1190000.0,1173664.0
2019-07-03,1174450.0,1174122.0
2019-07-04,1179200.0,1183309.0
2019-07-05,1174350.0,1195697.0
2019-07-06,1068350.0,1063143.0
2019-07-07,994800.0,986519.0
2019-07-08,1156750.0,1140104.0
2019-07-09,1163700.0,1131079.0
2019-07-10,1143300.0,1148520.0
2019-07-11,1145150.0,1163583.0
2019-07-12,1154300.0,1148708.0
2019-07-13,1014800.0,1022340.0
2019-07-14,951250.0,945649.0
2019-07-15,1127150.0,1102127.0
2019-07-16,1131950.0,1147219.0
2019-07-17,1161950.0,1155290.0
2019-07-18,1162250.0,1148615.0
2019-07-19,1139200.0,1149110.0
2019-07-20,1016900.0,1020214.0
2019-07-21,951000.0,975726.0
2019-07-22,1156200.0,1165689.0
2019-07-23,1215000.0,1217544.0
2019-07-24,1240550.0,1232556.0
2019-07-25,1239700.0,1017587.0
2019-07-26,1194000.0,1162073.0
2019-07-27,996600.0,984777.0
2019-07-28,919950.0,895497.0
2019-07-29,1045950.0,1052640.0
2019-07-30,1080600.0,1069192.0
2019-07-31,1067500.0,1066693.0
2019-08-01,1056150.0,1074463.0
2019-08-02,1053350.0,1059316.0
2019-08-03,946250.0,968180.0
2019-08-04,913550.0,921988.0
2019-08-05,1050000.0,1027685.0
2019-08-06,1029600.0,1040929.0
2019-08-07,1032850.0,1027233.0
2019-08-08,1032500.0,1048383.0
2019-08-09,1046350.0,1044146.0
2019-08-10,956800.0,924393.0
2019-08-11,864400.0,884232.0
2019-08-12,972800.0,963377.0
2019-08-13,984250.0,974008.0
2019-08-14,965950.0,985276.0
2019-08-15,899950.0,895647.0
2019-08-16,946500.0,956122.0
2019-08-17,903400.0,918265.0
2019-08-18,879300.0,887728.0
2019-08-19,1023800.0,1005235.0
2019-08-20,1044550.0,1028807.0
2019-08-21,1039400.0,1032157.0
2019-08-22,1034400.0,1044786.0
2019-08-23,1045050.0,1050396.0
2019-08-24,961250.0,971325.0
2019-08-25,923750.0,930777.0
2019-08-26,1099100.0,1100109.0
2019-08-27,1141350.0,1129749.0
2019-08-28,1142950.0,1142617.0
2019-08-29,1145950.0,1142093.0
2019-08-30,1117350.0,1137254.0
2019-08-31,1005650.0,1002277.0
2019-09-01,934200.0,936595.0
2019-09-02,1096500.0,1080246.0
2019-09-03,1120500.0,1115525.0
2019-09-04,1122850.0,1121413.0
2019-09-05,1115850.0,1108461.0
2019-09-06,1091100.0,1100194.0
2019-09-07,962500.0,982960.0
2019-09-08,932950.0,938612.0
2019-09-09,1108600.0,1111830.0
2019-09-10,1136700.0,1134020.0
2019-09-11,1138950.0,1135755.0
2019-09-12,1135000.0,1138774.0
2019-09-13,1131750.0,1123710.0
2019-09-14,1002000.0,992232.0
2019-09-15,936900.0,949891.0
2019-09-16,1120450.0,1111458.0
2019-09-17,1144900.0,1127206.0
2019-09-18,1142800.0,1116239.0
2019-09-19,1114150.0,1114295.0
2019-09-20,1100000.0,1104359.0
2019-09-21,972850.0,986159.0
2019-09-22,929650.0,924838.0
2019-09-23,1081800.0,1076675.0
2019-09-24,1106700.0,1110881.0
2019-09-25,1120250.0,1121979.0
2019-09-26,1121450.0,1127971.0
2019-09-27,1109150.0,1106619.0
2019-09-28,972900.0,982483.0
2019-09-29,929500.0,941308.0
2019-09-30,1104050.0,1103050.0
2019-10-01,1132100.0,1130063.0
2019-10-02,1138700.0,1136255.0
2019-10-03,1165550.0,1179184.0
2019-10-04,1149300.0,1166889.0
2019-10-05,1021150.0,1044478.0
2019-10-06,985250.0,983332.0
2019-10-07,1172850.0,1157157.0
2019-10-08,1181500.0,1175253.0
2019-10-09,1181300.0,1178704.0
2019-10-10,1185200.0,1181360.0
2019-10-11,1158150.0,1163010.0
2019-10-12,1028200.0,1022232.0
2019-10-13,966700.0,965297.0
2019-10-14,1133100.0,1120979.0
2019-10-15,1152500.0,1158212.0
2019-10-16,1183800.0,1178880.0
2019-10-17,1182350.0,1191904.0
2019-10-18,1183000.0,1173389.0
2019-10-19,1053700.0,1061840.0
2019-10-20,1019200.0,1028514.0
2019-10-21,1231050.0,1207715.0
2019-10-22,1255550.0,1271970.0
2019-10-23,1237950.0,1249952.0
2019-10-24,1230250.0,1213419.0
2019-10-25,1206700.0,1201802.0
2019-10-26,1057350.0,1059772.0
2019-10-27,1066550.0,1044903.0
2019-10-28,1254900.0,1248666.0
2019-10-29,1298200.0,1290035.0
2019-10-30,1305050.0,1302291.0
2019-10-31,1300250.0,1275840.0
2019-11-01,1109700.0,1117426.0
2019-11-02,1105300.0,1087298.0
2019-11-03,1081500.0,1100989.0
2019-11-04,1282150.0,1286149.0
2019-11-05,1351650.0,1355644.0
2019-11-06,1389750.0,1378625.0
2019-11-07,1425050.0,1418894.0
2019-11-08,1454950.0,1476961.0
2019-11-09,1394250.0,1373488.0
2019-11-10,1366350.0,1331319.0
2019-11-11,1377550.0,1358123.0
2019-11-12,1528000.0,1533989.0
2019-11-13,1579200.0,1580993.0
2019-11-14,1615900.0,1635595.0
2019-11-15,1674650.0,1659131.0
2019-11-16,1529000.0,1514741.0
2019-11-17,1494900.0,1456321.0
2019-11-18,1662850.0,1639694.0
2019-11-19,1686700.0,1664233.0
2019-11-20,1693800.0,1684636.0
2019-11-21,1674750.0,1660241.0
2019-11-22,1591750.0,1563175.0
2019-11-23,1366000.0,1386577.0
2019-11-24,1338450.0,1340524.0
2019-11-25,1504450.0,1473894.0
2019-11-26,1453750.0,1457432.0
2019-11-27,1431900.0,1442225.0
2019-11-28,1448800.0,1449200.0
2019-11-29,1455550.0,1461514.0
2019-11-30,1398550.0,1409479.0
2019-12-01,1419350.0,1408642.0
2019-12-02,1631750.0,1641972.0
2019-12-03,1715550.0,1738768.0
2019-12-04,1779800.0,1772521.0
2019-12-05,1766750.0,1759795.0
2019-12-06,1720400.0,1699503.0
2019-12-07,1494500.0,1438774.0
2019-12-08,1347250.0,1347079.0
2019-12-09,1535700.0,1554512.0
2019-12-10,1649850.0,1650778.0
2019-12-11,1679150.0,1667806.0
2019-12-12,1684000.0,1684689.0
2019-12-13,1587600.0,1609353.0
2019-12-14,1406600.0,1422930.0
2019-12-15,1339450.0,1333676.0
2019-12-16,1508450.0,1490390.0
2019-12-17,1493400.0,1449058.0
2019-12-18,1496500.0,1461166.0
2019-12-19,1411000.0,1414771.0
2019-12-20,1375900.0,1389308.0
2019-12-21,1322600.0,1326893.0
2019-12-22,1299600.0,1298359.0
2019-12-23,1412550.0,1399362.0
2019-12-24,1397200.0,1315320.0
2019-12-25,1170900.0,1207624.0
2019-12-26,1379400.0,1377515.0
2019-12-27,1408400.0,1373973.0
2019-12-28,1355950.0,1347560.0
2019-12-29,1400850.0,1420109.0
2019-12-30,1547000.0,1570437.0
2019-12-31,1588350.0,1584773.0
2020-01-01,1481950.0,1445857.0
2020-01-02,1576650.0,1545987.0
2020-01-03,1553450.0,1501559.0
2020-01-04,1462750.0,1444880.0
2020-01-05,1459300.0,1443451.0
2020-01-06,1680700.0,1659902.0
2020-01-07,1652400.0,1630757.0
2020-01-08,1569600.0,1558585.0
2020-01-09,1512181.0,1510284.0
2020-01-10,1519500.0,1546162.0
2020-01-11,1467250.0,1478843.0
2020-01-12,1457700.0,1453199.0
2020-01-13,1629800.0,1613663.0
2020-01-14,1603000.0,1593941.0
2020-01-15,1563150.0,1565498.0
2020-01-16,1570350.0,1543757.0
2020-01-17,1544750.0,1539935.0
2020-01-18,1489500.0,1498575.0
2020-01-19,1519750.0,1521103.0
2020-01-20,1752850.0,1744957.0
2020-01-21,1814200.0,1793019.0
2020-01-22,1804250.0,1805571.0
2020-01-23,1786450.0,1798575.0
2020-01-24,1755750.0,1760216.0
2020-01-25,1613950.0,1592702.0
2020-01-26,1516750.0,1468961.0
2020-01-27,1643700.0,1617724.0
2020-01-28,1644800.0,1637350.0
2020-01-29,1628550.0,1619433.0
2020-01-30,1617850.0,1594166.0
2020-01-31,1489600.0,1462163.0
2020-02-01,1305150.0,1314601.0
2020-02-02,1226050.0,1247254.0
2020-02-03,1421000.0,1386426.0
2020-02-04,1500600.0,1511965.0
2020-02-05,1588900.0,1589147.0
2020-02-06,1650150.0,1637039.0
2020-02-07,1648600.0,1628611.0
2020-02-08,1474700.0,1431011.0
2020-02-09,1326500.0,1352249.0
2020-02-10,1476700.0,1471081.0
2020-02-11,1526100.0,1535602.0
2020-02-12,1600350.0,1572532.0
2020-02-13,1576800.0,1597209.0
2020-02-14,1518650.0,1512531.0
2020-02-15,1358050.0,1361273.0
2020-02-16,1235250.0,1258363.0
2020-02-17,1458450.0,1448623.0
2020-02-18,1541700.0,1524331.0
2020-02-19,1568300.0,1546994.0
2020-02-20,1540300.0,1521276.0
2020-02-21,1527600.0,1535427.0
2020-02-22,1391600.0,1387450.0
2020-02-23,1282000.0,1276808.0
2020-02-24,1436500.0,1403790.0
2020-02-25,1487000.0,1464926.0
2020-02-26,1552100.0,1591910.0
2020-02-27,1598100.0,1631869.0
2020-02-28,1611550.0,1600123.0
2020-02-29,1391700.0,1400894.0
2020-03-01,1366350.0,1360101.0
2020-03-02,1568500.0,1554175.0
2020-03-03,1618350.0,1617915.0
2020-03-04,1638550.0,1612816.0
2020-03-05,1561550.0,1561540.0
2020-03-06,1570700.0,1590620.0
2020-03-07,1461000.0,1451503.0
2020-03-08,1354750.0,1348894.0
2020-03-09,1517400.0,1505125.0
2020-03-10,1501100.0,1504531.0
2020-03-11,1419050.0,1388071.0
2020-03-12,1414800.0,1384265.0
2020-03-13,1426450.0,1411543.0
2020-03-14,1311100.0,1301967.0
2020-03-15,1194750.0,1200440.0
2020-03-16,1232000.0,1341977.0
2020-03-17,1148100.0,1290661.0
2020-03-18,1263800.0,1196594.0
2020-03-19,1144600.0,1135302.0
2020-03-20,1127950.0,1108610.0
2020-03-21,1125550.0,1086993.0
2020-03-22,1066850.0,1101612.0
2020-03-23,1248300.0,1187294.0
2020-03-24,1247900.0,1217858.0
2020-03-25,1266750.0,1239180.0
2020-03-26,1263150.0,1261895.0
2020-03-27,1257350.0,1236075.0
2020-03-28,1119300.0,1124326.0
2020-03-29,1030200.0,1099597.0
2020-03-30,1259150.0,1324362.0
2020-03-31,1289850.0,1296621.0
2020-04-01,1260950.0,1255852.0
2020-04-02,1245950.0,1251124.0
2020-04-03,1208650.0,1215184.0
2020-04-04,1112100.0,1102515.0
2020-04-05,977200.0,1002113.0
2020-04-06,1064350.0,1063169.0
2020-04-07,1053850.0,1070727.0
2020-04-08,1017300.0,1037508.0
2020-04-09,1021300.0,1008969.0
2020-04-10,983300.0,978630.0
2020-04-11,907150.0,917786.0
2020-04-12,880350.0,885796.0
2020-04-13,871750.0,903844.0
2020-04-14,1055250.0,1016996.0
2020-04-15,1031100.0,1051241.0
2020-04-16,985800.0,1029302.0
2020-04-17,1014100.0,996340.0
2020-04-18,915150.0,920935.0
2020-04-19,869100.0,895302.0
2020-04-20,991200.0,994590.0
2020-04-21,1021250.0,1018861.0
2020-04-22,1014850.0,1023833.0
2020-04-23,1017600.0,1019980.0
2020-04-24,1001450.0,996238.0
2020-04-25,933200.0,911694.0
2020-04-26,883100.0,892883.0
2020-04-27,988650.0,995627.0
2020-04-28,1035200.0,1023434.0
2020-04-29,1068750.0,1035415.0
2020-04-30,1056750.0,1042264.0
2020-05-01,938500.0,943537.0
2020-05-02,961000.0,954891.0
2020-05-03,918550.0,921636.0
2020-05-04,990250.0,1010537.0
2020-05-05,1027650.0,1021361.0
2020-05-06,1010000.0,1015829.0
2020-05-07,1006650.0,1009674.0
2020-05-08,897050.0,916136.0
2020-05-09,923550.0,895920.0
2020-05-10,875350.0,876558.0
2020-05-11,1059250.0,1041525.0
2020-05-12,1089250.0,1095236.0
2020-05-13,1098800.0,1114012.0
2020-05-14,1134400.0,1110334.0
2020-05-15,1098350.0,1086364.0
2020-05-16,972050.0,972834.0
2020-05-17,909700.0,912127.0
2020-05-18,1009850.0,1026700.0
2020-05-19,1031900.0,1029107.0
2020-05-20,1030500.0,1023789.0
2020-05-21,900250.0,918929.0
2020-05-22,967250.0,951313.0
2020-05-23,902750.0,902499.0
2020-05-24,862100.0,865534.0
2020-05-25,989100.0,1003998.0
2020-05-26,1010400.0,1031894.0
2020-05-27,1032950.0,1028553.0
2020-05-28,1033500.0,1023722.0
2020-05-29,1007750.0,1008861.0
2020-05-30,922750.0,908859.0
2020-05-31,881750.0,853449.0
2020-06-01,874650.0,894051.0
2020-06-02,1011350.0,1035339.0
2020-06-03,1050850.0,1051469.0
2020-06-04,1057150.0,1045671.0
2020-06-05,1051850.0,1027027.0
2020-06-06,911700.0,919396.0
2020-06-07,867950.0,879911.0
2020-06-08,1010850.0,1024301.0
2020-06-09,1048450.0,1059217.0
2020-06-10,1070750.0,1073005.0
2020-06-11,1086600.0,1070705.0
2020-06-12,1061550.0,1053213.0
2020-06-13,934550.0,937741.0
2020-06-14,887400.0,888545.0
2020-06-15,1031550.0,1030124.0
2020-06-16,1061700.0,1058290.0
2020-06-17,1068900.0,1054274.0
2020-06-18,1062000.0,1054152.0
2020-06-19,1039650.0,1033435.0
2020-06-20,927300.0,939067.0
2020-06-21,900200.0,880084.0
2020-06-22,1051650.0,1050838.0
2020-06-23,1071150.0,1074731.0
2020-06-24,1102000.0,1095997.0
2020-06-25,1104500.0,1113577.0
2020-06-26,1086250.0,1084071.0
2020-06-27,974500.0,946359.0
2020-06-28,895600.0,898634.0
2020-06-29,1049750.0,1049238.0
2020-06-30,1072000.0,1059218.0
2020-07-01,1090800.0,1103146.0
2020-07-02,1103450.0,1090137.0
2020-07-03,1064900.0,1071233.0
2020-07-04,932350.0,952566.0
2020-07-05,908150.0,917388.0
2020-07-06,1058100.0,1065699.0
2020-07-07,1085350.0,1099855.0
2020-07-08,1111950.0,1112328.0
2020-07-09,1118250.0,1132173.0
2020-07-10,1128000.0,1104640.0
2020-07-11,981300.0,970589.0
2020-07-12,918800.0,911822.0
2020-07-13,1010950.0,1020552.0
2020-07-14,945900.0,960665.0
2020-07-15,1098500.0,1084665.0
2020-07-16,1110250.0,1100749.0
2020-07-17,1082800.0,1100920.0
2020-07-18,988500.0,984227.0
2020-07-19,942650.0,930044.0
2020-07-20,1085850.0,1087641.0
2020-07-21,1126500.0,1116618.0
2020-07-22,1123950.0,1116343.0
2020-07-23,1124700.0,1127814.0
2020-07-24,1114050.0,1103740.0
2020-07-25,973800.0,982212.0
2020-07-26,913000.0,924941.0
2020-07-27,1061200.0,1082093.0
2020-07-28,1103250.0,1101854.0
2020-07-29,1093350.0,1115423.0
2020-07-30,1120350.0,1126570.0
2020-07-31,1135400.0,1120163.0
2020-08-01,1029800.0,989638.0
2020-08-02,923400.0,906232.0
2020-08-03,997100.0,992761.0
2020-08-04,982750.0,1001350.0
2020-08-05,1000550.0,1013128.0
2020-08-06,1032200.0,1037667.0
2020-08-07,1047850.0,1050720.0
2020-08-08,985750.0,980717.0
2020-08-09,939400.0,937148.0
2020-08-10,1079600.0,1043500.0
2020-08-11,1066450.0,1066373.0
2020-08-12,1078300.0,1045473.0
2020-08-13,1039300.0,1009713.0
2020-08-14,1001400.0,999712.0
2020-08-15,914150.0,923136.0
2020-08-16,895050.0,880471.0
2020-08-17,984850.0,977931.0
2020-08-18,1012700.0,1013954.0
2020-08-19,1009950.0,1033199.0
2020-08-20,1051350.0,1051181.0
2020-08-21,1058700.0,1045071.0
2020-08-22,958800.0,944361.0
2020-08-23,879700.0,889460.0
2020-08-24,1028300.0,1027403.0
2020-08-25,1062950.0,1060441.0
2020-08-26,1070600.0,1075483.0
2020-08-27,1086850.0,1083049.0
2020-08-28,1074850.0,1057018.0
2020-08-29,929550.0,933036.0
2020-08-30,874000.0,888665.0
2020-08-31,1039600.0,1041878.0
2020-09-01,1068900.0,1070842.0
2020-09-02,1077500.0,1083142.0
2020-09-03,1081000.0,1086987.0
2020-09-04,1087900.0,1086192.0
2020-09-05,963850.0,950861.0
2020-09-06,888400.0,906111.0
2020-09-07,1055950.0,1057189.0
2020-09-08,1079150.0,1090266.0
2020-09-09,1099950.0,1097733.0
2020-09-10,1101100.0,1099667.0
2020-09-11,1091950.0,1086822.0
2020-09-12,969200.0,967712.0
2020-09-13,931500.0,925294.0
2020-09-14,1099300.0,1091407.0
2020-09-15,1135250.0,1127637.0
2020-09-16,1130200.0,1128669.0
2020-09-17,1130450.0,1109120.0
2020-09-18,1110200.0,1095817.0
2020-09-19,975300.0,985282.0
2020-09-20,923250.0,921221.0
2020-09-21,1056650.0,1069683.0
2020-09-22,1084900.0,1092291.0
2020-09-23,1093850.0,1084450.0
2020-09-24,1079950.0,1085076.0
2020-09-25,1088550.0,1099524.0
2020-09-26,1001100.0,1016485.0
2020-09-27,992300.0,1024125.0
2020-09-28,1179550.0,1192006.0
2020-09-29,1219150.0,1197262.0
2020-09-30,1189950.0,1167728.0
2020-10-01,1163150.0,1171842.0
2020-10-02,1183850.0,1200199.0
2020-10-03,1089350.0,1090221.0
2020-10-04,1057100.0,1044169.0
2020-10-05,1223650.0,1227100.0
2020-10-06,1236550.0,1239368.0
2020-10-07,1227400.0,1214897.0
2020-10-08,1212850.0,1193014.0
2020-10-09,1185100.0,1180322.0
2020-10-10,1098350.0,1081229.0
2020-10-11,1092650.0,1080838.0
2020-10-12,1294900.0,1284043.0
2020-10-13,1339250.0,1317995.0
2020-10-14,1359400.0,1337663.0
2020-10-15,1368900.0,1372489.0
2020-10-16,1368700.0,1367900.0
2020-10-17,1227850.0,1233216.0
2020-10-18,1176650.0,1179676.0
2020-10-19,1346850.0,1329309.0
2020-10-20,1293950.0,1304084.0
2020-10-21,1226650.0,1235774.0
2020-10-22,1212850.0,1222223.0
2020-10-23,1218400.0,1208500.0
2020-10-24,1088050.0,1089647.0
2020-10-25,1076550.0,1086138.0
2020-10-26,1306500.0,1285581.0
2020-10-27,1344950.0,1336578.0
2020-10-28,1314600.0,1299612.0
2020-10-29,1282200.0,1278748.0
2020-10-30,1234450.0,1229774.0
2020-10-31,1118200.0,1103735.0
2020-11-01,1043400.0,1063061.0
2020-11-02,1196250.0,1188845.0
2020-11-03,1273900.0,1287270.0
2020-11-04,1393800.0,1372732.0
2020-11-05,1427250.0,1389005.0
2020-11-06,1376550.0,1354621.0
2020-11-07,1177200.0,1189930.0
2020-11-08,1094250.0,1102901.0
2020-11-09,1263400.0,1231965.0
2020-11-10,1276950.0,1265986.0
2020-11-11,1142950.0,1165085.0
2020-11-12,1278150.0,1270768.0
2020-11-13,1275200.0,1270054.0
2020-11-14,1119750.0,1129690.0
2020-11-15,1084600.0,1103764.0
2020-11-16,1287650.0,1285247.0
2020-11-17,1340750.0,1331520.0
2020-11-18,1341700.0,1329406.0
2020-11-19,1361500.0,1354842.0
2020-11-20,1431800.0,1435565.0
2020-11-21,1370050.0,1359785.0
2020-11-22,1346400.0,1342553.0
2020-11-23,1514400.0,1497102.0
2020-11-24,1556800.0,1527885.0
2020-11-25,1515900.0,1503037.0
2020-11-26,1497900.0,1495925.0
2020-11-27,1491450.0,1465005.0
2020-11-28,1350650.0,1335343.0
2020-11-29,1363650.0,1371921.0
2020-11-30,1618700.0,1619850.0
2020-12-01,1632900.0,1623361.0
2020-12-02,1638000.0,1645853.0
2020-12-03,1650750.0,1616763.0
2020-12-04,1606350.0,1610226.0
2020-12-05,1544300.0,1542950.0
2020-12-06,1521300.0,1505612.0
2020-12-07,1693000.0,1623565.0
2020-12-08,1731500.0,1715241.0
2020-12-09,1732400.0,1748347.0
2020-12-10,1721900.0,1704887.0
2020-12-11,1641300.0,1632695.0
2020-12-12,1453750.0,1448693.0
2020-12-13,1416650.0,1423651.0
2020-12-14,1544000.0,1536219.0
2020-12-15,1529600.0,1511300.0
2020-12-16,1536700.0,1530398.0
2020-12-17,1514100.0,1502675.0
2020-12-18,1493700.0,1474565.0
2020-12-19,1345150.0,1339190.0
2020-12-20,1305100.0,1295266.0
2020-12-21,1434400.0,1437872.0
2020-12-22,1363800.0,1358621.0
2020-12-23,1324700.0,1337706.0
2020-12-24,1336550.0,1353081.0
2020-12-25,1364150.0,1373208.0
2020-12-26,1511100.0,1483443.0
2020-12-27,1460650.0,1491248.0
2020-12-28,1614900.0,1542756.0
2020-12-29,1566150.0,1557668.0
2020-12-30,1583050.0,1579157.0
2020-12-31,1575600.0,1562162.0
2021-01-01,1519150.0,1521262.0
2021-01-02,1628900.0,1628794.0
2021-01-03,1667400.0,1539632.0
2021-01-04,1812900.0,1814791.0
2021-01-05,1885600.0,1872379.0
2021-01-06,1906050.0,1879242.0
2021-01-07,1908900.0,1899022.0
2021-01-08,1914000.0,1899098.0
2021-01-09,1768100.0,1793862.0
2021-01-10,1735600.0,1751271.0
2021-01-11,1912000.0,1925848.0
2021-01-12,1873150.0,1863702.0
2021-01-13,1785300.0,1722711.0
2021-01-14,1718400.0,1669112.0
2021-01-15,1731100.0,1737638.0
2021-01-16,1680950.0,1714674.0
2021-01-17,1602600.0,1574654.0
2021-01-18,1748200.0,1758058.0
2021-01-19,1775900.0,1767676.0
2021-01-20,1695800.0,1670696.0
2021-01-21,1612550.0,1614794.0
2021-01-22,1616050.0,1616668.0
2021-01-23,1545050.0,1561834.0
2021-01-24,1555450.0,1577273.0
2021-01-25,1753950.0,1751490.0
2021-01-26,1808200.0,1834193.0
2021-01-27,1782300.0,1751556.0
2021-01-28,1633850.0,1580646.0
2021-01-29,1502200.0,1491894.0
2021-01-30,1382750.0,1406596.0
2021-01-31,1383950.0,1378654.0
2021-02-01,1511450.0,1525963.0
2021-02-02,1515650.0,1491482.0
2021-02-03,1451950.0,1471286.0
2021-02-04,1503700.0,1517844.0
2021-02-05,1505550.0,1466432.0
2021-02-06,1372450.0,1377770.0
2021-02-07,1416350.0,1422622.0
2021-02-08,1686350.0,1708354.0
2021-02-09,1798750.0,1796988.0
2021-02-10,1807450.0,1815103.0
2021-02-11,1859150.0,1875721.0
2021-02-12,1846950.0,1887160.0
2021-02-13,1767400.0,1804931.0
2021-02-14,1698750.0,1735269.0
2021-02-15,1776200.0,1747559.0
2021-02-16,1677550.0,1633698.0
2021-02-17,1593250.0,1532418.0
2021-02-18,1547200.0,1540429.0
2021-02-19,1518750.0,1493372.0
2021-02-20,1296400.0,1289944.0
2021-02-21,1211150.0,1222447.0
2021-02-22,1391100.0,1389270.0
2021-02-23,1387250.0,1342659.0
2021-02-24,1329750.0,1256077.0
2021-02-25,1354450.0,1333528.0
2021-02-26,1390200.0,1360010.0
2021-02-27,1308100.0,1314704.0
2021-02-28,1295950.0,1285174.0
2021-03-01,1454850.0,1428194.0
2021-03-02,1437550.0,1430452.0
2021-03-03,1418100.0,1412610.0
2021-03-04,1447000.0,1409710.0
2021-03-05,1460950.0,1458511.0
2021-03-06,1408800.0,1392151.0
2021-03-07,1373800.0,1364976.0
2021-03-08,1543300.0,1523183.0
2021-03-09,1562650.0,1546874.0
2021-03-10,1550850.0,1535717.0
2021-03-11,1449200.0,1439071.0
2021-03-12,1422650.0,1431992.0
2021-03-13,1313300.0,1337701.0
2021-03-14,1298000.0,1320373.0
2021-03-15,1472950.0,1479813.0
2021-03-16,1516500.0,1500974.0
2021-03-17,1487150.0,1497309.0
2021-03-18,1552000.0,1548973.0
2021-03-19,1549650.0,1545291.0
2021-03-20,1443600.0,1445195.0
2021-03-21,1401100.0,1389132.0
2021-03-22,1534900.0,1519677.0
2021-03-23,1498800.0,1477471.0
2021-03-24,1437100.0,1409731.0
2021-03-25,1397650.0,1365802.0
2021-03-26,1347250.0,1346771.0
2021-03-27,1224650.0,1234304.0
2021-03-28,1103450.0,1128235.0
2021-03-29,1262050.0,1262368.0
2021-03-30,1209050.0,1213304.0
2021-03-31,1174450.0,1182755.0
2021-04-01,1139600.0,1151295.0
2021-04-02,1143000.0,1139438.0
2021-04-03,1087300.0,1113073.0
2021-04-04,1079300.0,1109329.0
2021-04-05,1175200.0,1167496.0
2021-04-06,1389650.0,1407888.0
2021-04-07,1486150.0,1477836.0
2021-04-08,1464250.0,1436029.0
2021-04-09,1335000.0,1346014.0
2021-04-10,1176700.0,1187250.0
2021-04-11,1174750.0,1190095.0
2021-04-12,1408950.0,1390346.0
2021-04-13,1420550.0,1404662.0
2021-04-14,1400150.0,1401143.0
2021-04-15,1411250.0,1406080.0
2021-04-16,1394050.0,1410327.0
2021-04-17,1248350.0,1262445.0
2021-04-18,1186800.0,1195314.0
2021-04-19,1313400.0,1297622.0
2021-04-20,1266000.0,1271010.0
2021-04-21,1257400.0,1241502.0
2021-04-22,1218650.0,1210187.0
2021-04-23,1178900.0,1167872.0
2021-04-24,1025400.0,1036109.0
2021-04-25,977250.0,992342.0
2021-04-26,1154800.0,1152665.0
2021-04-27,1170750.0,1176978.0
2021-04-28,1189100.0,1187165.0
2021-04-29,1216550.0,1213204.0
2021-04-30,1201100.0,1224531.0
2021-05-01,1042500.0,1087141.0
2021-05-02,1098150.0,1089488.0
2021-05-03,1241750.0,1224044.0
2021-05-04,1224400.0,1233323.0
2021-05-05,1236500.0,1230771.0
2021-05-06,1235900.0,1273070.0
2021-05-07,1246850.0,1214983.0
2021-05-08,1042500.0,1016528.0
2021-05-09,914800.0,942688.0
2021-05-10,1090450.0,1099776.0
2021-05-11,1156050.0,1148888.0
2021-05-12,1172900.0,1109991.0
2021-05-13,1014400.0,1042422.0
2021-05-14,1090900.0,1091304.0
2021-05-15,1038450.0,1048799.0
2021-05-16,1000950.0,1015979.0
2021-05-17,1154250.0,1148085.0
2021-05-18,1181150.0,1189603.0
2021-05-19,1192850.0,1141045.0
2021-05-20,1188250.0,1178148.0
2021-05-21,1132950.0,1149656.0
2021-05-22,1034900.0,1044720.0
2021-05-23,996300.0,989604.0
2021-05-24,1003400.0,1037801.0
2021-05-25,1178900.0,1174866.0
2021-05-26,1169950.0,1188375.0
2021-05-27,1155500.0,1159902.0
2021-05-28,1112950.0,1102848.0
2021-05-29,967350.0,969344.0
2021-05-30,915150.0,912854.0
2021-05-31,1066200.0,1056347.0
2021-06-01,1087900.0,1072782.0
2021-06-02,1090400.0,1083059.0
2021-06-03,1084250.0,1045398.0
2021-06-04,1076350.0,1075223.0
2021-06-05,950600.0,948594.0
2021-06-06,896550.0,905343.0
2021-06-07,1059300.0,1063383.0
2021-06-08,1086050.0,1088627.0
2021-06-09,1097050.0,1101802.0
2021-06-10,1113350.0,1105455.0
2021-06-11,1102700.0,1098065.0
2021-06-12,980750.0,979457.0
2021-06-13,945500.0,932472.0
2021-06-14,1093700.0,1101380.0
2021-06-15,1127100.0,1141643.0
2021-06-16,1148700.0,1154571.0
2021-06-17,1157300.0,1131527.0
2021-06-18,1099950.0,1103021.0
2021-06-19,979900.0,997008.0
2021-06-20,936050.0,930758.0
2021-06-21,1075850.0,1080316.0
2021-06-22,1097850.0,1099734.0
2021-06-23,1102450.0,1101389.0
2021-06-24,1094800.0,1091573.0
2021-06-25,1076850.0,1073762.0
2021-06-26,951450.0,972798.0
2021-06-27,920350.0,923545.0
2021-06-28,1082400.0,1077554.0
2021-06-29,1102350.0,1096724.0
2021-06-30,1097650.0,1091361.0
2021-07-01,1096350.0,1096380.0
2021-07-02,1085600.0,1099343.0
2021-07-03,979650.0,978713.0
2021-07-04,923600.0,924372.0
2021-07-05,1078550.0,1077596.0
2021-07-06,1099050.0,1090789.0
2021-07-07,1089750.0,1094986.0
2021-07-08,1088950.0,1098661.0
2021-07-09,1094300.0,1089437.0
2021-07-10,964450.0,979297.0
2021-07-11,923950.0,926447.0
2021-07-12,1084150.0,1076451.0
2021-07-13,1075800.0,1077552.0
2021-07-14,932700.0,952750.0
2021-07-15,1091450.0,1063651.0
2021-07-16,1075500.0,1068716.0
2021-07-17,967650.0,970080.0
2021-07-18,927000.0,925174.0
2021-07-19,1096800.0,1094491.0
2021-07-20,1123200.0,1128251.0
2021-07-21,1119700.0,1140389.0
2021-07-22,1140750.0,1144002.0
2021-07-23,1132500.0,1125043.0
2021-07-24,990500.0,993698.0
2021-07-25,913350.0,934120.0
2021-07-26,1076450.0,1071636.0
2021-07-27,1090350.0,1101230.0
2021-07-28,1096500.0,1088020.0
2021-07-29,1094000.0,1080756.0
2021-07-30,1065600.0,1051992.0
2021-07-31,934450.0,945724.0
2021-08-01,885650.0,880852.0
2021-08-02,1001450.0,982356.0
2021-08-03,1016200.0,1004214.0
2021-08-04,997850.0,1006255.0
2021-08-05,1000400.0,985783.0
2021-08-06,975750.0,977976.0
2021-08-07,901050.0,896607.0
2021-08-08,850250.0,861928.0
2021-08-09,945550.0,945457.0
2021-08-10,942700.0,984201.0
2021-08-11,970900.0,1006801.0
2021-08-12,1020350.0,1021787.0
2021-08-13,1021700.0,1027249.0
2021-08-14,951850.0,969686.0
2021-08-15,929300.0,914906.0
2021-08-16,953450.0,987498.0
2021-08-17,978450.0,1007456.0
2021-08-18,1012900.0,1010840.0
2021-08-19,1006550.0,1016247.0
2021-08-20,1015800.0,1024815.0
2021-08-21,963450.0,951483.0
2021-08-22,917750.0,901369.0
2021-08-23,1011450.0,1030514.0
2021-08-24,1070300.0,1051341.0
2021-08-25,1073600.0,1061047.0
2021-08-26,1061750.0,1071946.0
2021-08-27,1074800.0,1056912.0
2021-08-28,969900.0,955984.0
2021-08-29,908100.0,919344.0
2021-08-30,1042300.0,1070202.0
2021-08-31,1100500.0,1100643.0
2021-09-01,1111850.0,1098732.0
2021-09-02,1106250.0,1100260.0
2021-09-03,1088900.0,1101630.0
2021-09-04,990750.0,988260.0
2021-09-05,936300.0,948152.0
2021-09-06,1093050.0,1106561.0
2021-09-07,1142050.0,1129415.0
2021-09-08,1137750.0,1127165.0
2021-09-09,1130750.0,1120746.0
2021-09-10,1111150.0,1101217.0
2021-09-11,971700.0,979437.0
2021-09-12,923800.0,935039.0
2021-09-13,1071300.0,1088579.0
2021-09-14,1109800.0,1120673.0
2021-09-15,1113900.0,1122063.0
2021-09-16,1117650.0,1115531.0
2021-09-17,1094800.0,1095221.0
2021-09-18,976300.0,976112.0
2021-09-19,919550.0,925151.0
2021-09-20,1075400.0,1078101.0
2021-09-21,1095600.0,1100924.0
2021-09-22,1104950.0,1108478.0
2021-09-23,1112550.0,1114468.0
2021-09-24,1099950.0,1101141.0
2021-09-25,984200.0,991050.0
2021-09-26,947050.0,926582.0
2021-09-27,1082800.0,1080906.0
2021-09-28,1112350.0,1114718.0
2021-09-29,1126800.0,1113840.0
2021-09-30,1132900.0,1136686.0
2021-10-01,1130550.0,1134461.0
2021-10-02,1000700.0,1010950.0
2021-10-03,954350.0,978261.0
2021-10-04,1131200.0,1126501.0
2021-10-05,1158550.0,1150442.0
2021-10-06,1162500.0,1173638.0
2021-10-07,1176600.0,1190928.0
2021-10-08,1175450.0,1165187.0
2021-10-09,1056650.0,1053499.0
2021-10-10,1022200.0,1026073.0
2021-10-11,1177200.0,1188083.0
2021-10-12,1231400.0,1235917.0
2021-10-13,1257200.0,1241753.0
2021-10-14,1272900.0,1267567.0
2021-10-15,1262350.0,1247906.0
2021-10-16,1120750.0,1127137.0
2021-10-17,1084450.0,1087167.0
2021-10-18,1217600.0,1230888.0
2021-10-19,1199800.0,1189943.0
2021-10-20,1182650.0,1179343.0
2021-10-21,1204650.0,1201804.0
2021-10-22,1249900.0,1249147.0
2021-10-23,1175400.0,1151208.0
2021-10-24,1113500.0,1122333.0
2021-10-25,1282150.0,1263886.0
2021-10-26,1288000.0,1271011.0
2021-10-27,1270100.0,1280570.0
2021-10-28,1279900.0,1263832.0
2021-10-29,1228750.0,1234089.0
2021-10-30,1096400.0,1121185.0
2021-10-31,1094500.0,1007435.0
2021-11-01,1086850.0,1108346.0
2021-11-02,1312400.0,1315386.0
2021-11-03,1396450.0,1379977.0
2021-11-04,1447250.0,1436306.0
2021-11-05,1447650.0,1443378.0
2021-11-06,1374900.0,1356256.0
2021-11-07,1279150.0,1283542.0
2021-11-08,1441400.0,1441509.0
2021-11-09,1492850.0,1495929.0
2021-11-10,1528200.0,1522156.0
2021-11-11,1378400.0,1365483.0
2021-11-12,1433150.0,1419063.0
2021-11-13,1326400.0,1282930.0
2021-11-14,1219600.0,1224482.0
2021-11-15,1442000.0,1450213.0
2021-11-16,1494750.0,1496714.0
2021-11-17,1495650.0,1424846.0
2021-11-18,1495950.0,1429827.0
2021-11-19,1483800.0,1490724.0
2021-11-20,1380750.0,1397986.0
2021-11-21,1372900.0,1366126.0
2021-11-22,1567050.0,1557273.0
2021-11-23,1598150.0,1606439.0
2021-11-24,1643850.0,1620807.0
2021-11-25,1656450.0,1638221.0
2021-11-26,1659524.0,1633988.0
2021-11-27,1530000.0,1544394.0
2021-11-28,1519150.0,1542209.0
2021-11-29,1740750.0,1740324.0
2021-11-30,1754100.0,1751905.0
2021-12-01,1675300.0,1644360.0
2021-12-02,1677750.0,1687072.0
2021-12-03,1719900.0,1723194.0
2021-12-04,1510250.0,1476035.0
2021-12-05,1472250.0,1501531.0
2021-12-06,1695850.0,1668510.0
2021-12-07,1694250.0,1688316.0
2021-12-08,1696750.0,1700693.0
2021-12-09,1726950.0,1725389.0
2021-12-10,1686700.0,1704577.0
2021-12-11,1565100.0,1585063.0
2021-12-12,1477750.0,1477367.0
2021-12-13,1635400.0,1612605.0
2021-12-14,1657450.0,1667399.0
2021-12-15,1671750.0,1660688.0
2021-12-16,1670000.0,1645219.0
2021-12-17,1645550.0,1638127.0
2021-12-18,1542700.0,1540300.0
2021-12-19,1516400.0,1539915.0
2021-12-20,1697600.0,1711734.0
2021-12-21,1766500.0,1773350.0
2021-12-22,1784100.0,1820525.0
2021-12-23,1697100.0,1675634.0
2021-12-24,1555750.0,1456467.0
2021-12-25,1280750.0,1285959.0
2021-12-26,1273100.0,1285732.0
2021-12-27,1387250.0,1378648.0
2021-12-28,1320600.0,1356637.0
2021-12-29,1296700.0,1311660.0
2021-12-30,1225350.0,1255058.0
2021-12-31,1237400.0,1273137.0
2022-01-01,1130500.0,1193477.0
2022-01-02,1219450.0,1227543.0
2022-01-03,1410100.0,1406562.0
2022-01-04,1456900.0,1474890.0
2022-01-05,1608900.0,1625449.0
2022-01-06,1725900.0,1725421.0
2022-01-07,1719700.0,1710681.0
2022-01-08,1547650.0,1533709.0
2022-01-09,1451500.0,1485289.0
2022-01-10,1643900.0,1226829.0
2022-01-11,1749550.0,1740279.0
2022-01-12,1777200.0,1717677.0
2022-01-13,1836000.0,1810830.0
2022-01-14,1832700.0,1846787.0
2022-01-15,1748500.0,1741929.0
2022-01-16,1675050.0,1684065.0
2022-01-17,1784350.0,1706336.0
2022-01-18,1823500.0,1787948.0
2022-01-19,1794800.0,1629806.0
2022-01-20,1800550.0,1762982.0
2022-01-21,1800400.0,1790336.0
2022-01-22,1681850.0,1680508.0
2022-01-23,1624900.0,1610795.0
2022-01-24,1798100.0,1782170.0
2022-01-25,1834000.0,1853168.0
2022-01-26,1861100.0,1868343.0
2022-01-27,1850900.0,1762256.0
2022-01-28,1779350.0,1471045.0
2022-01-29,1591650.0,1584502.0
2022-01-30,1475850.0,1477497.0
2022-01-31,1646100.0,1645531.0
2022-02-01,1684350.0,1692655.0
2022-02-02,1614700.0,1596242.0
2022-02-03,1606150.0,1602096.0
2022-02-04,1577900.0,1567674.0
2022-02-05,1450800.0,1466670.0
2022-02-06,1414850.0,1434682.0
2022-02-07,1550200.0,1540483.0
2022-02-08,1599050.0,1582756.0
2022-02-09,1578300.0,1583237.0
2022-02-10,1599500.0,1563010.0
2022-02-11,1594400.0,1586770.0
2022-02-12,1529950.0,1520191.0
2022-02-13,1443400.0,1422488.0
2022-02-14,1530100.0,1528505.0
2022-02-15,1585500.0,1580791.0
2022-02-16,1508850.0,1528449.0
2022-02-17,1443450.0,1422277.0
2022-02-18,1408950.0,1404789.0
2022-02-19,1356200.0,1365193.0
2022-02-20,1293850.0,1251224.0
2022-02-21,1450850.0,1484024.0
2022-02-22,1505850.0,1491842.0
2022-02-23,1502350.0,1481265.0
2022-02-24,1509400.0,1487379.0
2022-02-25,1508300.0,1530428.0
2022-02-26,1446350.0,1431948.0
2022-02-27,1411850.0,1389265.0
2022-02-28,1556350.0,1511961.0
2022-03-01,1540100.0,1519013.0
2022-03-02,1525800.0,1510337.0
2022-03-03,1497500.0,1477481.0
2022-03-04,1468150.0,1462570.0
2022-03-05,1386200.0,1372293.0
2022-03-06,1379750.0,1363013.0
2022-03-07,1563800.0,1573881.0
2022-03-08,1583050.0,1586819.0
2022-03-09,1524250.0,1501138.0
2022-03-10,1456700.0,1427269.0
2022-03-11,1398550.0,1410767.0
2022-03-12,1284750.0,1306401.0
2022-03-13,1246050.0,1279811.0
2022-03-14,1409650.0,1425839.0
2022-03-15,1359650.0,1396589.0
2022-03-16,1331700.0,1371257.0
2022-03-17,1353400.0,1393888.0
2022-03-18,1377500.0,1381402.0
2022-03-19,1227050.0,1231404.0
2022-03-20,1198850.0,1205830.0
2022-03-21,1330150.0,1300882.0
2022-03-22,1326750.0,1303401.0
2022-03-23,1300950.0,1307668.0
2022-03-24,1317950.0,1290388.0
2022-03-25,1245450.0,1236305.0
2022-03-26,1123600.0,1095558.0
2022-03-27,985400.0,1007498.0
2022-03-28,1175900.0,1185341.0
2022-03-29,1220250.0,1203911.0
2022-03-30,1259400.0,1257171.0
2022-03-31,1349150.0,1327779.0
2022-04-01,1437200.0,1507969.0
2022-04-02,1449800.0,1450678.0
2022-04-03,1387200.0,1415632.0
2022-04-04,1533250.0,1499689.0
2022-04-05,1464750.0,1436506.0
2022-04-06,1404500.0,1383131.0
2022-04-07,1314450.0,1347056.0
2022-04-08,1330550.0,1355867.0
2022-04-09,1262800.0,1262878.0
2022-04-10,1226750.0,1203781.0
2022-04-11,1287450.0,1259117.0
2022-04-12,1208550.0,1216370.0
2022-04-13,1194850.0,1209048.0
2022-04-14,1181250.0,1162924.0
2022-04-15,1124550.0,1100323.0
2022-04-16,983850.0,964178.0
2022-04-17,919550.0,919241.0
2022-04-18,945200.0,967188.0
2022-04-19,1154900.0,1121955.0
2022-04-20,1157350.0,1156380.0
2022-04-21,1147550.0,1148028.0
2022-04-22,1123700.0,1108333.0
2022-04-23,986050.0,1023878.0
2022-04-24,974850.0,1000195.0
2022-04-25,1145400.0,1132839.0
2022-04-26,1165050.0,1155715.0
2022-04-27,1145000.0,1133221.0
2022-04-28,1113650.0,1120937.0
2022-04-29,1080650.0,1103994.0
2022-04-30,990100.0,998153.0
2022-05-01,935400.0,947522.0
2022-05-02,1094200.0,1094290.0
2022-05-03,1119250.0,1125991.0
2022-05-04,1117250.0,1143468.0
2022-05-05,1140350.0,1147977.0
2022-05-06,1120900.0,1129860.0
2022-05-07,985000.0,1000863.0
2022-05-08,930550.0,938777.0
2022-05-09,1071750.0,1087509.0
2022-05-10,1091150.0,1098638.0
2022-05-11,1098150.0,1090905.0
2022-05-12,1098850.0,1098447.0
2022-05-13,1086100.0,1084289.0
2022-05-14,974400.0,971215.0
2022-05-15,926150.0,920021.0
2022-05-16,1072200.0,1070127.0
2022-05-17,1102000.0,1109516.0
2022-05-18,1116000.0,1115043.0
2022-05-19,1115200.0,1112140.0
2022-05-20,1100450.0,1082443.0
2022-05-21,965600.0,973341.0
2022-05-22,925600.0,931717.0
2022-05-23,1078700.0,1068135.0
2022-05-24,1094650.0,1065834.0
2022-05-25,1063450.0,1066398.0
2022-05-26,916950.0,960590.0
2022-05-27,998350.0,992271.0
2022-05-28,939850.0,946009.0
2022-05-29,916600.0,901524.0
2022-05-30,1069600.0,1071059.0
2022-05-31,1084350.0,1104259.0
2022-06-01,1099950.0,1103983.0
2022-06-02,1097650.0,1098989.0
2022-06-03,1080350.0,1091535.0
2022-06-04,966400.0,980446.0
2022-06-05,916750.0,908929.0
2022-06-06,942400.0,944282.0
2022-06-07,1075250.0,1072101.0
2022-06-08,1084300.0,1089200.0
2022-06-09,1086000.0,1084309.0
2022-06-10,1075200.0,1085783.0
2022-06-11,975750.0,982922.0
2022-06-12,928000.0,928168.0
2022-06-13,1089100.0,1075585.0
2022-06-14,1110800.0,1114313.0
2022-06-15,1127300.0,1141109.0
2022-06-16,1148550.0,1153168.0
2022-06-17,1156400.0,1159033.0
2022-06-18,1061350.0,1057714.0
2022-06-19,990800.0,967209.0
2022-06-20,1093650.0,1106042.0
2022-06-21,1129500.0,1129691.0
2022-06-22,1128850.0,1130280.0
2022-06-23,1126800.0,1120218.0
2022-06-24,1109550.0,1076183.0
2022-06-25,961900.0,964106.0
2022-06-26,902000.0,926373.0
2022-06-27,1072600.0,1067121.0
2022-06-28,1097400.0,1090143.0
2022-06-29,1101450.0,1103370.0
2022-06-30,1101800.0,1101185.0
2022-07-01,1084000.0,1069559.0
2022-07-02,962950.0,975042.0
2022-07-03,924600.0,929551.0
2022-07-04,1080650.0,1089087.0
2022-07-05,1116850.0,1115688.0
2022-07-06,1123800.0,1111821.0
2022-07-07,1119950.0,1126006.0
2022-07-08,1102700.0,1118826.0
2022-07-09,997550.0,1012377.0
2022-07-10,953550.0,948877.0
2022-07-11,1119200.0,1117464.0
2022-07-12,1151000.0,1162048.0
2022-07-13,1156600.0,1168022.0
2022-07-14,1014700.0,1029337.0
2022-07-15,1068000.0,1070607.0
2022-07-16,1010000.0,1011020.0
2022-07-17,969500.0,974261.0
2022-07-18,1158700.0,1164101.0
2022-07-19,1211750.0,1192169.0
2022-07-20,1174550.0,1162546.0
2022-07-21,1157550.0,1155504.0
2022-07-22,1138700.0,1143836.0
2022-07-23,1033500.0,1020804.0
2022-07-24,964750.0,979776.0
2022-07-25,1140600.0,1100643.0
2022-07-26,1126800.0,1103175.0
2022-07-27,1102700.0,1098016.0
2022-07-28,1096750.0,1102218.0
2022-07-29,1082950.0,1077582.0
2022-07-30,970600.0,983269.0
2022-07-31,930500.0,935140.0
2022-08-01,1044750.0,1049692.0
2022-08-02,1074300.0,1078412.0
2022-08-03,1090550.0,1099273.0
2022-08-04,1100050.0,1086624.0
2022-08-05,1062100.0,915717.0
2022-08-06,920350.0,949044.0
2022-08-07,891050.0,896544.0
2022-08-08,1011100.0,954206.0
2022-08-09,1018900.0,1019813.0
2022-08-10,1030200.0,1027835.0
2022-08-11,1029500.0,1038809.0
2022-08-12,1031300.0,1044568.0
2022-08-13,944200.0,963668.0
2022-08-14,891450.0,889828.0
2022-08-15,849850.0,896931.0
2022-08-16,1015650.0,1000235.0
2022-08-17,1019800.0,996026.0
2022-08-18,1009650.0,991226.0
2022-08-19,983350.0,985520.0
2022-08-20,893950.0,925222.0
2022-08-21,879500.0,887285.0
2022-08-22,1013000.0,1022128.0
2022-08-23,1068350.0,1069969.0
2022-08-24,1097200.0,1089883.0
2022-08-25,1107250.0,1087385.0
2022-08-26,1073250.0,1064817.0
2022-08-27,949500.0,956943.0
2022-08-28,908650.0,908774.0
2022-08-29,1066700.0,1062431.0
2022-08-30,1109650.0,1104118.0
2022-08-31,1110950.0,1094249.0
2022-09-01,1106700.0,1093126.0
2022-09-02,1082350.0,1071902.0
2022-09-03,945650.0,955210.0
2022-09-04,903800.0,922552.0
2022-09-05,1075050.0,1078495.0
2022-09-06,1108350.0,1098029.0
2022-09-07,1092900.0,1086723.0
2022-09-08,1085550.0,1061118.0
2022-09-09,1047650.0,1040605.0
2022-09-10,925400.0,942508.0
2022-09-11,893750.0,908471.0
2022-09-12,1058550.0,1058855.0
2022-09-13,1107100.0,1096884.0
2022-09-14,1106000.0,1089051.0
2022-09-15,1081350.0,1077686.0
2022-09-16,1062250.0,1051690.0
2022-09-17,936950.0,937597.0
2022-09-18,907600.0,902984.0
2022-09-19,1040400.0,1047930.0
2022-09-20,1086500.0,1079463.0
2022-09-21,1079550.0,1075651.0
2022-09-22,1083000.0,1085365.0
2022-09-23,1068650.0,1079087.0
2022-09-24,953550.0,965493.0
2022-09-25,924250.0,919674.0
2022-09-26,1082150.0,1069925.0
2022-09-27,1117850.0,1097526.0
2022-09-28,1102250.0,1116673.0
2022-09-29,1133700.0,1019707.0
2022-09-30,1124450.0,1112291.0
2022-10-01,961150.0,1000146.0
2022-10-02,913850.0,936870.0
2022-10-03,1074250.0,1081714.0
2022-10-04,1104200.0,1102048.0
2022-10-05,1086400.0,1087802.0
2022-10-06,1076200.0,1086885.0
2022-10-07,1086950.0,1083733.0
2022-10-08,986050.0,973512.0
2022-10-09,957800.0,935604.0
2022-10-10,1074150.0,1070256.0
2022-10-11,1092200.0,1091523.0
2022-10-12,1112750.0,1109654.0
2022-10-13,1101400.0,1111015.0
2022-10-14,1080150.0,1091537.0
2022-10-15,961800.0,966961.0
2022-10-16,906700.0,920476.0
2022-10-17,1055800.0,1050716.0
2022-10-18,1076800.0,1062633.0
2022-10-19,1074500.0,1057582.0
2022-10-20,1062400.0,1059568.0
2022-10-21,1051750.0,1046020.0
2022-10-22,943200.0,944070.0
2022-10-23,902950.0,873261.0
2022-10-24,1030450.0,1035906.0
2022-10-25,1056000.0,1058474.0
2022-10-26,1061050.0,1052159.0
2022-10-27,1055150.0,1046032.0
2022-10-28,1043450.0,1028656.0
2022-10-29,937350.0,922340.0
2022-10-30,907300.0,907180.0
2022-10-31,1020850.0,962915.0
2022-11-01,940600.0,921763.0
2022-11-02,1010950.0,1065070.0
2022-11-03,1072650.0,1122113.0
2022-11-04,1156450.0,1151024.0
2022-11-05,1083850.0,1080222.0
2022-11-06,1029150.0,1051461.0
2022-11-07,1151700.0,1163047.0
2022-11-08,1152950.0,1177856.0
2022-11-09,1176650.0,1178441.0
2022-11-10,1213250.0,1200112.0
2022-11-11,1090650.0,1079814.0
2022-11-12,1071050.0,1062944.0
2022-11-13,1017900.0,1046040.0
2022-11-14,1231350.0,1210540.0
2022-11-15,1240600.0,1232296.0
2022-11-16,1229300.0,1236503.0
2022-11-17,1233750.0,1236026.0
2022-11-18,1278600.0,1248117.0
2022-11-19,1223600.0,1191628.0
2022-11-20,1195050.0,1169752.0
2022-11-21,1342750.0,1358710.0
2022-11-22,1397100.0,1387309.0
2022-11-23,1376250.0,1376234.0
2022-11-24,1364050.0,1350321.0
2022-11-25,1329450.0,1326217.0
2022-11-26,1258450.0,1262768.0
2022-11-27,1224450.0,1224874.0
2022-11-28,1383450.0,1354006.0
2022-11-29,1435050.0,1441106.0
2022-11-30,1481650.0,1468213.0
2022-12-01,1513900.0,1488247.0
2022-12-02,1541700.0,1515485.0
2022-12-03,1449050.0,1427383.0
2022-12-04,1409850.0,1404985.0
2022-12-05,1559600.0,1576585.0
2022-12-06,1608100.0,1604136.0
2022-12-07,1630900.0,1605314.0
2022-12-08,1632450.0,1638968.0
2022-12-09,1635750.0,1622194.0
2022-12-10,1532300.0,1554083.0
2022-12-11,1559550.0,1594306.0
2022-12-12,1761100.0,1793773.0
2022-12-13,1765350.0,1786300.0
2022-12-14,1724350.0,1692190.0
2022-12-15,1701800.0,1685892.0
2022-12-16,1688950.0,1685755.0
2022-12-17,1630150.0,1676773.0
2022-12-18,1599450.0,1615311.0
2022-12-19,1636900.0,1513675.0
2022-12-20,1446200.0,1407844.0
2022-12-21,1383450.0,1353514.0
2022-12-22,1287350.0,1317934.0
2022-12-23,1218400.0,1207873.0
2022-12-24,1099500.0,1101809.0
2022-12-25,1030700.0,1041472.0
2022-12-26,1174550.0,1150591.0
2022-12-27,1270100.0,1255937.0
2022-12-28,1262450.0,1259175.0
2022-12-29,1255200.0,1231278.0
2022-12-30,1207400.0,1228871.0
2022-12-31,1077100.0,1077605.0
2023-01-01,995700.0,1032541.0
2023-01-02,1200850.0,1185621.0
2023-01-03,1357250.0,1330830.0
2023-01-04,1374550.0,1346940.0
2023-01-05,1339200.0,1314764.0
2023-01-06,1336050.0,1314814.0
2023-01-07,1236400.0,1214235.0
2023-01-08,1178950.0,1183617.0
2023-01-09,1371000.0,1397284.0
2023-01-10,1419000.0,1450787.0
2023-01-11,1417250.0,1391726.0
2023-01-12,1391350.0,1264318.0
2023-01-13,1377600.0,1365666.0
2023-01-14,1263100.0,1265757.0
2023-01-15,1246050.0,1256362.0
2023-01-16,1488700.0,1513990.0
2023-01-17,1594500.0,1603682.0
2023-01-18,1653450.0,1670004.0
2023-01-19,1684800.0,1693085.0
2023-01-20,1701900.0,1706911.0
2023-01-21,1618750.0,1600147.0
2023-01-22,1612400.0,1638755.0
2023-01-23,1804400.0,1780281.0
2023-01-24,1786050.0,1762461.0
2023-01-25,1769700.0,1789350.0
2023-01-26,1770750.0,1773904.0
2023-01-27,1755000.0,1719814.0
2023-01-28,1620800.0,1604209.0
2023-01-29,1599700.0,1567100.0
2023-01-30,1694300.0,1679514.0
2023-01-31,1650750.0,1600350.0
2023-02-01,1586500.0,1558982.0
2023-02-02,1554700.0,1545896.0
2023-02-03,1510350.0,1508409.0
2023-02-04,1360650.0,1367466.0
2023-02-05,1325400.0,1308116.0
2023-02-06,1544600.0,1525681.0
2023-02-07,1582550.0,1583445.0
2023-02-08,1635250.0,1652551.0
2023-02-09,1672400.0,1697092.0
2023-02-10,1654800.0,1632601.0
2023-02-11,1508500.0,1482135.0
2023-02-12,1427600.0,1388195.0
2023-02-13,1543100.0,1531013.0
2023-02-14,1542000.0,1519946.0
2023-02-15,1510000.0,1474446.0
2023-02-16,1478450.0,1412693.0
2023-02-17,1377900.0,1339940.0
2023-02-18,1197950.0,1202565.0
2023-02-19,1140900.0,1161049.0
2023-02-20,1340450.0,1353954.0
2023-02-21,1367700.0,1383539.0
2023-02-22,1370050.0,1378751.0
2023-02-23,1389550.0,1404170.0
2023-02-24,1391300.0,1374663.0
2023-02-25,1303150.0,1301545.0
2023-02-26,1324650.0,1346700.0
2023-02-27,1549600.0,1591410.0
2023-02-28,1620000.0,1647029.0
2023-03-01,1623300.0,1621388.0
2023-03-02,1616550.0,1607329.0
2023-03-03,1558800.0,1549936.0
2023-03-04,1413400.0,1430867.0
2023-03-05,1382200.0,1377384.0
2023-03-06,1559700.0,1521397.0
2023-03-07,1498300.0,1474797.0
2023-03-08,1407900.0,1392143.0
2023-03-09,1337700.0,1294937.0
2023-03-10,1290900.0,1355424.0
2023-03-11,1257300.0,1254294.0
2023-03-12,1125050.0,1096244.0
2023-03-13,1181000.0,1180020.0
2023-03-14,1235422.0,1270613.0
2023-03-15,1315250.0,1312706.0
2023-03-16,1258950.0,1258642.0
2023-03-17,1206000.0,1208199.0
2023-03-18,1082250.0,1080015.0
2023-03-19,1037200.0,1065578.0
2023-03-20,1248450.0,1231992.0
2023-03-21,1220550.0,1210406.0
2023-03-22,1198250.0,1186415.0
2023-03-23,1150700.0,1133826.0
2023-03-24,1126850.0,1138154.0
2023-03-25,1049800.0,1071016.0
2023-03-26,986750.0,978330.0
2023-03-27,1238000.0,1248772.0
2023-03-28,1271000.0,1300285.0
2023-03-29,1182450.0,1189588.0
2023-03-30,1112850.0,1112833.0
2023-03-31,1115650.0,1138978.0
2023-04-01,1049150.0,1076023.0
2023-04-02,1070050.0,1096036.0
2023-04-03,1251000.0,1260700.0
2023-04-04,1321250.0,1301379.0
2023-04-05,1317600.0,1318742.0
2023-04-06,1281700.0,1248728.0
2023-04-07,1246600.0,1214738.0
2023-04-08,1097150.0,1103351.0
2023-04-09,1028450.0,1009914.0
2023-04-10,994600.0,1011129.0
2023-04-11,1126400.0,1144086.0
2023-04-12,1159700.0,1186907.0
2023-04-13,1218400.0,1220600.0
2023-04-14,1242800.0,1245136.0
2023-04-15,1100450.0,1130070.0
2023-04-16,1076650.0,1073760.0
2023-04-17,1205300.0,1085264.0
2023-04-18,1169228.0,1168084.0
2023-04-19,1132000.0,1130086.0
2023-04-20,1146650.0,1144316.0
2023-04-21,1154450.0,1149094.0
2023-04-22,1018200.0,1026898.0
2023-04-23,947150.0,992517.0
2023-04-24,1117900.0,1134159.0
2023-04-25,1155750.0,1169221.0
2023-04-26,1156700.0,1169095.0
2023-04-27,1112800.0,1115091.0
2023-04-28,1053200.0,1056421.0
2023-04-29,934500.0,969964.0
2023-04-30,892150.0,920604.0
2023-05-01,866500.0,911393.0
2023-05-02,1075500.0,1060345.0
2023-05-03,1084150.0,1059503.0
2023-05-04,1040850.0,1038300.0
2023-05-05,1022100.0,1028461.0
2023-05-06,934300.0,923582.0
2023-05-07,878350.0,879127.0
2023-05-08,895750.0,901362.0
2023-05-09,1056250.0,1023918.0
2023-05-10,1071600.0,1105035.0
2023-05-11,1070500.0,1125898.0
2023-05-12,1069800.0,1078726.0
2023-05-13,941750.0,960173.0
2023-05-14,905450.0,918835.0
2023-05-15,1057400.0,1041264.0
2023-05-16,1089950.0,1061345.0
2023-05-17,1076750.0,1060557.0
2023-05-18,924400.0,938757.0
2023-05-19,969750.0,956194.0
2023-05-20,917350.0,914550.0
2023-05-21,845100.0,887752.0
2023-05-22,998700.0,1001502.0
2023-05-23,1012450.0,1023408.0
2023-05-24,1026700.0,1020629.0
2023-05-25,1018050.0,1019424.0
2023-05-26,987350.0,1015151.0
2023-05-27,908750.0,913232.0
2023-05-28,862050.0,813392.0
2023-05-29,847800.0,845880.0
2023-05-30,982200.0,944194.0
2023-05-31,1003500.0,987914.0
2023-06-01,1022400.0,1028600.0
2023-06-02,1013650.0,1010277.0
2023-06-03,893500.0,915668.0
2023-06-04,853850.0,863098.0
2023-06-05,1006600.0,970394.0
2023-06-06,1017950.0,1012278.0
2023-06-07,1019950.0,1029140.0
2023-06-08,1030300.0,1044369.0
2023-06-09,1027450.0,1027924.0
2023-06-10,915600.0,921633.0
2023-06-11,856100.0,879944.0
2023-06-12,1026150.0,1005819.0
2023-06-13,1028250.0,1031070.0
2023-06-14,1024450.0,1044095.0
2023-06-15,1050100.0,1052230.0
2023-06-16,1041000.0,1051156.0
2023-06-17,936350.0,939813.0
2023-06-18,886650.0,878295.0
2023-06-19,1010200.0,1020011.0
2023-06-20,1047700.0,1046455.0
2023-06-21,1052000.0,1061364.0
2023-06-22,1057700.0,1042031.0
2023-06-23,1025650.0,1039039.0
2023-06-24,933050.0,940849.0
2023-06-25,896800.0,912241.0
2023-06-26,1052400.0,1036763.0
2023-06-27,1052550.0,1052150.0
2023-06-28,1053850.0,1063530.0
2023-06-29,1057300.0,1072563.0
2023-06-30,1049750.0,1024717.0
2023-07-01,906000.0,916120.0
2023-07-02,865000.0,896713.0
2023-07-03,1012500.0,1024486.0
2023-07-04,1046500.0,1057883.0
2023-07-05,1054800.0,1052756.0
2023-07-06,1054700.0,1076616.0
2023-07-07,1077500.0,1061680.0
2023-07-08,998850.0,981738.0
2023-07-09,929100.0,935450.0
2023-07-10,1072650.0,1095135.0
2023-07-11,1129600.0,1130937.0
2023-07-12,1131650.0,1097382.0
2023-07-13,1078900.0,1072462.0
2023-07-14,913250.0,949264.0
2023-07-15,952200.0,945917.0
2023-07-16,905500.0,928681.0
2023-07-17,1065100.0,1057573.0
2023-07-18,1094900.0,1110386.0
2023-07-19,1124400.0,1096349.0
2023-07-20,1099750.0,1099723.0
2023-07-21,1071950.0,1057602.0
2023-07-22,953300.0,943856.0
2023-07-23,902400.0,895545.0
2023-07-24,1039000.0,1020702.0
2023-07-25,1068650.0,1023610.0
2023-07-26,1009850.0,1018995.0
2023-07-27,1039132.0,1017109.0
2023-07-28,990900.0,1010085.0
2023-07-29,898600.0,909293.0
2023-07-30,841350.0,851425.0
2023-07-31,963250.0,953069.0
2023-08-01,981200.0,967428.0
2023-08-02,978050.0,976763.0
2023-08-03,970500.0,961789.0
2023-08-04,934450.0,939378.0
2023-08-05,834000.0,859680.0
2023-08-06,792800.0,823006.0
2023-08-07,895300.0,915373.0
2023-08-08,929350.0,934563.0
2023-08-09,940650.0,946949.0
2023-08-10,965750.0,963741.0
2023-08-11,962000.0,971023.0
2023-08-12,888200.0,899158.0
2023-08-13,859250.0,851288.0
2023-08-14,907600.0,916698.0
2023-08-15,871000.0,887808.0
2023-08-16,965300.0,957862.0
2023-08-17,975100.0,988288.0
2023-08-18,995250.0,1004486.0
2023-08-19,945500.0,950429.0
2023-08-20,902100.0,922134.0
2023-08-21,1036950.0,1051645.0
2023-08-22,1087300.0,1096505.0
2023-08-23,1122700.0,1113302.0
2023-08-24,1127850.0,1113871.0
2023-08-25,1093500.0,1068910.0
2023-08-26,948500.0,937520.0
2023-08-27,878450.0,869254.0
2023-08-28,987150.0,978492.0
2023-08-29,1013550.0,1015814.0
2023-08-30,1031200.0,1019023.0
2023-08-31,1025050.0,1026834.0
2023-09-01,1024750.0,1027928.0
2023-09-02,937700.0,938268.0
2023-09-03,921500.0,896011.0
2023-09-04,1032700.0,1041742.0
2023-09-05,1090250.0,1094209.0
2023-09-06,1105550.0,1101830.0
2023-09-07,1104450.0,1101259.0
2023-09-08,1095950.0,1098603.0
2023-09-09,992600.0,986715.0
2023-09-10,941850.0,930153.0
2023-09-11,1051850.0,1066496.0
2023-09-12,1080050.0,1075810.0
2023-09-13,1064450.0,1069505.0
2023-09-14,1059100.0,1067195.0
2023-09-15,1064500.0,1045308.0
2023-09-16,938550.0,951630.0
2023-09-17,894700.0,905139.0
2023-09-18,1037500.0,1023634.0
2023-09-19,1047850.0,1044864.0
2023-09-20,1041050.0,1050534.0
2023-09-21,1052800.0,1050301.0
2023-09-22,1047400.0,1015391.0
2023-09-23,918100.0,918641.0
2023-09-24,871650.0,884290.0
2023-09-25,1007550.0,1027657.0
2023-09-26,1053850.0,1045867.0
2023-09-27,1054900.0,1052662.0
2023-09-28,1059350.0,1054517.0
2023-09-29,1041350.0,1036645.0
2023-09-30,923650.0,942520.0
2023-10-01,897500.0,895314.0
2023-10-02,1048300.0,1021040.0
2023-10-03,1058000.0,1045080.0
2023-10-04,1044650.0,1049519.0
2023-10-05,1050000.0,1059796.0
2023-10-06,1040650.0,1053068.0
2023-10-07,938300.0,940903.0
2023-10-08,888600.0,895827.0
2023-10-09,1036700.0,1028616.0
2023-10-10,1057750.0,1053050.0
2023-10-11,1056500.0,1048228.0
2023-10-12,1059250.0,1041069.0
2023-10-13,1036150.0,1015310.0
2023-10-14,919800.0,930133.0
2023-10-15,902450.0,905396.0
2023-10-16,1084350.0,1062278.0
2023-10-17,1082800.0,1110389.0
2023-10-18,1074750.0,1116665.0
2023-10-19,1114250.0,1089007.0
2023-10-20,1062100.0,1078221.0
2023-10-21,973900.0,969946.0
2023-10-22,942650.0,939607.0
2023-10-23,1094150.0,1107528.0
2023-10-24,1139100.0,1117349.0
2023-10-25,1128400.0,1129326.0
2023-10-26,1132800.0,1135533.0
2023-10-27,1127400.0,1121294.0
2023-10-28,1018400.0,1019054.0
2023-10-29,997100.0,998340.0
2023-10-30,1114700.0,1120431.0
2023-10-31,1156250.0,1123268.0
2023-11-01,1019500.0,1028919.0
2023-11-02,1197800.0,1146619.0
2023-11-03,1184800.0,1209889.0
2023-11-04,1105800.0,1131092.0
2023-11-05,1055750.0,1058887.0
2023-11-06,1238000.0,1223354.0
2023-11-07,1287900.0,1270070.0
2023-11-08,1292600.0,1297170.0
2023-11-09,1307200.0,1302979.0
2023-11-10,1292850.0,1306229.0
2023-11-11,1202550.0,1189955.0
2023-11-12,1121200.0,1147291.0
2023-11-13,1195550.0,1216269.0
2023-11-14,1217050.0,1223364.0
2023-11-15,1244950.0,1233734.0
2023-11-16,1262850.0,1294880.0
2023-11-17,1303150.0,1284482.0
2023-11-18,1170150.0,1174912.0
2023-11-19,1089100.0,1070984.0
2023-11-20,1254200.0,1239157.0
2023-11-21,1317800.0,1293216.0
2023-11-22,1349000.0,1339101.0
2023-11-23,1365950.0,1389945.0
2023-11-24,1351800.0,1350618.0
2023-11-25,1313150.0,1330219.0
2023-11-26,1362900.0,1367760.0
2023-11-27,1522800.0,1498811.0
2023-11-28,1504650.0,1482118.0
2023-11-29,1531550.0,1532277.0
2023-11-30,1531550.0,1508020.0
2023-12-01,1527450.0,1498833.0
2023-12-02,1471900.0,1518458.0
2023-12-03,1504300.0,1518078.0
2023-12-04,1591350.0,1589917.0
2023-12-05,1556900.0,1533950.0
2023-12-06,1564800.0,1573644.0
2023-12-07,1593050.0,1612830.0
2023-12-08,1506400.0,1480164.0
2023-12-09,1328350.0,1344255.0
2023-12-10,1251050.0,1246169.0
2023-12-11,1327750.0,1328672.0
2023-12-12,1321500.0,1331151.0
2023-12-13,1384550.0,1379090.0
2023-12-14,1440350.0,1444672.0
2023-12-15,1428600.0,1433615.0
2023-12-16,1368850.0,1367971.0
2023-12-17,1367300.0,1417327.0
2023-12-18,1534600.0,1585390.0
2023-12-19,1574000.0,1570545.0
2023-12-20,1534350.0,1485813.0
2023-12-21,1421650.0,1418601.0
2023-12-22,1338850.0,1328151.0
2023-12-23,1235250.0,1213057.0
2023-12-24,1165400.0,1160709.0
2023-12-25,1086150.0,1124620.0
2023-12-26,1228100.0,1254146.0
2023-12-27,1321200.0,1287184.0
2023-12-28,1276650.0,1275659.0
2023-12-29,1286450.0,1255219.0
2023-12-30,1191800.0,1194068.0
2023-12-31,1173000.0,1206770.0
2024-01-01,1189550.0,1199579.0
2024-01-02,1268950.0,1325190.0
2024-01-03,1338100.0,1341342.0
2024-01-04,1391200.0,1355271.0
2024-01-05,1355450.0,1389385.0
2024-01-06,1357700.0,1362596.0
2024-01-07,1412150.0,1412962.0
2024-01-08,1684700.0,1697082.0
2024-01-09,1774300.0,1821964.0
2024-01-10,1872300.0,1839925.0
2024-01-11,1844600.0,1798373.0
2024-01-12,1760500.0,1784029.0
2024-01-13,1668700.0,1719712.0
2024-01-14,1633200.0,1663090.0
2024-01-15,1775250.0,1696254.0
2024-01-16,1744100.0,1743619.0
2024-01-17,1692750.0,1635725.0
2024-01-18,1598150.0,1605189.0
2024-01-19,1680200.0,1759162.0
2024-01-20,1685050.0,1709287.0
2024-01-21,1563550.0,1581167.0
2024-01-22,1574800.0,1556772.0
2024-01-23,1540500.0,1482059.0
2024-01-24,1418000.0,1378937.0
2024-01-25,1372650.0,1357766.0
2024-01-26,1377300.0,1347470.0
2024-01-27,1316900.0,1330370.0
2024-01-28,1279950.0,1311440.0
2024-01-29,1423000.0,1398013.0
2024-01-30,1394750.0,1391365.0
2024-01-31,1432950.0,1426731.0
2024-02-01,1420600.0,1412506.0
2024-02-02,1416750.0,1407355.0
2024-02-03,1283850.0,1301736.0
2024-02-04,1230500.0,1266691.0
2024-02-05,1428650.0,1425435.0
2024-02-06,1443200.0,1436149.0
2024-02-07,1391650.0,1394581.0
2024-02-08,1345150.0,1343218.0
2024-02-09,1302100.0,1310552.0
2024-02-10,1226450.0,1245323.0
2024-02-11,1231450.0,1223271.0
2024-02-12,1422550.0,1396042.0
2024-02-13,1429050.0,1428769.0
2024-02-14,1366100.0,1333111.0
2024-02-15,1280300.0,1273253.0
2024-02-16,1264000.0,1244396.0
2024-02-17,1195400.0,1178066.0
2024-02-18,1158750.0,1159580.0
2024-02-19,1305550.0,1285917.0
2024-02-20,1329200.0,1328422.0
2024-02-21,1347300.0,1356213.0
2024-02-22,1308750.0,1351593.0
2024-02-23,1397600.0,1416058.0
2024-02-24,1360468.0,1334979.0
2024-02-25,1267150.0,1299262.0
2024-02-26,1428600.0,1411763.0
2024-02-27,1453395.0,1460708.0
2024-02-28,1455950.0,1459274.0
2024-02-29,1427100.0,1402742.0
2024-03-01,1416050.0,1388442.0
2024-03-02,1289750.0,1295395.0
2024-03-03,1268200.0,1286602.0
2024-03-04,1441850.0,1440067.0
2024-03-05,1464000.0,1424765.0
2024-03-06,1436287.0,1439095.0
2024-03-07,1428950.0,1403076.0
2024-03-08,1395950.0,1378731.0
2024-03-09,1271900.0,1258866.0
2024-03-10,1228400.0,1230320.0
2024-03-11,1389550.0,1362997.0
2024-03-12,1381300.0,1362329.0
2024-03-13,1313550.0,1290069.0
2024-03-14,1267800.0,1242951.0
2024-03-15,1215850.0,1174023.0
2024-03-16,1081150.0,1083256.0
2024-03-17,1034800.0,1051587.0
2024-03-18,1176100.0,1151105.0
2024-03-19,1178300.0,1171201.0
2024-03-20,1169350.0,1158531.0
2024-03-21,1133300.0,1138495.0
2024-03-22,1122200.0,1116209.0
2024-03-23,1090000.0,1061685.0
2024-03-24,1090450.0,1083596.0
2024-03-25,1258000.0,1254454.0
2024-03-26,1267650.0,1292259.0
2024-03-27,1321700.0,1320715.0
2024-03-28,1289850.0,1305563.0
2024-03-29,1227700.0,1242711.0
2024-03-30,1120950.0,1146428.0
2024-03-31,1052226.0,1032008.0
2024-04-01,1082200.0,1104002.0
2024-04-02,1243800.0,1232534.0
2024-04-03,1196800.0,1211982.0
2024-04-04,1170550.0,1167811.0
2024-04-05,1123250.0,1111975.0
2024-04-06,957650.0,973102.0
2024-04-07,930500.0,934006.0
2024-04-08,1088850.0,1085150.0
2024-04-09,1164100.0,1143140.0
2024-04-10,1185050.0,1189198.0
2024-04-11,1156300.0,1157704.0
2024-04-12,1098600.0,1088291.0
2024-04-13,959550.0,942381.0
2024-04-14,913550.0,904294.0
2024-04-15,1091650.0,1030851.0
2024-04-16,1105950.0,1122687.0
2024-04-17,1194150.0,1181214.0
2024-04-18,1222950.0,1221979.0
2024-04-19,1202100.0,1214637.0
2024-04-20,1117950.0,1100989.0
2024-04-21,1089400.0,1089437.0
2024-04-22,1267450.0,1272466.0
2024-04-23,1300300.0,1296557.0
2024-04-24,1289250.0,1310815.0
2024-04-25,1289800.0,1279127.0
2024-04-26,1234700.0,1219310.0
2024-04-27,1072100.0,1089032.0
2024-04-28,999600.0,1025824.0
2024-04-29,1133900.0,1142173.0
2024-04-30,1122850.0,1107710.0
2024-05-01,946800.0,967598.0
2024-05-02,1147350.0,1107302.0
2024-05-03,1126900.0,1112344.0
2024-05-04,1019000.0,1008740.0
2024-05-05,917100.0,934970.0
2024-05-06,1069000.0,1063712.0
2024-05-07,1063000.0,1080133.0
2024-05-08,888450.0,968954.0
2024-05-09,932500.0,929080.0
2024-05-10,945400.0,929216.0
2024-05-11,885800.0,885387.0
2024-05-12,854650.0,864009.0
2024-05-13,1000850.0,992212.0
2024-05-14,1010550.0,1032750.0
2024-05-15,1035300.0,1045114.0
2024-05-16,1062000.0,1046831.0
2024-05-17,1023000.0,1040486.0
2024-05-18,922250.0,928174.0
2024-05-19,870150.0,874157.0
2024-05-20,895850.0,909371.0
2024-05-21,1039000.0,1036480.0
2024-05-22,1049700.0,1041698.0
2024-05-23,1046850.0,1055958.0
2024-05-24,1047700.0,1046355.0
2024-05-25,923800.0,936671.0
2024-05-26,874500.0,877732.0
2024-05-27,1029150.0,1016669.0
2024-05-28,1047850.0,1031966.0
2024-05-29,1042800.0,1040461.0
2024-05-30,1042000.0,1046174.0
2024-05-31,1040300.0,1045922.0
2024-06-01,940900.0,941587.0
2024-06-02,885850.0,912713.0
2024-06-03,1021950.0,1038348.0
2024-06-04,1047250.0,1032695.0
2024-06-05,1040500.0,1031113.0
2024-06-06,1037800.0,1036883.0
2024-06-07,1031300.0,1023457.0
2024-06-08,920250.0,913131.0
2024-06-09,871900.0,876602.0
2024-06-10,1023050.0,1001191.0
2024-06-11,1029500.0,1030116.0
2024-06-12,1041000.0,1036959.0
2024-06-13,1032850.0,1028838.0
2024-06-14,1015600.0,1012311.0
2024-06-15,896950.0,914095.0
2024-06-16,873850.0,881389.0
2024-06-17,1014500.0,1022373.0
2024-06-18,1043100.0,1035256.0
2024-06-19,1042200.0,1038371.0
2024-06-20,1046300.0,1056136.0
2024-06-21,1038050.0,1029552.0
2024-06-22,917050.0,912722.0
2024-06-23,866050.0,883515.0
2024-06-24,1021900.0,1022549.0
2024-06-25,1067600.0,1050786.0
2024-06-26,1078000.0,1079260.0
2024-06-27,1089450.0,1079587.0
2024-06-28,1058100.0,1050882.0
2024-06-29,935500.0,936963.0
2024-06-30,894400.0,884184.0
2024-07-01,1024550.0,1016306.0
2024-07-02,1027600.0,1039708.0
2024-07-03,1034550.0,1034655.0
2024-07-04,1036950.0,1038181.0
2024-07-05,1028200.0,1030360.0
2024-07-06,921350.0,913622.0
2024-07-07,871200.0,873544.0
2024-07-08,1024800.0,1028404.0
2024-07-09,1064100.0,1070088.0
2024-07-10,1077150.0,1070676.0
2024-07-11,1069500.0,1091605.0
2024-07-12,1060150.0,1046157.0
2024-07-13,923500.0,931281.0
2024-07-14,868450.0,898873.0
2024-07-15,1048650.0,1043623.0
2024-07-16,1086150.0,1042521.0
2024-07-17,1045750.0,1073216.0
2024-07-18,1088550.0,1097568.0
2024-07-19,1114400.0,1099573.0
2024-07-20,1009250.0,988853.0
2024-07-21,926500.0,901680.0
2024-07-22,1010600.0,1024031.0
2024-07-23,1054200.0,1055487.0
2024-07-24,1061300.0,1076542.0
2024-07-25,1079950.0,1078826.0
2024-07-26,1051600.0,1066877.0
2024-07-27,952050.0,966954.0
2024-07-28,910550.0,916616.0
2024-07-29,1068150.0,1061717.0
2024-07-30,1098700.0,1116835.0
2024-07-31,1121550.0,1122027.0
2024-08-01,1109650.0,1097611.0
2024-08-02,1063000.0,1059707.0
2024-08-03,953950.0,940291.0
2024-08-04,877750.0,894520.0
2024-08-05,999800.0,1000053.0
2024-08-06,1032600.0,1021549.0
2024-08-07,1017850.0,1005606.0
2024-08-08,1007150.0,1012331.0
2024-08-09,1012550.0,1006124.0
2024-08-10,931600.0,958809.0
2024-08-11,945100.0,927421.0
2024-08-12,1055650.0,1031908.0
2024-08-13,1041700.0,1029132.0
2024-08-14,1002050.0,995197.0
2024-08-15,905600.0,906689.0
2024-08-16,968600.0,945459.0
2024-08-17,908200.0,909755.0
2024-08-18,854750.0,856160.0
2024-08-19,966000.0,956615.0
2024-08-20,984450.0,988628.0
2024-08-21,993100.0,987731.0
2024-08-22,988350.0,1002272.0
2024-08-23,999700.0,997864.0
2024-08-24,924000.0,939309.0
2024-08-25,878050.0,892181.0
2024-08-26,996950.0,1011118.0
2024-08-27,1044600.0,1048073.0
2024-08-28,1062000.0,1077483.0
2024-08-29,1085650.0,1086571.0
2024-08-30,1080550.0,1061075.0
2024-08-31,966900.0,957038.0
2024-09-01,917550.0,923202.0
2024-09-02,1043800.0,1049688.0
2024-09-03,1064750.0,1060196.0
2024-09-04,1050900.0,1052830.0
2024-09-05,1041450.0,1044411.0
2024-09-06,1030750.0,1040341.0
2024-09-07,938150.0,939181.0
2024-09-08,898600.0,887003.0
2024-09-09,1021800.0,1013406.0
2024-09-10,1042200.0,1022186.0
2024-09-11,1028950.0,1038477.0
2024-09-12,1067850.0,1050154.0
2024-09-13,1061750.0,1049409.0
2024-09-14,939900.0,955339.0
2024-09-15,904600.0,920894.0
2024-09-16,1040450.0,1040052.0
2024-09-17,1052500.0,1052491.0
2024-09-18,1044000.0,1051260.0
2024-09-19,1042900.0,1045316.0
2024-09-20,1035150.0,1034116.0
2024-09-21,924350.0,931277.0
2024-09-22,890200.0,898539.0
2024-09-23,1030850.0,1019474.0
2024-09-24,1044950.0,1044002.0
2024-09-25,1054150.0,1060135.0
2024-09-26,1060400.0,1064021.0
2024-09-27,1072450.0,1053388.0
2024-09-28,975150.0,969167.0
2024-09-29,956850.0,971731.0
2024-09-30,1061350.0,1075034.0
2024-10-01,1082550.0,1093105.0
2024-10-02,1112050.0,1107168.0
2024-10-03,1124300.0,1115319.0
2024-10-04,1125800.0,1139183.0
2024-10-05,1043800.0,1025693.0
2024-10-06,981100.0,986573.0
2024-10-07,1074900.0,1099219.0
2024-10-08,1101700.0,1095237.0
2024-10-09,1118200.0,1118632.0
2024-10-10,1116250.0,1116178.0
2024-10-11,1128650.0,1129406.0
2024-10-12,1037900.0,1039295.0
2024-10-13,978800.0,975903.0
2024-10-14,1110100.0,1106170.0
2024-10-15,1116050.0,1102625.0
2024-10-16,1095500.0,1091247.0
2024-10-17,1104400.0,1099041.0
2024-10-18,1095550.0,1103672.0
2024-10-19,1000000.0,997153.0
2024-10-20,954300.0,952925.0
2024-10-21,1094300.0,1077879.0
2024-10-22,1127350.0,1110032.0
2024-10-23,1127350.0,1130811.0
2024-10-24,1143200.0,1125527.0
2024-10-25,1108900.0,1097612.0
2024-10-26,997450.0,1015374.0
2024-10-27,1010400.0,1006429.0
2024-10-28,1122950.0,1108893.0
2024-10-29,1138300.0,1149748.0
2024-10-30,1147200.0,1155551.0
2024-10-31,1170150.0,1160943.0
2024-11-01,1018400.0,1062889.0
2024-11-02,1049500.0,1062798.0
2024-11-03,1069950.0,1059545.0
2024-11-04,1207800.0,1220883.0
2024-11-05,1243100.0,1236077.0
2024-11-06,1242100.0,1239339.0
2024-11-07,1247700.0,1239120.0
2024-11-08,1245300.0,1240922.0
2024-11-09,1128500.0,1127942.0
2024-11-10,1080000.0,1072697.0
2024-11-11,1102550.0,1111664.0
2024-11-12,1307450.0,1305027.0
2024-11-13,1395800.0,1358865.0
2024-11-14,1379350.0,1379790.0
2024-11-15,1374600.0,1374621.0
2024-11-16,1299250.0,1291364.0
2024-11-17,1258450.0,1254919.0
2024-11-18,1421850.0,1351874.0
2024-11-19,1345150.0,1365308.0
2024-11-20,1437450.0,1414962.0
2024-11-21,1513350.0,1546605.0
2024-11-22,1573900.0,1559811.0
2024-11-23,1420800.0,1441396.0
2024-11-24,1238150.0,1204935.0
2024-11-25,1295600.0,1275314.0
2024-11-26,1361100.0,1314109.0
2024-11-27,1331750.0,1334332.0
2024-11-28,1363300.0,1368299.0
2024-11-29,1385500.0,1403935.0
2024-11-30,1316050.0,1340020.0
2024-12-01,1275300.0,1282535.0
2024-12-02,1390000.0,1350298.0
2024-12-03,1425050.0,1427007.0
2024-12-04,1504900.0,1501471.0
2024-12-05,1509200.0,1505219.0
2024-12-06,1409850.0,1391069.0
2024-12-07,1295150.0,1309791.0
2024-12-08,1318150.0,1343456.0
2024-12-09,1522750.0,1522840.0
2024-12-10,1599250.0,1576522.0
2024-12-11,1627250.0,1598270.0
2024-12-12,1626050.0,1636029.0
2024-12-13,1635500.0,1656399.0
2024-12-14,1529850.0,1517495.0
2024-12-15,1445900.0,1433550.0
2024-12-16,1537250.0,1537690.0
2024-12-17,1539550.0,1535782.0
2024-12-18,1485100.0,1456736.0
2024-12-19,1444550.0,1424152.0
2024-12-20,1471300.0,1501886.0
2024-12-21,1352500.0,1357711.0
2024-12-22,1334200.0,1315890.0
2024-12-23,1428700.0,1451647.0
2024-12-24,1413350.0,1382532.0
2024-12-25,1210150.0,1228084.0
2024-12-26,1351000.0,1357346.0
2024-12-27,1412200.0,1483415.0
2024-12-28,1441100.0,1496898.0
2024-12-29,1473150.0,1468130.0
2024-12-30,1588250.0,1562534.0
2024-12-31,5973150.0,6077299.0
