Date,Day-ahead Total Load Forecast [MW] - BZN|HR,Actual Total Load [MW] - BZN|HR
2019-01-01,44342.0,43986.0
2019-01-02,49253.0,51915.0
2019-01-03,53265.0,54890.0
2019-01-04,56946.0,56059.0
2019-01-05,52191.0,53636.0
2019-01-06,49473.0,49416.0
2019-01-07,55087.0,56502.0
2019-01-08,57069.0,58125.0
2019-01-09,58507.0,56565.0
2019-01-10,59505.0,57043.0
2019-01-11,57081.0,56560.0
2019-01-12,52561.0,53045.0
2019-01-13,50528.0,49265.0
2019-01-14,54228.0,54521.0
2019-01-15,55436.0,55605.0
2019-01-16,54605.0,55244.0
2019-01-17,54190.0,54369.0
2019-01-18,55911.0,55228.0
2019-01-19,52503.0,51653.0
2019-01-20,47608.0,48589.0
2019-01-21,55964.0,56094.0
2019-01-22,56926.0,57483.0
2019-01-23,54085.0,56662.0
2019-01-24,58762.0,57491.0
2019-01-25,58347.0,58428.0
2019-01-26,55526.0,54215.0
2019-01-27,51158.0,50364.0
2019-01-28,56586.0,55666.0
2019-01-29,56397.0,56560.0
2019-01-30,55992.0,56422.0
2019-01-31,56835.0,56861.0
2019-02-01,56652.0,55538.0
2019-02-02,50505.0,49840.0
2019-02-03,46511.0,46031.0
2019-02-04,53684.0,52277.0
2019-02-05,53618.0,53781.0
2019-02-06,53710.0,53582.0
2019-02-07,53265.0,53283.0
2019-02-08,53062.0,53897.0
2019-02-09,50071.0,50084.0
2019-02-10,44824.0,46837.0
2019-02-11,52173.0,53572.0
2019-02-12,53534.0,54417.0
2019-02-13,54485.0,54785.0
2019-02-14,53982.0,53797.0
2019-02-15,54148.0,53086.0
2019-02-16,49250.0,48724.0
2019-02-17,46331.0,45498.0
2019-02-18,51555.0,51367.0
2019-02-19,52792.0,52080.0
2019-02-20,52233.0,52272.0
2019-02-21,51883.0,51399.0
2019-02-22,52709.0,52112.0
2019-02-23,51743.0,51374.0
2019-02-24,48291.0,49004.0
2019-02-25,53324.0,53173.0
2019-02-26,52117.0,51996.0
2019-02-27,51882.0,50716.0
2019-02-28,50594.0,50102.0
2019-03-01,49472.0,50279.0
2019-03-02,45972.0,46518.0
2019-03-03,43143.0,42672.0
2019-03-04,47624.0,48521.0
2019-03-05,48004.0,49614.0
2019-03-06,49166.0,49170.0
2019-03-07,47790.0,48978.0
2019-03-08,48428.0,48084.0
2019-03-09,44748.0,44434.0
2019-03-10,41856.0,41759.0
2019-03-11,48784.0,48902.0
2019-03-12,49622.0,50799.0
2019-03-13,50709.0,51262.0
2019-03-14,50269.0,50744.0
2019-03-15,50657.0,49366.0
2019-03-16,46068.0,45482.0
2019-03-17,42332.0,41543.0
2019-03-18,48468.0,49527.0
2019-03-19,50415.0,50803.0
2019-03-20,50354.0,50374.0
2019-03-21,50371.0,48911.0
2019-03-22,49935.0,48220.0
2019-03-23,44683.0,43828.0
2019-03-24,40955.0,40057.0
2019-03-25,47338.0,45659.0
2019-03-26,48604.0,48986.0
2019-03-27,50060.0,49217.0
2019-03-28,49367.0,48372.0
2019-03-29,47783.0,47254.0
2019-03-30,43459.0,43351.0
2019-03-31,37714.0,38607.0
2019-04-01,41673.0,45061.0
2019-04-02,45450.0,45672.0
2019-04-03,45428.0,45844.0
2019-04-04,45561.0,46124.0
2019-04-05,47462.0,47896.0
2019-04-06,42588.0,43443.0
2019-04-07,41052.0,41763.0
2019-04-08,46167.0,47682.0
2019-04-09,47956.0,47621.0
2019-04-10,49536.0,48814.0
2019-04-11,48614.0,49484.0
2019-04-12,50211.0,50167.0
2019-04-13,46318.0,47016.0
2019-04-14,44063.0,44159.0
2019-04-15,48010.0,48067.0
2019-04-16,48326.0,48237.0
2019-04-17,47980.0,47930.0
2019-04-18,47429.0,47978.0
2019-04-19,46149.0,46986.0
2019-04-20,42880.0,43399.0
2019-04-21,36311.0,36713.0
2019-04-22,37823.0,37841.0
2019-04-23,45515.0,46365.0
2019-04-24,45842.0,46819.0
2019-04-25,45953.0,46378.0
2019-04-26,46349.0,46766.0
2019-04-27,44098.0,43348.0
2019-04-28,40587.0,40334.0
2019-04-29,46598.0,46666.0
2019-04-30,47438.0,47519.0
2019-05-01,39611.0,40981.0
2019-05-02,45891.0,45358.0
2019-05-03,46184.0,46318.0
2019-05-04,44388.0,44248.0
2019-05-05,42042.0,42191.0
2019-05-06,48213.0,48770.0
2019-05-07,49083.0,47957.0
2019-05-08,47400.0,47254.0
2019-05-09,48605.0,49302.0
2019-05-10,47206.0,47076.0
2019-05-11,43135.0,43226.0
2019-05-12,41764.0,42262.0
2019-05-13,50204.0,48815.0
2019-05-14,49964.0,49904.0
2019-05-15,49137.0,50374.0
2019-05-16,49882.0,48694.0
2019-05-17,47434.0,47488.0
2019-05-18,44342.0,44157.0
2019-05-19,41106.0,41473.0
2019-05-20,45780.0,45782.0
2019-05-21,47358.0,46501.0
2019-05-22,45116.0,46099.0
2019-05-23,45327.0,45911.0
2019-05-24,45266.0,45323.0
2019-05-25,42245.0,42250.0
2019-05-26,39276.0,39695.0
2019-05-27,44874.0,46120.0
2019-05-28,46522.0,46437.0
2019-05-29,47069.0,47247.0
2019-05-30,46509.0,46937.0
2019-05-31,45686.0,46082.0
2019-06-01,42779.0,42638.0
2019-06-02,39312.0,40176.0
2019-06-03,45189.0,45282.0
2019-06-04,46853.0,46630.0
2019-06-05,46991.0,46740.0
2019-06-06,47214.0,47038.0
2019-06-07,47640.0,47610.0
2019-06-08,44939.0,45326.0
2019-06-09,44045.0,42396.0
2019-06-10,50584.0,50051.0
2019-06-11,51584.0,52397.0
2019-06-12,52932.0,52730.0
2019-06-13,53176.0,53220.0
2019-06-14,53761.0,52731.0
2019-06-15,49789.0,49898.0
2019-06-16,46129.0,46991.0
2019-06-17,50251.0,51171.0
2019-06-18,50825.0,52013.0
2019-06-19,52082.0,52649.0
2019-06-20,46143.0,47021.0
2019-06-21,51871.0,50144.0
2019-06-22,46354.0,46363.0
2019-06-23,44740.0,43967.0
2019-06-24,48557.0,48278.0
2019-06-25,46512.0,48230.0
2019-06-26,53099.0,55826.0
2019-06-27,57366.0,59317.0
2019-06-28,56884.0,56550.0
2019-06-29,51888.0,50479.0
2019-06-30,48321.0,47752.0
2019-07-01,56433.0,55644.0
2019-07-02,56732.0,56824.0
2019-07-03,55019.0,56701.0
2019-07-04,55103.0,54614.0
2019-07-05,55560.0,55378.0
2019-07-06,52161.0,53391.0
2019-07-07,47451.0,49436.0
2019-07-08,52291.0,52959.0
2019-07-09,51754.0,52176.0
2019-07-10,50839.0,49996.0
2019-07-11,50433.0,49282.0
2019-07-12,49999.0,50121.0
2019-07-13,45989.0,46601.0
2019-07-14,42955.0,43383.0
2019-07-15,49398.0,48707.0
2019-07-16,50399.0,50181.0
2019-07-17,50377.0,51144.0
2019-07-18,50828.0,51779.0
2019-07-19,52112.0,52686.0
2019-07-20,50085.0,49882.0
2019-07-21,48287.0,48034.0
2019-07-22,55200.0,55822.0
2019-07-23,57699.0,57644.0
2019-07-24,59035.0,59494.0
2019-07-25,59542.0,60616.0
2019-07-26,60434.0,58961.0
2019-07-27,56875.0,54117.0
2019-07-28,48227.0,46976.0
2019-07-29,51362.0,51166.0
2019-07-30,51618.0,54187.0
2019-07-31,54236.0,55866.0
2019-08-01,56235.0,55194.0
2019-08-02,54712.0,53528.0
2019-08-03,49690.0,48306.0
2019-08-04,46443.0,45005.0
2019-08-05,44834.0,45349.0
2019-08-06,52635.0,51140.0
2019-08-07,54622.0,53398.0
2019-08-08,53769.0,53709.0
2019-08-09,52790.0,54137.0
2019-08-10,52205.0,53649.0
2019-08-11,52553.0,52184.0
2019-08-12,59673.0,59514.0
2019-08-13,57021.0,57350.0
2019-08-14,51437.0,51248.0
2019-08-15,42858.0,44392.0
2019-08-16,47689.0,47361.0
2019-08-17,46121.0,46216.0
2019-08-18,44495.0,45368.0
2019-08-19,52148.0,52796.0
2019-08-20,53774.0,55677.0
2019-08-21,54079.0,55198.0
2019-08-22,54862.0,54111.0
2019-08-23,54384.0,55015.0
2019-08-24,51313.0,52098.0
2019-08-25,49046.0,48325.0
2019-08-26,54719.0,55168.0
2019-08-27,56222.0,56238.0
2019-08-28,56735.0,57200.0
2019-08-29,57147.0,57174.0
2019-08-30,57313.0,56813.0
2019-08-31,53544.0,52900.0
2019-09-01,49391.0,49249.0
2019-09-02,54391.0,53995.0
2019-09-03,51455.0,49533.0
2019-09-04,50403.0,48925.0
2019-09-05,49889.0,49262.0
2019-09-06,48593.0,49516.0
2019-09-07,46360.0,45293.0
2019-09-08,42374.0,42231.0
2019-09-09,47684.0,46341.0
2019-09-10,48342.0,46552.0
2019-09-11,46836.0,47303.0
2019-09-12,46800.0,48083.0
2019-09-13,47593.0,48008.0
2019-09-14,45373.0,45010.0
2019-09-15,41845.0,42163.0
2019-09-16,47582.0,47748.0
2019-09-17,48761.0,48684.0
2019-09-18,47090.0,48340.0
2019-09-19,43583.0,47151.0
2019-09-20,46756.0,46470.0
2019-09-21,41708.0,43633.0
2019-09-22,40246.0,41085.0
2019-09-23,46635.0,47358.0
2019-09-24,47655.0,47629.0
2019-09-25,48361.0,47160.0
2019-09-26,47420.0,46782.0
2019-09-27,46762.0,46190.0
2019-09-28,43310.0,43137.0
2019-09-29,40145.0,40317.0
2019-09-30,45576.0,45504.0
2019-10-01,45501.0,46228.0
2019-10-02,46708.0,46827.0
2019-10-03,47698.0,46455.0
2019-10-04,46648.0,45920.0
2019-10-05,42625.0,42976.0
2019-10-06,39770.0,40018.0
2019-10-07,43951.0,44234.0
2019-10-08,40770.0,41271.0
2019-10-09,45947.0,46039.0
2019-10-10,47293.0,47856.0
2019-10-11,47059.0,44639.0
2019-10-12,42578.0,42908.0
2019-10-13,40349.0,40150.0
2019-10-14,45913.0,45396.0
2019-10-15,46428.0,45272.0
2019-10-16,46354.0,44130.0
2019-10-17,46450.0,46541.0
2019-10-18,46434.0,46626.0
2019-10-19,42996.0,42966.0
2019-10-20,40191.0,40078.0
2019-10-21,45168.0,45696.0
2019-10-22,46275.0,45967.0
2019-10-23,46598.0,45929.0
2019-10-24,46148.0,46010.0
2019-10-25,45746.0,46613.0
2019-10-26,42095.0,43357.0
2019-10-27,41779.0,41567.0
2019-10-28,45881.0,46207.0
2019-10-29,47744.0,48066.0
2019-10-30,48501.0,48736.0
2019-10-31,49541.0,48567.0
2019-11-01,41985.0,40875.0
2019-11-02,42285.0,42875.0
2019-11-03,40163.0,41073.0
2019-11-04,47198.0,46734.0
2019-11-05,47792.0,46736.0
2019-11-06,47670.0,46477.0
2019-11-07,46685.0,46559.0
2019-11-08,47167.0,47713.0
2019-11-09,43570.0,44497.0
2019-11-10,43694.0,42309.0
2019-11-11,49108.0,48542.0
2019-11-12,47778.0,49964.0
2019-11-13,48203.0,49934.0
2019-11-14,49267.0,49282.0
2019-11-15,49470.0,49056.0
2019-11-16,45198.0,45651.0
2019-11-17,42194.0,41891.0
2019-11-18,47680.0,46783.0
2019-11-19,48095.0,47897.0
2019-11-20,49184.0,50382.0
2019-11-21,49757.0,49156.0
2019-11-22,48557.0,49476.0
2019-11-23,46711.0,45356.0
2019-11-24,42979.0,42714.0
2019-11-25,49284.0,48123.0
2019-11-26,49741.0,49519.0
2019-11-27,51499.0,50061.0
2019-11-28,49256.0,49156.0
2019-11-29,49161.0,48267.0
2019-11-30,47140.0,46048.0
2019-12-01,45087.0,44639.0
2019-12-02,51118.0,51754.0
2019-12-03,51866.0,53323.0
2019-12-04,55749.0,54609.0
2019-12-05,54077.0,55424.0
2019-12-06,54381.0,54792.0
2019-12-07,51270.0,50009.0
2019-12-08,47589.0,47015.0
2019-12-09,52681.0,52619.0
2019-12-10,54638.0,53420.0
2019-12-11,54545.0,54207.0
2019-12-12,55302.0,55857.0
2019-12-13,55121.0,55542.0
2019-12-14,50753.0,50132.0
2019-12-15,48228.0,47211.0
2019-12-16,52005.0,52387.0
2019-12-17,51613.0,51506.0
2019-12-18,51862.0,51075.0
2019-12-19,51957.0,50841.0
2019-12-20,50934.0,49678.0
2019-12-21,48005.0,47807.0
2019-12-22,45379.0,46041.0
2019-12-23,50573.0,49065.0
2019-12-24,47996.0,47164.0
2019-12-25,41449.0,40762.0
2019-12-26,42491.0,41895.0
2019-12-27,47586.0,47240.0
2019-12-28,47188.0,47796.0
2019-12-29,47052.0,47338.0
2019-12-30,53116.0,51641.0
2019-12-31,52157.0,51203.0
2020-01-01,45662.0,44206.0
2020-01-02,50978.0,49776.0
2020-01-03,50599.0,50762.0
2020-01-04,48009.0,48460.0
2020-01-05,45629.0,46143.0
2020-01-06,48606.0,46567.0
2020-01-07,52668.0,53345.0
2020-01-08,54430.0,54142.0
2020-01-09,55914.0,54122.0
2020-01-10,53835.0,53474.0
2020-01-11,52368.0,50135.0
2020-01-12,48018.0,47004.0
2020-01-13,54277.0,54433.0
2020-01-14,54209.0,55217.0
2020-01-15,54108.0,54659.0
2020-01-16,55135.0,54396.0
2020-01-17,55237.0,54149.0
2020-01-18,51374.0,51499.0
2020-01-19,48760.0,48183.0
2020-01-20,55542.0,54739.0
2020-01-21,56043.0,54954.0
2020-01-22,56323.0,55485.0
2020-01-23,55035.0,55229.0
2020-01-24,54819.0,55355.0
2020-01-25,51344.0,50720.0
2020-01-26,48666.0,47606.0
2020-01-27,54339.0,52947.0
2020-01-28,54210.0,53266.0
2020-01-29,52537.0,52312.0
2020-01-30,52373.0,52075.0
2020-01-31,51550.0,51848.0
2020-02-01,48151.0,47427.0
2020-02-02,44769.0,43802.0
2020-02-03,48893.0,49099.0
2020-02-04,51427.0,50991.0
2020-02-05,52498.0,52929.0
2020-02-06,52902.0,53057.0
2020-02-07,53462.0,53107.0
2020-02-08,50428.0,49338.0
2020-02-09,46986.0,46063.0
2020-02-10,51050.0,51634.0
2020-02-11,51023.0,50489.0
2020-02-12,51187.0,50193.0
2020-02-13,50329.0,50567.0
2020-02-14,50632.0,50179.0
2020-02-15,45983.0,45931.0
2020-02-16,44019.0,43797.0
2020-02-17,48897.0,49175.0
2020-02-18,50052.0,50384.0
2020-02-19,50560.0,49568.0
2020-02-20,50087.0,50156.0
2020-02-21,50275.0,50289.0
2020-02-22,45838.0,47051.0
2020-02-23,44142.0,44316.0
2020-02-24,49090.0,49098.0
2020-02-25,50450.0,50127.0
2020-02-26,51279.0,50653.0
2020-02-27,51032.0,50872.0
2020-02-28,50676.0,50423.0
2020-02-29,47867.0,47875.0
2020-03-01,44913.0,45283.0
2020-03-02,49689.0,48987.0
2020-03-03,50245.0,49626.0
2020-03-04,50156.0,50303.0
2020-03-05,49252.0,49379.0
2020-03-06,50718.0,50410.0
2020-03-07,47065.0,46358.0
2020-03-08,43579.0,43708.0
2020-03-09,49667.0,49288.0
2020-03-10,50169.0,49465.0
2020-03-11,48451.0,49126.0
2020-03-12,48109.0,48188.0
2020-03-13,49498.0,48559.0
2020-03-14,46246.0,44491.0
2020-03-15,42504.0,42139.0
2020-03-16,48026.0,47820.0
2020-03-17,48025.0,47997.0
2020-03-18,48601.0,46922.0
2020-03-19,47059.0,45335.0
2020-03-20,45652.0,44865.0
2020-03-21,42219.0,41750.0
2020-03-22,40012.0,40364.0
2020-03-23,48018.0,47513.0
2020-03-24,49685.0,50270.0
2020-03-25,51394.0,50322.0
2020-03-26,50375.0,50146.0
2020-03-27,48491.0,47144.0
2020-03-28,43109.0,42677.0
2020-03-29,37206.0,38427.0
2020-03-30,46523.0,44225.0
2020-03-31,47524.0,46124.0
2020-04-01,45729.0,46542.0
2020-04-02,45540.0,46245.0
2020-04-03,45330.0,45139.0
2020-04-04,41584.0,41229.0
2020-04-05,38750.0,38603.0
2020-04-06,43609.0,41483.0
2020-04-07,42717.0,41589.0
2020-04-08,40662.0,41610.0
2020-04-09,40946.0,41141.0
2020-04-10,40951.0,39911.0
2020-04-11,36962.0,38199.0
2020-04-12,31464.0,32381.0
2020-04-13,32900.0,32863.0
2020-04-14,42435.0,40463.0
2020-04-15,41745.0,41485.0
2020-04-16,41217.0,40993.0
2020-04-17,39533.0,40256.0
2020-04-18,38125.0,37601.0
2020-04-19,34746.0,35294.0
2020-04-20,39695.0,38768.0
2020-04-21,38617.0,40342.0
2020-04-22,39485.0,39973.0
2020-04-23,40469.0,39345.0
2020-04-24,38674.0,39174.0
2020-04-25,36661.0,36615.0
2020-04-26,34899.0,35052.0
2020-04-27,38166.0,38899.0
2020-04-28,38900.0,39694.0
2020-04-29,40560.0,40077.0
2020-04-30,40415.0,38989.0
2020-05-01,34395.0,34285.0
2020-05-02,36507.0,35166.0
2020-05-03,33966.0,33513.0
2020-05-04,38559.0,37944.0
2020-05-05,40314.0,39521.0
2020-05-06,39288.0,39940.0
2020-05-07,39586.0,39579.0
2020-05-08,39620.0,39211.0
2020-05-09,36146.0,36446.0
2020-05-10,34155.0,34054.0
2020-05-11,39813.0,39730.0
2020-05-12,41502.0,41426.0
2020-05-13,40732.0,40771.0
2020-05-14,40435.0,41193.0
2020-05-15,41313.0,40890.0
2020-05-16,38252.0,37960.0
2020-05-17,36297.0,35219.0
2020-05-18,41373.0,40666.0
2020-05-19,41203.0,42061.0
2020-05-20,43401.0,42353.0
2020-05-21,41884.0,40838.0
2020-05-22,40414.0,40528.0
2020-05-23,37544.0,37832.0
2020-05-24,36492.0,35011.0
2020-05-25,41694.0,39959.0
2020-05-26,25319.0,41027.0
2020-05-27,42001.0,41162.0
2020-05-28,42390.0,41112.0
2020-05-29,40674.0,40795.0
2020-05-30,36160.0,35994.0
2020-05-31,35062.0,35691.0
2020-06-01,40966.0,40883.0
2020-06-02,41780.0,41377.0
2020-06-03,42015.0,41869.0
2020-06-04,42263.0,42213.0
2020-06-05,42410.0,42590.0
2020-06-06,38867.0,38850.0
2020-06-07,36186.0,36592.0
2020-06-08,42000.0,41137.0
2020-06-09,41761.0,42450.0
2020-06-10,42612.0,42154.0
2020-06-11,37257.0,36048.0
2020-06-12,40302.0,40284.0
2020-06-13,39061.0,38623.0
2020-06-14,36490.0,37190.0
2020-06-15,41979.0,42266.0
2020-06-16,42883.0,43235.0
2020-06-17,43200.0,43752.0
2020-06-18,43695.0,44088.0
2020-06-19,43863.0,43886.0
2020-06-20,40318.0,40507.0
2020-06-21,38410.0,37695.0
2020-06-22,38542.0,38115.0
2020-06-23,43567.0,43787.0
2020-06-24,44721.0,44226.0
2020-06-25,44116.0,45033.0
2020-06-26,45722.0,46301.0
2020-06-27,43937.0,44140.0
2020-06-28,43225.0,42681.0
2020-06-29,50095.0,48603.0
2020-06-30,52420.0,48872.0
2020-07-01,50899.0,51353.0
2020-07-02,51552.0,52811.0
2020-07-03,49621.0,50141.0
2020-07-04,45038.0,45381.0
2020-07-05,42138.0,43040.0
2020-07-06,50822.0,50168.0
2020-07-07,47347.0,47008.0
2020-07-08,48897.0,47040.0
2020-07-09,48622.0,48398.0
2020-07-10,50909.0,49904.0
2020-07-11,46580.0,47178.0
2020-07-12,42171.0,41581.0
2020-07-13,47027.0,46160.0
2020-07-14,46467.0,46943.0
2020-07-15,47419.0,47313.0
2020-07-16,47299.0,47481.0
2020-07-17,46932.0,46873.0
2020-07-18,43186.0,43095.0
2020-07-19,40501.0,40883.0
2020-07-20,48046.0,46510.0
2020-07-21,49734.0,49299.0
2020-07-22,49716.0,50606.0
2020-07-23,50328.0,50617.0
2020-07-24,49772.0,50223.0
2020-07-25,45316.0,45229.0
2020-07-26,45697.0,42667.0
2020-07-27,49241.0,49123.0
2020-07-28,52072.0,51889.0
2020-07-29,52647.0,53720.0
2020-07-30,53915.0,55290.0
2020-07-31,56029.0,56387.0
2020-08-01,53403.0,53221.0
2020-08-02,48670.0,48905.0
2020-08-03,54362.0,50928.0
2020-08-04,49925.0,49680.0
2020-08-05,44077.0,42847.0
2020-08-06,47484.0,45981.0
2020-08-07,47854.0,48383.0
2020-08-08,47717.0,48132.0
2020-08-09,44894.0,47499.0
2020-08-10,52609.0,53012.0
2020-08-11,53380.0,54323.0
2020-08-12,53159.0,53876.0
2020-08-13,54552.0,54298.0
2020-08-14,53915.0,53830.0
2020-08-15,46820.0,45842.0
2020-08-16,46341.0,45639.0
2020-08-17,51241.0,52186.0
2020-08-18,51079.0,50011.0
2020-08-19,51240.0,49404.0
2020-08-20,49713.0,50252.0
2020-08-21,51353.0,51471.0
2020-08-22,49715.0,49055.0
2020-08-23,46605.0,45684.0
2020-08-24,49593.0,49434.0
2020-08-25,49413.0,48876.0
2020-08-26,49750.0,48919.0
2020-08-27,48670.0,49550.0
2020-08-28,50261.0,50104.0
2020-08-29,48647.0,48159.0
2020-08-30,46467.0,44364.0
2020-08-31,47996.0,47212.0
2020-09-01,45986.0,45191.0
2020-09-02,45740.0,44823.0
2020-09-03,44801.0,45223.0
2020-09-04,46507.0,45407.0
2020-09-05,41945.0,42401.0
2020-09-06,40199.0,40215.0
2020-09-07,45405.0,45308.0
2020-09-08,46169.0,46049.0
2020-09-09,46440.0,46292.0
2020-09-10,46683.0,46646.0
2020-09-11,46616.0,46833.0
2020-09-12,44171.0,43902.0
2020-09-13,42864.0,41604.0
2020-09-14,48326.0,47609.0
2020-09-15,47794.0,48750.0
2020-09-16,49351.0,47896.0
2020-09-17,47748.0,47423.0
2020-09-18,46789.0,46226.0
2020-09-19,42193.0,41514.0
2020-09-20,38601.0,38715.0
2020-09-21,43438.0,44383.0
2020-09-22,45214.0,45002.0
2020-09-23,44962.0,44839.0
2020-09-24,44672.0,45128.0
2020-09-25,44636.0,45404.0
2020-09-26,41035.0,41283.0
2020-09-27,38293.0,39020.0
2020-09-28,43953.0,44716.0
2020-09-29,47953.0,44595.0
2020-09-30,44804.0,44343.0
2020-10-01,44395.0,44520.0
2020-10-02,44683.0,44775.0
2020-10-03,41763.0,42137.0
2020-10-04,39666.0,38751.0
2020-10-05,44161.0,43892.0
2020-10-06,44385.0,44496.0
2020-10-07,45532.0,45697.0
2020-10-08,44373.0,44928.0
2020-10-09,45181.0,44569.0
2020-10-10,41276.0,42110.0
2020-10-11,39957.0,40989.0
2020-10-12,47237.0,46706.0
2020-10-13,48078.0,47857.0
2020-10-14,50919.0,47803.0
2020-10-15,52975.0,49315.0
2020-10-16,51347.0,47975.0
2020-10-17,44867.0,43899.0
2020-10-18,42819.0,41111.0
2020-10-19,47850.0,46557.0
2020-10-20,47825.0,47787.0
2020-10-21,47782.0,47631.0
2020-10-22,48431.0,47431.0
2020-10-23,47330.0,46985.0
2020-10-24,44811.0,45335.0
2020-10-25,42183.0,43333.0
2020-10-26,49612.0,46559.0
2020-10-27,47802.0,48001.0
2020-10-28,47806.0,47191.0
2020-10-29,47819.0,47596.0
2020-10-30,46561.0,47626.0
2020-10-31,44529.0,43801.0
2020-11-01,39854.0,40217.0
2020-11-02,46437.0,45869.0
2020-11-03,47658.0,46537.0
2020-11-04,48292.0,47707.0
2020-11-05,48160.0,48262.0
2020-11-06,48010.0,47127.0
2020-11-07,44364.0,44986.0
2020-11-08,43335.0,42864.0
2020-11-09,49524.0,48368.0
2020-11-10,50089.0,49853.0
2020-11-11,50393.0,50528.0
2020-11-12,49693.0,50718.0
2020-11-13,52101.0,50323.0
2020-11-14,47716.0,46912.0
2020-11-15,43922.0,43506.0
2020-11-16,49984.0,49400.0
2020-11-17,50164.0,49928.0
2020-11-18,43167.0,44292.0
2020-11-19,49338.0,49716.0
2020-11-20,52846.0,51303.0
2020-11-21,48285.0,48638.0
2020-11-22,42955.0,46095.0
2020-11-23,52285.0,51834.0
2020-11-24,52885.0,52002.0
2020-11-25,53295.0,53383.0
2020-11-26,54123.0,53948.0
2020-11-27,54205.0,54064.0
2020-11-28,51277.0,49735.0
2020-11-29,47127.0,46789.0
2020-11-30,54680.0,53362.0
2020-12-01,57928.0,55481.0
2020-12-02,57230.0,57333.0
2020-12-03,60963.0,56392.0
2020-12-04,57810.0,54396.0
2020-12-05,50446.0,49953.0
2020-12-06,45734.0,46034.0
2020-12-07,53743.0,50732.0
2020-12-08,52690.0,53591.0
2020-12-09,55142.0,53961.0
2020-12-10,54217.0,54154.0
2020-12-11,55866.0,53307.0
2020-12-12,50857.0,49802.0
2020-12-13,47684.0,46452.0
2020-12-14,53279.0,53106.0
2020-12-15,53655.0,54163.0
2020-12-16,54846.0,53461.0
2020-12-17,54494.0,53759.0
2020-12-18,54927.0,53635.0
2020-12-19,51225.0,50061.0
2020-12-20,47052.0,47289.0
2020-12-21,54283.0,52414.0
2020-12-22,54505.0,52508.0
2020-12-23,52784.0,50953.0
2020-12-24,48614.0,46807.0
2020-12-25,44154.0,40898.0
2020-12-26,43450.0,42737.0
2020-12-27,47162.0,44753.0
2020-12-28,50236.0,49854.0
2020-12-29,49860.0,47453.0
2020-12-30,49890.0,47858.0
2020-12-31,41282.0,48008.0
2021-01-01,40865.0,42201.0
2021-01-02,44722.0,44843.0
2021-01-03,43166.0,43383.0
2021-01-04,49633.0,49024.0
2021-01-05,49400.0,50622.0
2021-01-06,44673.0,46223.0
2021-01-07,51534.0,51315.0
2021-01-08,53606.0,52966.0
2021-01-09,50985.0,50310.0
2021-01-10,48736.0,48999.0
2021-01-11,55063.0,55588.0
2021-01-12,57404.0,55764.0
2021-01-13,56700.0,56335.0
2021-01-14,58706.0,56919.0
2021-01-15,59434.0,57359.0
2021-01-16,54656.0,54464.0
2021-01-17,52863.0,52269.0
2021-01-18,59246.0,58497.0
2021-01-19,60314.0,58021.0
2021-01-20,56717.0,55841.0
2021-01-21,54369.0,53971.0
2021-01-22,53067.0,52255.0
2021-01-23,48208.0,48704.0
2021-01-24,46751.0,47544.0
2021-01-25,55810.0,55813.0
2021-01-26,56574.0,56079.0
2021-01-27,58749.0,56838.0
2021-01-28,57174.0,56427.0
2021-01-29,56892.0,55658.0
2021-01-30,50889.0,50008.0
2021-01-31,50856.0,49555.0
2021-02-01,56591.0,54958.0
2021-02-02,56485.0,54144.0
2021-02-03,53498.0,53673.0
2021-02-04,52753.0,51692.0
2021-02-05,52216.0,50562.0
2021-02-06,47007.0,46252.0
2021-02-07,45108.0,44617.0
2021-02-08,50613.0,50735.0
2021-02-09,51755.0,53129.0
2021-02-10,54487.0,53519.0
2021-02-11,55229.0,55791.0
2021-02-12,56886.0,57899.0
2021-02-13,55526.0,56019.0
2021-02-14,54687.0,53594.0
2021-02-15,59447.0,58368.0
2021-02-16,59077.0,57315.0
2021-02-17,56855.0,56951.0
2021-02-18,55088.0,54708.0
2021-02-19,54168.0,53911.0
2021-02-20,48442.0,48715.0
2021-02-21,44974.0,44957.0
2021-02-22,51710.0,49937.0
2021-02-23,51152.0,50212.0
2021-02-24,50204.0,49458.0
2021-02-25,49165.0,48922.0
2021-02-26,48553.0,48614.0
2021-02-27,46230.0,45966.0
2021-02-28,44784.0,43566.0
2021-03-01,50103.0,48861.0
2021-03-02,50190.0,50003.0
2021-03-03,50606.0,50598.0
2021-03-04,50382.0,50489.0
2021-03-05,51193.0,51463.0
2021-03-06,49205.0,48730.0
2021-03-07,49152.0,46308.0
2021-03-08,51841.0,51010.0
2021-03-09,52877.0,53095.0
2021-03-10,52368.0,53081.0
2021-03-11,53432.0,52910.0
2021-03-12,50708.0,53434.0
2021-03-13,48211.0,47217.0
2021-03-14,45618.0,45404.0
2021-03-15,50854.0,51344.0
2021-03-16,51741.0,51968.0
2021-03-17,52673.0,52842.0
2021-03-18,52787.0,53608.0
2021-03-19,54331.0,53554.0
2021-03-20,51151.0,51264.0
2021-03-21,48286.0,47411.0
2021-03-22,53548.0,53797.0
2021-03-23,54524.0,54108.0
2021-03-24,54345.0,52432.0
2021-03-25,52557.0,51171.0
2021-03-26,50234.0,50009.0
2021-03-27,46558.0,46571.0
2021-03-28,42098.0,41167.0
2021-03-29,46361.0,47684.0
2021-03-30,47957.0,48532.0
2021-03-31,48087.0,47196.0
2021-04-01,47587.0,45697.0
2021-04-02,45348.0,45100.0
2021-04-03,43396.0,44323.0
2021-04-04,37375.0,38335.0
2021-04-05,38822.0,39897.0
2021-04-06,50939.0,52489.0
2021-04-07,52752.0,54268.0
2021-04-08,51907.0,53419.0
2021-04-09,52682.0,51512.0
2021-04-10,46237.0,46899.0
2021-04-11,43978.0,44528.0
2021-04-12,49168.0,48979.0
2021-04-13,52178.0,52526.0
2021-04-14,51792.0,52280.0
2021-04-15,51000.0,51414.0
2021-04-16,47996.0,51255.0
2021-04-17,46395.0,47912.0
2021-04-18,45725.0,44474.0
2021-04-19,51261.0,49793.0
2021-04-20,50639.0,50306.0
2021-04-21,50083.0,48959.0
2021-04-22,49219.0,48649.0
2021-04-23,47468.0,47112.0
2021-04-24,43190.0,43176.0
2021-04-25,39069.0,39933.0
2021-04-26,46372.0,46562.0
2021-04-27,48892.0,49765.0
2021-04-28,49672.0,48616.0
2021-04-29,46553.0,47243.0
2021-04-30,45604.0,46112.0
2021-05-01,39301.0,39497.0
2021-05-02,39637.0,37826.0
2021-05-03,44591.0,44648.0
2021-05-04,45680.0,44950.0
2021-05-05,44919.0,44723.0
2021-05-06,44428.0,45929.0
2021-05-07,46472.0,46857.0
2021-05-08,42107.0,42260.0
2021-05-09,38288.0,38393.0
2021-05-10,43809.0,42723.0
2021-05-11,43524.0,44084.0
2021-05-12,46178.0,45066.0
2021-05-13,45501.0,44625.0
2021-05-14,43467.0,44465.0
2021-05-15,40741.0,41199.0
2021-05-16,37937.0,38604.0
2021-05-17,43834.0,44238.0
2021-05-18,44608.0,44494.0
2021-05-19,46623.0,46440.0
2021-05-20,44901.0,45952.0
2021-05-21,44813.0,45029.0
2021-05-22,42818.0,42038.0
2021-05-23,37781.0,39755.0
2021-05-24,44199.0,44733.0
2021-05-25,45320.0,45130.0
2021-05-26,43921.0,44599.0
2021-05-27,45006.0,44406.0
2021-05-28,44975.0,44522.0
2021-05-29,41659.0,42061.0
2021-05-30,37203.0,38783.0
2021-05-31,44539.0,44138.0
2021-06-01,44733.0,44753.0
2021-06-02,44376.0,44877.0
2021-06-03,39623.0,39525.0
2021-06-04,43059.0,43368.0
2021-06-05,42540.0,41917.0
2021-06-06,39926.0,40071.0
2021-06-07,45425.0,45142.0
2021-06-08,45758.0,45647.0
2021-06-09,46619.0,46806.0
2021-06-10,46543.0,46722.0
2021-06-11,47631.0,46556.0
2021-06-12,44352.0,43645.0
2021-06-13,41476.0,40632.0
2021-06-14,44505.0,44428.0
2021-06-15,46507.0,46169.0
2021-06-16,48592.0,47199.0
2021-06-17,48419.0,47797.0
2021-06-18,48787.0,48923.0
2021-06-19,47665.0,46633.0
2021-06-20,44693.0,44862.0
2021-06-21,50375.0,50982.0
2021-06-22,46802.0,48572.0
2021-06-23,54751.0,55360.0
2021-06-24,58367.0,58047.0
2021-06-25,59385.0,56398.0
2021-06-26,52084.0,50455.0
2021-06-27,47640.0,47280.0
2021-06-28,55000.0,54626.0
2021-06-29,57223.0,56763.0
2021-06-30,57126.0,57007.0
2021-07-01,53583.0,52402.0
2021-07-02,50543.0,50925.0
2021-07-03,46729.0,48132.0
2021-07-04,45215.0,45134.0
2021-07-05,49650.0,50324.0
2021-07-06,51687.0,54002.0
2021-07-07,58429.0,57100.0
2021-07-08,59189.0,59823.0
2021-07-09,57736.0,58653.0
2021-07-10,54599.0,51755.0
2021-07-11,48471.0,49526.0
2021-07-12,54137.0,55548.0
2021-07-13,58141.0,57748.0
2021-07-14,56342.0,56443.0
2021-07-15,54075.0,54323.0
2021-07-16,53039.0,53568.0
2021-07-17,48306.0,48752.0
2021-07-18,46091.0,45461.0
2021-07-19,50812.0,50848.0
2021-07-20,53038.0,52506.0
2021-07-21,53692.0,52637.0
2021-07-22,52656.0,52789.0
2021-07-23,52693.0,52668.0
2021-07-24,50012.0,50788.0
2021-07-25,49065.0,49478.0
2021-07-26,56167.0,55509.0
2021-07-27,58061.0,57854.0
2021-07-28,60475.0,58654.0
2021-07-29,59924.0,59061.0
2021-07-30,59524.0,59409.0
2021-07-31,57107.0,55586.0
2021-08-01,49142.0,53232.0
2021-08-02,51470.0,52829.0
2021-08-03,53137.0,53030.0
2021-08-04,53582.0,53320.0
2021-08-05,49289.0,48633.0
2021-08-06,50735.0,50220.0
2021-08-07,51088.0,49772.0
2021-08-08,47478.0,49710.0
2021-08-09,54773.0,54796.0
2021-08-10,55875.0,56238.0
2021-08-11,57585.0,57215.0
2021-08-12,57269.0,57894.0
2021-08-13,58265.0,58119.0
2021-08-14,54743.0,56335.0
2021-08-15,52315.0,53399.0
2021-08-16,58213.0,60146.0
2021-08-17,55243.0,55899.0
2021-08-18,49443.0,52706.0
2021-08-19,53151.0,51539.0
2021-08-20,52542.0,51878.0
2021-08-21,48654.0,49544.0
2021-08-22,47070.0,47607.0
2021-08-23,51695.0,51829.0
2021-08-24,51453.0,51123.0
2021-08-25,49892.0,50087.0
2021-08-26,48935.0,49661.0
2021-08-27,49111.0,48816.0
2021-08-28,44915.0,45391.0
2021-08-29,41176.0,42873.0
2021-08-30,47967.0,47033.0
2021-08-31,50952.0,47952.0
2021-09-01,49284.0,48031.0
2021-09-02,48606.0,47796.0
2021-09-03,47422.0,47979.0
2021-09-04,45515.0,45115.0
2021-09-05,42801.0,42463.0
2021-09-06,47644.0,47904.0
2021-09-07,47144.0,49325.0
2021-09-08,47502.0,48538.0
2021-09-09,48249.0,48595.0
2021-09-10,48360.0,48511.0
2021-09-11,46002.0,45019.0
2021-09-12,42745.0,42482.0
2021-09-13,48269.0,47908.0
2021-09-14,49056.0,48977.0
2021-09-15,49348.0,49353.0
2021-09-16,49257.0,49777.0
2021-09-17,49198.0,49438.0
2021-09-18,44940.0,45064.0
2021-09-19,37907.0,42133.0
2021-09-20,45365.0,47051.0
2021-09-21,45967.0,47804.0
2021-09-22,48926.0,47638.0
2021-09-23,47821.0,47310.0
2021-09-24,47943.0,47661.0
2021-09-25,45065.0,43861.0
2021-09-26,41327.0,41288.0
2021-09-27,47319.0,46759.0
2021-09-28,46941.0,47470.0
2021-09-29,47507.0,47509.0
2021-09-30,46778.0,47644.0
2021-10-01,47215.0,46323.0
2021-10-02,42630.0,42972.0
2021-10-03,40522.0,40669.0
2021-10-04,46182.0,46008.0
2021-10-05,47000.0,46672.0
2021-10-06,46330.0,47354.0
2021-10-07,48085.0,49003.0
2021-10-08,48125.0,48135.0
2021-10-09,43466.0,44168.0
2021-10-10,42143.0,43140.0
2021-10-11,47921.0,49074.0
2021-10-12,47422.0,49054.0
2021-10-13,49460.0,49729.0
2021-10-14,50351.0,50256.0
2021-10-15,46413.0,50301.0
2021-10-16,46507.0,46508.0
2021-10-17,43170.0,42869.0
2021-10-18,47878.0,48278.0
2021-10-19,47175.0,49216.0
2021-10-20,44421.0,49223.0
2021-10-21,48528.0,49046.0
2021-10-22,49694.0,49946.0
2021-10-23,45453.0,45240.0
2021-10-24,42025.0,43138.0
2021-10-25,49160.0,49080.0
2021-10-26,49721.0,50573.0
2021-10-27,51034.0,50448.0
2021-10-28,50489.0,50880.0
2021-10-29,51727.0,51049.0
2021-10-30,46655.0,47480.0
2021-10-31,45857.0,45669.0
2021-11-01,44365.0,42257.0
2021-11-02,48010.0,48735.0
2021-11-03,51269.0,49708.0
2021-11-04,47760.0,49291.0
2021-11-05,50413.0,50193.0
2021-11-06,48689.0,47057.0
2021-11-07,44862.0,43447.0
2021-11-08,48752.0,50319.0
2021-11-09,48105.0,50695.0
2021-11-10,55606.0,50847.0
2021-11-11,49820.0,50222.0
2021-11-12,49901.0,50724.0
2021-11-13,48284.0,47176.0
2021-11-14,42395.0,44419.0
2021-11-15,48400.0,50291.0
2021-11-16,50210.0,51592.0
2021-11-17,50629.0,50608.0
2021-11-18,44920.0,45105.0
2021-11-19,49324.0,48920.0
2021-11-20,47643.0,46942.0
2021-11-21,43819.0,44992.0
2021-11-22,51399.0,51680.0
2021-11-23,52069.0,51823.0
2021-11-24,54366.0,52352.0
2021-11-25,54390.0,53176.0
2021-11-26,54125.0,53784.0
2021-11-27,50491.0,49624.0
2021-11-28,47260.0,47923.0
2021-11-29,53736.0,55692.0
2021-11-30,56673.0,57145.0
2021-12-01,54758.0,55645.0
2021-12-02,57142.0,55090.0
2021-12-03,55103.0,55751.0
2021-12-04,53415.0,52350.0
2021-12-05,49630.0,50478.0
2021-12-06,54562.0,56889.0
2021-12-07,57913.0,58107.0
2021-12-08,57944.0,58817.0
2021-12-09,58593.0,58766.0
2021-12-10,58299.0,58484.0
2021-12-11,54275.0,55973.0
2021-12-12,53824.0,52146.0
2021-12-13,56690.0,57468.0
2021-12-14,58071.0,57280.0
2021-12-15,57236.0,57187.0
2021-12-16,56557.0,57000.0
2021-12-17,56457.0,56713.0
2021-12-18,54211.0,53581.0
2021-12-19,51123.0,50294.0
2021-12-20,57532.0,57034.0
2021-12-21,57822.0,59261.0
2021-12-22,59251.0,59258.0
2021-12-23,58232.0,58215.0
2021-12-24,53780.0,52118.0
2021-12-25,44147.0,44732.0
2021-12-26,50220.0,44670.0
2021-12-27,51011.0,51681.0
2021-12-28,52701.0,52050.0
2021-12-29,49956.0,51306.0
2021-12-30,50648.0,50518.0
2021-12-31,48802.0,48919.0
2022-01-01,42659.0,42936.0
2022-01-02,44434.0,44117.0
2022-01-03,49586.0,51120.0
2022-01-04,50323.0,50878.0
2022-01-05,50600.0,50162.0
2022-01-06,45991.0,47515.0
2022-01-07,52338.0,51706.0
2022-01-08,53763.0,51226.0
2022-01-09,50704.0,50651.0
2022-01-10,58299.0,58081.0
2022-01-11,59490.0,59051.0
2022-01-12,59622.0,58899.0
2022-01-13,59756.0,59212.0
2022-01-14,57849.0,57376.0
2022-01-15,54782.0,52376.0
2022-01-16,50235.0,49324.0
2022-01-17,55882.0,55255.0
2022-01-18,56599.0,55867.0
2022-01-19,55910.0,56049.0
2022-01-20,57325.0,57421.0
2022-01-21,57011.0,57559.0
2022-01-22,55193.0,54321.0
2022-01-23,52289.0,51405.0
2022-01-24,57494.0,58691.0
2022-01-25,58192.0,60202.0
2022-01-26,58488.0,59609.0
2022-01-27,57939.0,58885.0
2022-01-28,57315.0,57724.0
2022-01-29,54015.0,53563.0
2022-01-30,47466.0,48888.0
2022-01-31,58022.0,56799.0
2022-02-01,59842.0,57360.0
2022-02-02,56774.0,56746.0
2022-02-03,56885.0,56287.0
2022-02-04,56395.0,55055.0
2022-02-05,49690.0,51248.0
2022-02-06,48108.0,47330.0
2022-02-07,54388.0,54147.0
2022-02-08,54910.0,55442.0
2022-02-09,54339.0,54603.0
2022-02-10,53484.0,54018.0
2022-02-11,53844.0,53684.0
2022-02-12,51702.0,50674.0
2022-02-13,47898.0,48057.0
2022-02-14,54599.0,54560.0
2022-02-15,55741.0,54189.0
2022-02-16,53267.0,53356.0
2022-02-17,52298.0,53811.0
2022-02-18,52175.0,52590.0
2022-02-19,49639.0,49328.0
2022-02-20,46749.0,45910.0
2022-02-21,52698.0,52309.0
2022-02-22,53853.0,52971.0
2022-02-23,52005.0,52721.0
2022-02-24,52909.0,52542.0
2022-02-25,54091.0,53123.0
2022-02-26,53057.0,51685.0
2022-02-27,49111.0,50049.0
2022-02-28,58297.0,55164.0
2022-03-01,56209.0,56596.0
2022-03-02,57286.0,56187.0
2022-03-03,55473.0,55660.0
2022-03-04,56152.0,55240.0
2022-03-05,53428.0,52857.0
2022-03-06,50392.0,50165.0
2022-03-07,54245.0,55630.0
2022-03-08,57402.0,56926.0
2022-03-09,57164.0,56511.0
2022-03-10,56614.0,55987.0
2022-03-11,57223.0,56341.0
2022-03-12,54470.0,52751.0
2022-03-13,49219.0,49268.0
2022-03-14,53802.0,53871.0
2022-03-15,54422.0,54257.0
2022-03-16,52757.0,53658.0
2022-03-17,52586.0,52378.0
2022-03-18,52243.0,53464.0
2022-03-19,48094.0,48789.0
2022-03-20,47053.0,46849.0
2022-03-21,53330.0,51854.0
2022-03-22,52498.0,52017.0
2022-03-23,52506.0,50770.0
2022-03-24,50782.0,49963.0
2022-03-25,48221.0,49826.0
2022-03-26,45918.0,45924.0
2022-03-27,40940.0,41228.0
2022-03-28,47850.0,47888.0
2022-03-29,49031.0,48345.0
2022-03-30,49537.0,51354.0
2022-03-31,51427.0,52625.0
2022-04-01,53203.0,52018.0
2022-04-02,50476.0,50004.0
2022-04-03,47777.0,46248.0
2022-04-04,52138.0,50935.0
2022-04-05,51602.0,50783.0
2022-04-06,51301.0,50645.0
2022-04-07,52604.0,50304.0
2022-04-08,50724.0,49499.0
2022-04-09,46436.0,47028.0
2022-04-10,48262.0,44454.0
2022-04-11,49520.0,49541.0
2022-04-12,48858.0,49430.0
2022-04-13,48529.0,49159.0
2022-04-14,48137.0,48587.0
2022-04-15,47233.0,47464.0
2022-04-16,44022.0,44484.0
2022-04-17,37985.0,39210.0
2022-04-18,40699.0,40038.0
2022-04-19,48901.0,48913.0
2022-04-20,48043.0,50003.0
2022-04-21,50377.0,51414.0
2022-04-22,50862.0,51006.0
2022-04-23,46233.0,45886.0
2022-04-24,42102.0,42254.0
2022-04-25,46600.0,46040.0
2022-04-26,46983.0,46860.0
2022-04-27,48106.0,48096.0
2022-04-28,47229.0,47134.0
2022-04-29,46742.0,47069.0
2022-04-30,43316.0,42839.0
2022-05-01,39671.0,39004.0
2022-05-02,45881.0,44559.0
2022-05-03,45694.0,45353.0
2022-05-04,45347.0,45216.0
2022-05-05,45314.0,45432.0
2022-05-06,46286.0,46909.0
2022-05-07,42763.0,43693.0
2022-05-08,39744.0,39437.0
2022-05-09,44278.0,43661.0
2022-05-10,46059.0,44572.0
2022-05-11,44019.0,44911.0
2022-05-12,44677.0,45443.0
2022-05-13,46094.0,45648.0
2022-05-14,42687.0,42258.0
2022-05-15,38673.0,39066.0
2022-05-16,42884.0,44929.0
2022-05-17,46462.0,46277.0
2022-05-18,46132.0,45314.0
2022-05-19,44935.0,45408.0
2022-05-20,46064.0,45681.0
2022-05-21,42468.0,43807.0
2022-05-22,40695.0,40465.0
2022-05-23,44464.0,45650.0
2022-05-24,47180.0,47207.0
2022-05-25,48268.0,48355.0
2022-05-26,47316.0,48210.0
2022-05-27,47529.0,49004.0
2022-05-28,44160.0,43927.0
2022-05-29,40290.0,39852.0
2022-05-30,40895.0,39928.0
2022-05-31,44710.0,45009.0
2022-06-01,44889.0,46704.0
2022-06-02,45355.0,48369.0
2022-06-03,47999.0,49956.0
2022-06-04,48066.0,47957.0
2022-06-05,44919.0,44951.0
2022-06-06,49348.0,49964.0
2022-06-07,49808.0,50780.0
2022-06-08,48986.0,49172.0
2022-06-09,48211.0,47995.0
2022-06-10,47335.0,47631.0
2022-06-11,44552.0,45198.0
2022-06-12,42715.0,42785.0
2022-06-13,49565.0,49113.0
2022-06-14,49363.0,49432.0
2022-06-15,49069.0,49337.0
2022-06-16,43413.0,45127.0
2022-06-17,49153.0,48720.0
2022-06-18,46484.0,45933.0
2022-06-19,43796.0,44148.0
2022-06-20,50737.0,50400.0
2022-06-21,53118.0,52027.0
2022-06-22,46431.0,47701.0
2022-06-23,52875.0,52572.0
2022-06-24,55469.0,54253.0
2022-06-25,49920.0,50209.0
2022-06-26,48483.0,47836.0
2022-06-27,56089.0,56710.0
2022-06-28,56269.0,60141.0
2022-06-29,62133.0,61002.0
2022-06-30,60110.0,60566.0
2022-07-01,61058.0,61149.0
2022-07-02,56039.0,55082.0
2022-07-03,53778.0,52505.0
2022-07-04,59866.0,61335.0
2022-07-05,57660.0,60101.0
2022-07-06,46475.0,58328.0
2022-07-07,56069.0,55720.0
2022-07-08,52328.0,51696.0
2022-07-09,48731.0,47710.0
2022-07-10,44512.0,44651.0
2022-07-11,48990.0,49836.0
2022-07-12,50112.0,51613.0
2022-07-13,51611.0,52404.0
2022-07-14,54324.0,54543.0
2022-07-15,54731.0,54882.0
2022-07-16,52293.0,51730.0
2022-07-17,49768.0,49612.0
2022-07-18,55758.0,55483.0
2022-07-19,56810.0,57025.0
2022-07-20,58754.0,57888.0
2022-07-21,59624.0,59307.0
2022-07-22,60668.0,61008.0
2022-07-23,58351.0,58468.0
2022-07-24,54672.0,54641.0
2022-07-25,61949.0,61796.0
2022-07-26,62491.0,60206.0
2022-07-27,61894.0,57960.0
2022-07-28,59544.0,56689.0
2022-07-29,59029.0,57703.0
2022-07-30,53261.0,51358.0
2022-07-31,49088.0,47662.0
2022-08-01,53567.0,53226.0
2022-08-02,56156.0,53853.0
2022-08-03,54960.0,55016.0
2022-08-04,55321.0,55806.0
2022-08-05,52487.0,53071.0
2022-08-06,54535.0,54191.0
2022-08-07,50666.0,51029.0
2022-08-08,54343.0,54475.0
2022-08-09,54738.0,52939.0
2022-08-10,52916.0,52129.0
2022-08-11,51026.0,51448.0
2022-08-12,50988.0,50244.0
2022-08-13,45613.0,46147.0
2022-08-14,43941.0,43835.0
2022-08-15,43955.0,44480.0
2022-08-16,50306.0,50929.0
2022-08-17,53520.0,54193.0
2022-08-18,56818.0,55686.0
2022-08-19,56263.0,54456.0
2022-08-20,49681.0,49436.0
2022-08-21,45713.0,45505.0
2022-08-22,49769.0,50250.0
2022-08-23,50494.0,50280.0
2022-08-24,49859.0,51273.0
2022-08-25,52037.0,52811.0
2022-08-26,53179.0,53986.0
2022-08-27,48674.0,50680.0
2022-08-28,46720.0,47013.0
2022-08-29,52460.0,51358.0
2022-08-30,53514.0,52011.0
2022-08-31,51666.0,51675.0
2022-09-01,48207.0,49796.0
2022-09-02,49925.0,48517.0
2022-09-03,45100.0,44892.0
2022-09-04,43524.0,42849.0
2022-09-05,47566.0,48084.0
2022-09-06,49387.0,49599.0
2022-09-07,50074.0,50532.0
2022-09-08,49386.0,50629.0
2022-09-09,48998.0,50068.0
2022-09-10,45187.0,45580.0
2022-09-11,43100.0,41960.0
2022-09-12,47000.0,46553.0
2022-09-13,47596.0,47728.0
2022-09-14,48324.0,48330.0
2022-09-15,49162.0,48819.0
2022-09-16,48539.0,48078.0
2022-09-17,44526.0,44654.0
2022-09-18,39951.0,40478.0
2022-09-19,45955.0,45323.0
2022-09-20,47193.0,45298.0
2022-09-21,45918.0,45664.0
2022-09-22,45368.0,46156.0
2022-09-23,46639.0,46353.0
2022-09-24,43156.0,43153.0
2022-09-25,40846.0,41111.0
2022-09-26,45572.0,45703.0
2022-09-27,45093.0,46657.0
2022-09-28,45704.0,46862.0
2022-09-29,48291.0,46907.0
2022-09-30,46607.0,45747.0
2022-10-01,42397.0,42118.0
2022-10-02,39609.0,39352.0
2022-10-03,44314.0,43646.0
2022-10-04,44819.0,44099.0
2022-10-05,43851.0,44481.0
2022-10-06,44961.0,45063.0
2022-10-07,44188.0,45136.0
2022-10-08,40862.0,42122.0
2022-10-09,39163.0,39419.0
2022-10-10,45053.0,43898.0
2022-10-11,45348.0,44848.0
2022-10-12,44576.0,45639.0
2022-10-13,45186.0,45824.0
2022-10-14,45473.0,45116.0
2022-10-15,42170.0,42097.0
2022-10-16,39575.0,39024.0
2022-10-17,43530.0,43900.0
2022-10-18,45305.0,44998.0
2022-10-19,45341.0,45628.0
2022-10-20,45082.0,45744.0
2022-10-21,45415.0,45883.0
2022-10-22,42552.0,42259.0
2022-10-23,39650.0,38830.0
2022-10-24,45440.0,43549.0
2022-10-25,46304.0,45067.0
2022-10-26,46630.0,44999.0
2022-10-27,43472.0,45242.0
2022-10-28,44617.0,45422.0
2022-10-29,41669.0,41966.0
2022-10-30,41146.0,40267.0
2022-10-31,41646.0,41968.0
2022-11-01,37376.0,37276.0
2022-11-02,43185.0,43937.0
2022-11-03,44525.0,44443.0
2022-11-04,45804.0,45816.0
2022-11-05,43866.0,43033.0
2022-11-06,41076.0,39840.0
2022-11-07,44407.0,44870.0
2022-11-08,45567.0,46064.0
2022-11-09,45349.0,46440.0
2022-11-10,46339.0,46459.0
2022-11-11,45989.0,45854.0
2022-11-12,44035.0,43235.0
2022-11-13,40339.0,41153.0
2022-11-14,46429.0,48135.0
2022-11-15,47820.0,48242.0
2022-11-16,49960.0,49196.0
2022-11-17,47521.0,47946.0
2022-11-18,43930.0,42823.0
2022-11-19,46922.0,43938.0
2022-11-20,43395.0,43168.0
2022-11-21,50811.0,49587.0
2022-11-22,54301.0,52898.0
2022-11-23,52902.0,53305.0
2022-11-24,51680.0,52014.0
2022-11-25,52293.0,52030.0
2022-11-26,48621.0,48298.0
2022-11-27,47703.0,44512.0
2022-11-28,52253.0,51623.0
2022-11-29,53076.0,54025.0
2022-11-30,53313.0,55537.0
2022-12-01,55040.0,54462.0
2022-12-02,56221.0,53958.0
2022-12-03,51219.0,50029.0
2022-12-04,46529.0,46529.0
2022-12-05,52825.0,51147.0
2022-12-06,53083.0,52576.0
2022-12-07,54211.0,53414.0
2022-12-08,53394.0,53700.0
2022-12-09,54298.0,53228.0
2022-12-10,52890.0,50270.0
2022-12-11,50773.0,48142.0
2022-12-12,56104.0,54983.0
2022-12-13,56931.0,58206.0
2022-12-14,58641.0,57490.0
2022-12-15,57803.0,56656.0
2022-12-16,58781.0,55046.0
2022-12-17,50128.0,50695.0
2022-12-18,50826.0,48007.0
2022-12-19,55817.0,56496.0
2022-12-20,56952.0,57069.0
2022-12-21,53559.0,56254.0
2022-12-22,55825.0,54426.0
2022-12-23,52779.0,50870.0
2022-12-24,44967.0,45532.0
2022-12-25,40325.0,40471.0
2022-12-26,40736.0,40897.0
2022-12-27,46107.0,45612.0
2022-12-28,47455.0,46264.0
2022-12-29,47544.0,46821.0
2022-12-30,49256.0,46675.0
2022-12-31,184209.0,171810.0
2023-01-01,166440.0,156002.0
2023-01-02,182336.0,176841.0
2023-01-03,191004.0,181750.0
2023-01-04,180360.0,182907.0
2023-01-05,185540.0,187448.0
2023-01-06,166664.0,170480.0
2023-01-07,174908.0,174843.0
2023-01-08,170360.0,171642.0
2023-01-09,198604.0,199670.0
2023-01-10,204056.0,205020.0
2023-01-11,215952.0,205663.0
2023-01-12,215992.0,205074.0
2023-01-13,210652.0,206769.0
2023-01-14,194436.0,188417.0
2023-01-15,190132.0,182221.0
2023-01-16,213420.0,210335.0
2023-01-17,226248.0,218095.0
2023-01-18,222740.0,218922.0
2023-01-19,231236.0,221529.0
2023-01-20,238952.0,225623.0
2023-01-21,240024.0,217332.0
2023-01-22,212072.0,205502.0
2023-01-23,240492.0,225722.0
2023-01-24,239628.0,227033.0
2023-01-25,238308.0,227269.0
2023-01-26,234248.0,227678.0
2023-01-27,240544.0,232821.0
2023-01-28,223268.0,215055.0
2023-01-29,205260.0,203294.0
2023-01-30,228792.0,224030.0
2023-01-31,241508.0,224322.0
2023-02-01,226916.0,223315.0
2023-02-02,226416.0,222254.0
2023-02-03,226508.0,218249.0
2023-02-04,208472.0,203643.0
2023-02-05,209156.0,200049.0
2023-02-06,238324.0,234480.0
2023-02-07,248520.0,239511.0
2023-02-08,249196.0,246429.0
2023-02-09,247084.0,240904.0
2023-02-10,246140.0,239301.0
2023-02-11,221648.0,219132.0
2023-02-12,203272.0,197611.0
2023-02-13,221992.0,213936.0
2023-02-14,217172.0,216607.0
2023-02-15,215536.0,214542.0
2023-02-16,217516.0,214411.0
2023-02-17,213448.0,208730.0
2023-02-18,200060.0,194554.0
2023-02-19,184468.0,177878.0
2023-02-20,202128.0,196517.0
2023-02-21,191904.0,201754.0
2023-02-22,200220.0,198403.0
2023-02-23,204732.0,204586.0
2023-02-24,211160.0,201608.0
2023-02-25,197980.0,192183.0
2023-02-26,198996.0,193520.0
2023-02-27,224008.0,221023.0
2023-02-28,227968.0,221470.0
2023-03-01,224496.0,224222.0
2023-03-02,219328.0,217411.0
2023-03-03,213984.0,214999.0
2023-03-04,197192.0,195250.0
2023-03-05,184292.0,181591.0
2023-03-06,207764.0,208168.0
2023-03-07,198072.0,208235.0
2023-03-08,214800.0,204476.0
2023-03-09,194492.0,202187.0
2023-03-10,204460.0,200542.0
2023-03-11,182904.0,186075.0
2023-03-12,176432.0,174100.0
2023-03-13,198804.0,193629.0
2023-03-14,207440.0,200315.0
2023-03-15,209276.0,209368.0
2023-03-16,215572.0,204219.0
2023-03-17,199892.0,203715.0
2023-03-18,187224.0,182731.0
2023-03-19,171376.0,170731.0
2023-03-20,192540.0,194127.0
2023-03-21,193856.0,190753.0
2023-03-22,190628.0,185019.0
2023-03-23,184900.0,183672.0
2023-03-24,188056.0,181829.0
2023-03-25,182652.0,174772.0
2023-03-26,161576.0,156409.0
2023-03-27,194364.0,189278.0
2023-03-28,205240.0,196267.0
2023-03-29,207060.0,198120.0
2023-03-30,201764.0,193592.0
2023-03-31,202568.0,191946.0
2023-04-01,186644.0,174038.0
2023-04-02,165556.0,163886.0
2023-04-03,192996.0,195649.0
2023-04-04,218252.0,208588.0
2023-04-05,218664.0,208031.0
2023-04-06,214136.0,205820.0
2023-04-07,199848.0,202151.0
2023-04-08,187864.0,187495.0
2023-04-09,162628.0,162428.0
2023-04-10,165952.0,161461.0
2023-04-11,193292.0,189299.0
2023-04-12,190932.0,188882.0
2023-04-13,200352.0,199933.0
2023-04-14,201524.0,201493.0
2023-04-15,195636.0,183058.0
2023-04-16,174956.0,175678.0
2023-04-17,195216.0,195452.0
2023-04-18,197272.0,197027.0
2023-04-19,190820.0,189904.0
2023-04-20,187292.0,185853.0
2023-04-21,184748.0,184496.0
2023-04-22,166784.0,165120.0
2023-04-23,172040.0,152448.0
2023-04-24,185864.0,183541.0
2023-04-25,192852.0,184948.0
2023-04-26,191500.0,183592.0
2023-04-27,198424.0,183977.0
2023-04-28,192704.0,185164.0
2023-04-29,177428.0,169057.0
2023-04-30,160152.0,153080.0
2023-05-01,162020.0,151604.0
2023-05-02,184652.0,184986.0
2023-05-03,179592.0,187495.0
2023-05-04,187888.0,179262.0
2023-05-05,179372.0,176249.0
2023-05-06,162136.0,161518.0
2023-05-07,151564.0,149364.0
2023-05-08,175200.0,171740.0
2023-05-09,174772.0,175613.0
2023-05-10,182888.0,178894.0
2023-05-11,193052.0,188558.0
2023-05-12,191172.0,186019.0
2023-05-13,173564.0,169804.0
2023-05-14,165912.0,168512.0
2023-05-15,182556.0,179069.0
2023-05-16,204964.0,192723.0
2023-05-17,201972.0,195965.0
2023-05-18,198992.0,192734.0
2023-05-19,199152.0,188555.0
2023-05-20,171592.0,170684.0
2023-05-21,152492.0,153600.0
2023-05-22,158004.0,172778.0
2023-05-23,179564.0,178187.0
2023-05-24,186884.0,180328.0
2023-05-25,188808.0,180035.0
2023-05-26,188172.0,181280.0
2023-05-27,169220.0,166877.0
2023-05-28,156084.0,153929.0
2023-05-29,167136.0,169254.0
2023-05-30,158144.0,160801.0
2023-05-31,177892.0,182155.0
2023-06-01,185360.0,183473.0
2023-06-02,182108.0,186022.0
2023-06-03,171444.0,171549.0
2023-06-04,156788.0,158559.0
2023-06-05,184000.0,182453.0
2023-06-06,192108.0,186780.0
2023-06-07,186340.0,185386.0
2023-06-08,166012.0,166277.0
2023-06-09,182164.0,179793.0
2023-06-10,171976.0,173025.0
2023-06-11,159356.0,162119.0
2023-06-12,171648.0,180955.0
2023-06-13,178804.0,184019.0
2023-06-14,188348.0,186735.0
2023-06-15,180436.0,188307.0
2023-06-16,186608.0,186930.0
2023-06-17,167028.0,173642.0
2023-06-18,167372.0,164534.0
2023-06-19,188392.0,194054.0
2023-06-20,211432.0,204799.0
2023-06-21,223472.0,212109.0
2023-06-22,216336.0,198373.0
2023-06-23,223596.0,212768.0
2023-06-24,201712.0,183345.0
2023-06-25,173284.0,172239.0
2023-06-26,204332.0,199316.0
2023-06-27,216188.0,208235.0
2023-06-28,207656.0,197308.0
2023-06-29,208468.0,193844.0
2023-06-30,203884.0,196717.0
2023-07-01,190436.0,182693.0
2023-07-02,185900.0,170765.0
2023-07-03,203240.0,199151.0
2023-07-04,205872.0,204419.0
2023-07-05,208964.0,209078.0
2023-07-06,207492.0,208137.0
2023-07-07,218184.0,207817.0
2023-07-08,200448.0,192828.0
2023-07-09,194312.0,183840.0
2023-07-10,222696.0,218932.0
2023-07-11,232288.0,233967.0
2023-07-12,242040.0,236826.0
2023-07-13,236976.0,234220.0
2023-07-14,230272.0,225493.0
2023-07-15,227484.0,218860.0
2023-07-16,210252.0,213482.0
2023-07-17,242024.0,250747.0
2023-07-18,258492.0,258215.0
2023-07-19,259960.0,246756.0
2023-07-20,231780.0,237935.0
2023-07-21,232928.0,235200.0
2023-07-22,220520.0,214783.0
2023-07-23,209508.0,199765.0
2023-07-24,232152.0,233279.0
2023-07-25,243736.0,237489.0
2023-07-26,228320.0,216365.0
2023-07-27,214092.0,199229.0
2023-07-28,201624.0,203038.0
2023-07-29,202804.0,199114.0
2023-07-30,181412.0,187741.0
2023-07-31,205148.0,203257.0
2023-08-01,217320.0,210693.0
2023-08-02,217676.0,209860.0
2023-08-03,216264.0,221637.0
2023-08-04,222088.0,212813.0
2023-08-05,192900.0,176475.0
2023-08-06,170072.0,168480.0
2023-08-07,187148.0,180075.0
2023-08-08,195144.0,179178.0
2023-08-09,187064.0,183111.0
2023-08-10,185824.0,186327.0
2023-08-11,196860.0,186220.0
2023-08-12,179708.0,178935.0
2023-08-13,169652.0,173798.0
2023-08-14,188592.0,191436.0
2023-08-15,186236.0,181869.0
2023-08-16,214800.0,209576.0
2023-08-17,212676.0,213788.0
2023-08-18,225900.0,216898.0
2023-08-19,210560.0,207739.0
2023-08-20,206808.0,203071.0
2023-08-21,236560.0,239714.0
2023-08-22,244060.0,249326.0
2023-08-23,253772.0,253202.0
2023-08-24,254976.0,256509.0
2023-08-25,265700.0,255952.0
2023-08-26,247296.0,237597.0
2023-08-27,231708.0,218853.0
2023-08-28,237444.0,229713.0
2023-08-29,206856.0,204520.0
2023-08-30,208652.0,195050.0
2023-08-31,191368.0,191052.0
2023-09-01,195068.0,190125.0
2023-09-02,187792.0,180250.0
2023-09-03,176492.0,173751.0
2023-09-04,192180.0,186795.0
2023-09-05,199992.0,193594.0
2023-09-06,199348.0,198682.0
2023-09-07,204196.0,200971.0
2023-09-08,205504.0,200165.0
2023-09-09,185376.0,185555.0
2023-09-10,179868.0,171963.0
2023-09-11,196356.0,196012.0
2023-09-12,204228.0,200068.0
2023-09-13,203084.0,201496.0
2023-09-14,200756.0,202910.0
2023-09-15,198312.0,194173.0
2023-09-16,182176.0,177331.0
2023-09-17,171024.0,165757.0
2023-09-18,195584.0,194242.0
2023-09-19,198992.0,197539.0
2023-09-20,193700.0,195732.0
2023-09-21,198360.0,197269.0
2023-09-22,202644.0,197969.0
2023-09-23,186896.0,180319.0
2023-09-24,175780.0,161892.0
2023-09-25,191184.0,182881.0
2023-09-26,192412.0,189652.0
2023-09-27,198636.0,188918.0
2023-09-28,193184.0,184106.0
2023-09-29,184452.0,182380.0
2023-09-30,160332.0,169865.0
2023-10-01,158712.0,155804.0
2023-10-02,179740.0,177732.0
2023-10-03,181904.0,181435.0
2023-10-04,189948.0,185339.0
2023-10-05,184844.0,183489.0
2023-10-06,178668.0,180005.0
2023-10-07,163152.0,166116.0
2023-10-08,157356.0,156308.0
2023-10-09,175744.0,176485.0
2023-10-10,181136.0,183864.0
2023-10-11,176488.0,183884.0
2023-10-12,188892.0,186856.0
2023-10-13,181780.0,184679.0
2023-10-14,176700.0,169075.0
2023-10-15,166924.0,162671.0
2023-10-16,184588.0,183241.0
2023-10-17,176964.0,188791.0
2023-10-18,191020.0,192181.0
2023-10-19,195984.0,192160.0
2023-10-20,192064.0,187242.0
2023-10-21,169200.0,171452.0
2023-10-22,151824.0,155299.0
2023-10-23,176012.0,177924.0
2023-10-24,185176.0,184645.0
2023-10-25,187584.0,184952.0
2023-10-26,182536.0,183834.0
2023-10-27,190200.0,188145.0
2023-10-28,179468.0,167277.0
2023-10-29,174784.0,160041.0
2023-10-30,177024.0,177692.0
2023-10-31,187632.0,185191.0
2023-11-01,150224.0,156369.0
2023-11-02,186764.0,181349.0
2023-11-03,193524.0,187129.0
2023-11-04,175824.0,172195.0
2023-11-05,171892.0,159294.0
2023-11-06,181336.0,179383.0
2023-11-07,191860.0,190551.0
2023-11-08,193356.0,186683.0
2023-11-09,193000.0,191944.0
2023-11-10,198220.0,198239.0
2023-11-11,185100.0,182821.0
2023-11-12,169728.0,174418.0
2023-11-13,202904.0,196124.0
2023-11-14,200720.0,200104.0
2023-11-15,193768.0,196082.0
2023-11-16,199328.0,199467.0
2023-11-17,207964.0,201329.0
2023-11-18,179992.0,180111.0
2023-11-19,185500.0,178359.0
2023-11-20,201108.0,203754.0
2023-11-21,218424.0,214154.0
2023-11-22,215780.0,217137.0
2023-11-23,221936.0,211234.0
2023-11-24,217404.0,210640.0
2023-11-25,202164.0,203335.0
2023-11-26,197728.0,194149.0
2023-11-27,225276.0,224791.0
2023-11-28,228920.0,229753.0
2023-11-29,226772.0,225140.0
2023-11-30,235020.0,231589.0
2023-12-01,228812.0,219098.0
2023-12-02,206356.0,201825.0
2023-12-03,201092.0,194121.0
2023-12-04,233456.0,227608.0
2023-12-05,240412.0,234373.0
2023-12-06,231656.0,229677.0
2023-12-07,238164.0,228206.0
2023-12-08,234540.0,232105.0
2023-12-09,220824.0,217483.0
2023-12-10,209604.0,203513.0
2023-12-11,233588.0,224493.0
2023-12-12,225564.0,222640.0
2023-12-13,221764.0,222777.0
2023-12-14,222028.0,218272.0
2023-12-15,219940.0,218608.0
2023-12-16,214964.0,207043.0
2023-12-17,195152.0,193036.0
2023-12-18,215308.0,218062.0
2023-12-19,221848.0,221060.0
2023-12-20,225096.0,225725.0
2023-12-21,227524.0,216101.0
2023-12-22,210392.0,208634.0
2023-12-23,194516.0,194170.0
2023-12-24,184268.0,183065.0
2023-12-25,177924.0,163471.0
2023-12-26,177948.0,164729.0
2023-12-27,194948.0,186287.0
2023-12-28,187032.0,189837.0
2023-12-29,189556.0,189523.0
2023-12-30,187280.0,185789.0
2023-12-31,182096.0,178298.0
2024-01-01,170152.0,165967.0
2024-01-02,194144.0,192899.0
2024-01-03,203792.0,194094.0
2024-01-04,190376.0,191393.0
2024-01-05,215828.0,196127.0
2024-01-06,184964.0,178165.0
2024-01-07,187428.0,182249.0
2024-01-08,221456.0,221817.0
2024-01-09,238776.0,232199.0
2024-01-10,238784.0,236049.0
2024-01-11,242200.0,239829.0
2024-01-12,249036.0,240536.0
2024-01-13,229252.0,218859.0
2024-01-14,212580.0,207950.0
2024-01-15,227112.0,231298.0
2024-01-16,240244.0,228884.0
2024-01-17,246552.0,229492.0
2024-01-18,222620.0,217232.0
2024-01-19,234244.0,227147.0
2024-01-20,224840.0,218639.0
2024-01-21,212432.0,205565.0
2024-01-22,241568.0,234317.0
2024-01-23,241888.0,230930.0
2024-01-24,243052.0,229902.0
2024-01-25,233476.0,221404.0
2024-01-26,231896.0,218231.0
2024-01-27,211672.0,197983.0
2024-01-28,191228.0,184589.0
2024-01-29,215452.0,216713.0
2024-01-30,229240.0,224595.0
2024-01-31,233232.0,227840.0
2024-02-01,247700.0,226432.0
2024-02-02,231644.0,219435.0
2024-02-03,204404.0,200284.0
2024-02-04,193460.0,183317.0
2024-02-05,213280.0,207335.0
2024-02-06,213596.0,209389.0
2024-02-07,216280.0,209163.0
2024-02-08,217984.0,203507.0
2024-02-09,210980.0,207071.0
2024-02-10,198380.0,188202.0
2024-02-11,183720.0,174895.0
2024-02-12,206398.0,201206.0
2024-02-13,218032.0,202766.0
2024-02-14,208300.0,205723.0
2024-02-15,216652.0,204409.0
2024-02-16,206450.0,201328.0
2024-02-17,203056.0,186292.0
2024-02-18,176044.0,168950.0
2024-02-19,203284.0,199486.0
2024-02-20,204748.0,199295.0
2024-02-21,193932.0,198944.0
2024-02-22,207872.0,206363.0
2024-02-23,209232.0,208241.0
2024-02-24,193008.0,186887.0
2024-02-25,181288.0,173947.0
2024-02-26,198928.0,195404.0
2024-02-27,217460.0,204306.0
2024-02-28,203192.0,198915.0
2024-02-29,203268.0,196885.0
2024-03-01,209244.0,197052.0
2024-03-02,182744.0,181578.0
2024-03-03,169564.0,164645.0
2024-03-04,204868.0,197185.0
2024-03-05,200596.0,191207.0
2024-03-06,203412.0,200377.0
2024-03-07,204220.0,204179.0
2024-03-08,208004.0,205197.0
2024-03-09,204796.0,193152.0
2024-03-10,185064.0,176317.0
2024-03-11,205272.0,206662.0
2024-03-12,213992.0,206424.0
2024-03-13,206712.0,197986.0
2024-03-14,203156.0,195807.0
2024-03-15,193984.0,190720.0
2024-03-16,188364.0,181244.0
2024-03-17,167292.0,159821.0
2024-03-18,198300.0,187120.0
2024-03-19,196464.0,193133.0
2024-03-20,204168.0,195546.0
2024-03-21,195580.0,193652.0
2024-03-22,194572.0,187285.0
2024-03-23,176804.0,173198.0
2024-03-24,164544.0,164671.0
2024-03-25,196992.0,185261.0
2024-03-26,197300.0,199769.0
2024-03-27,195641.0,199133.0
2024-03-28,209555.0,200145.0
2024-03-29,207796.0,188450.0
2024-03-30,174077.0,171947.0
2024-03-31,138936.0,139504.0
2024-04-01,150150.0,145128.0
2024-04-02,184330.0,175058.0
2024-04-03,181653.0,183926.0
2024-04-04,181503.0,178248.0
2024-04-05,183880.0,176018.0
2024-04-06,169112.0,160849.0
2024-04-07,155684.0,148293.0
2024-04-08,183460.0,168502.0
2024-04-09,180826.0,172747.0
2024-04-10,186706.0,173760.0
2024-04-11,187304.0,174803.0
2024-04-12,178564.0,171333.0
2024-04-13,164991.0,157745.0
2024-04-14,147420.0,145941.0
2024-04-15,182086.0,164380.0
2024-04-16,201172.0,178697.0
2024-04-17,182880.0,166194.0
2024-04-18,193361.0,180397.0
2024-04-19,197038.0,179027.0
2024-04-20,187332.0,175972.0
2024-04-21,180092.0,162489.0
2024-04-22,202957.0,188471.0
2024-04-23,195902.0,199778.0
2024-04-24,203866.0,207212.0
2024-04-25,202830.0,203208.0
2024-04-26,196754.0,195912.0
2024-04-27,186000.0,174084.0
2024-04-28,154223.0,158954.0
2024-04-29,182806.0,174158.0
2024-04-30,176316.0,172370.0
2024-05-01,157533.0,155753.0
2024-05-02,181338.0,176811.0
2024-05-03,181130.0,184743.0
2024-05-04,165716.0,165589.0
2024-05-05,148172.0,148732.0
2024-05-06,185013.0,168780.0
2024-05-07,189346.0,180701.0
2024-05-08,202783.0,182942.0
2024-05-09,192963.0,179085.0
2024-05-10,182428.0,174639.0
2024-05-11,164772.0,162046.0
2024-05-12,153645.0,151067.0
2024-05-13,176680.0,171151.0
2024-05-14,179704.0,179060.0
2024-05-15,182928.0,177843.0
2024-05-16,178692.0,182084.0
2024-05-17,178856.0,175562.0
2024-05-18,154652.0,165263.0
2024-05-19,146824.0,152111.0
2024-05-20,168694.0,175176.0
2024-05-21,184393.0,187422.0
2024-05-22,176408.0,177943.0
2024-05-23,172476.0,178424.0
2024-05-24,176176.0,176099.0
2024-05-25,165144.0,164671.0
2024-05-26,154872.0,156001.0
2024-05-27,172332.0,170694.0
2024-05-28,178820.0,178691.0
2024-05-29,184720.0,176122.0
2024-05-30,157496.0,155580.0
2024-05-31,177520.0,177413.0
2024-06-01,160148.0,162445.0
2024-06-02,154832.0,154263.0
2024-06-03,182352.0,180020.0
2024-06-04,174408.0,181236.0
2024-06-05,180380.0,180099.0
2024-06-06,174528.0,182851.0
2024-06-07,184268.0,188898.0
2024-06-08,178862.0,179761.0
2024-06-09,174572.0,170464.0
2024-06-10,195596.0,194419.0
2024-06-11,197208.0,195010.0
2024-06-12,186812.0,193124.0
2024-06-13,188884.0,190050.0
2024-06-14,178164.0,181596.0
2024-06-15,167561.0,174815.0
2024-06-16,164152.0,163424.0
2024-06-17,186318.0,188256.0
2024-06-18,201422.0,198574.0
2024-06-19,211288.0,207755.0
2024-06-20,220832.0,219472.0
2024-06-21,220026.0,228798.0
2024-06-22,209116.0,202109.0
2024-06-23,186700.0,187158.0
2024-06-24,207568.0,207832.0
2024-06-25,203877.0,208455.0
2024-06-26,212320.0,207010.0
2024-06-27,201180.0,205878.0
2024-06-28,208486.0,213152.0
2024-06-29,210396.0,210940.0
2024-06-30,201488.0,205619.0
2024-07-01,221982.0,225296.0
2024-07-02,212771.0,206702.0
2024-07-03,204824.0,199792.0
2024-07-04,200990.0,200364.0
2024-07-05,203806.0,203297.0
2024-07-06,193875.0,196696.0
2024-07-07,189892.0,192191.0
2024-07-08,219296.0,226846.0
2024-07-09,239260.0,249378.0
2024-07-10,252768.0,261136.0
2024-07-11,270610.0,266377.0
2024-07-12,269751.0,266600.0
2024-07-13,255913.0,249228.0
2024-07-14,236216.0,233778.0
2024-07-15,257720.0,259546.0
2024-07-16,266102.0,267977.0
2024-07-17,268408.0,271433.0
2024-07-18,271369.0,268239.0
2024-07-19,263845.0,272037.0
2024-07-20,237294.0,230420.0
2024-07-21,216980.0,205491.0
2024-07-22,237341.0,235482.0
2024-07-23,245125.0,242262.0
2024-07-24,243915.0,243473.0
2024-07-25,234813.0,226830.0
2024-07-26,228018.0,221987.0
2024-07-27,219003.0,213471.0
2024-07-28,212689.0,212913.0
2024-07-29,231501.0,229822.0
2024-07-30,227729.0,224117.0
2024-07-31,227149.0,222404.0
2024-08-01,230112.0,225837.0
2024-08-02,227968.0,226351.0
2024-08-03,211319.0,206848.0
2024-08-04,191477.0,192150.0
2024-08-05,194204.0,189176.0
2024-08-06,204949.0,209121.0
2024-08-07,211376.0,219408.0
2024-08-08,215826.0,221718.0
2024-08-09,224850.0,222472.0
2024-08-10,212678.0,222062.0
2024-08-11,211800.0,220429.0
2024-08-12,245184.0,245485.0
2024-08-13,245970.0,253101.0
2024-08-14,255302.0,252272.0
2024-08-15,226619.0,229068.0
2024-08-16,248273.0,250963.0
2024-08-17,239692.0,245280.0
2024-08-18,230058.0,224864.0
2024-08-19,231095.0,223048.0
2024-08-20,225276.0,222371.0
2024-08-21,222112.0,226190.0
2024-08-22,216876.0,223086.0
2024-08-23,216358.0,227576.0
2024-08-24,219519.0,221436.0
2024-08-25,212222.0,215370.0
2024-08-26,229964.0,239725.0
2024-08-27,241829.0,236690.0
2024-08-28,230622.0,241070.0
2024-08-29,235864.0,242955.0
2024-08-30,244505.0,242192.0
2024-08-31,232019.0,223998.0
2024-09-01,213466.0,210506.0
2024-09-02,229507.0,233508.0
2024-09-03,234604.0,234588.0
2024-09-04,232515.0,230296.0
2024-09-05,227285.0,224784.0
2024-09-06,217524.0,211399.0
2024-09-07,190902.0,197963.0
2024-09-08,186096.0,188337.0
2024-09-09,205859.0,209112.0
2024-09-10,201468.0,193443.0
2024-09-11,191666.0,191455.0
2024-09-12,199350.0,199966.0
2024-09-13,213271.0,196019.0
2024-09-14,182410.0,184162.0
2024-09-15,168445.0,177489.0
2024-09-16,192421.0,196716.0
2024-09-17,196665.0,198833.0
2024-09-18,192582.0,192198.0
2024-09-19,195165.0,194285.0
2024-09-20,189892.0,187570.0
2024-09-21,172283.0,172068.0
2024-09-22,157912.0,157485.0
2024-09-23,179335.0,178011.0
2024-09-24,187895.0,187794.0
2024-09-25,189947.0,188372.0
2024-09-26,188847.0,188671.0
2024-09-27,184826.0,189938.0
2024-09-28,181015.0,183438.0
2024-09-29,161006.0,159066.0
2024-09-30,181608.0,177860.0
2024-10-01,188024.0,181130.0
2024-10-02,189674.0,194728.0
2024-10-03,197678.0,202659.0
2024-10-04,190825.0,196439.0
2024-10-05,180534.0,178236.0
2024-10-06,163296.0,162464.0
2024-10-07,179121.0,180740.0
2024-10-08,179593.0,183406.0
2024-10-09,186688.0,182121.0
2024-10-10,144019.0,183681.0
2024-10-11,184309.0,180959.0
2024-10-12,167926.0,165244.0
2024-10-13,155202.0,160852.0
2024-10-14,179312.0,180508.0
2024-10-15,180284.0,181265.0
2024-10-16,186453.0,187150.0
2024-10-17,193115.0,193446.0
2024-10-18,187164.0,191756.0
2024-10-19,175074.0,172459.0
2024-10-20,170446.0,159410.0
2024-10-21,178170.0,182766.0
2024-10-22,186835.0,184742.0
2024-10-23,189591.0,188643.0
2024-10-24,194942.0,192213.0
2024-10-25,188414.0,189254.0
2024-10-26,171888.0,173085.0
2024-10-27,161392.0,166504.0
2024-10-28,181294.0,182999.0
2024-10-29,183048.0,184863.0
2024-10-30,185250.0,186254.0
2024-10-31,188087.0,185836.0
2024-11-01,160155.0,158992.0
2024-11-02,167490.0,164742.0
2024-11-03,163495.0,160689.0
2024-11-04,183841.0,186992.0
2024-11-05,192356.0,193925.0
2024-11-06,195691.0,197846.0
2024-11-07,201761.0,202702.0
2024-11-08,204171.0,204954.0
2024-11-09,190392.0,192119.0
2024-11-10,179148.0,179955.0
2024-11-11,210142.0,208173.0
2024-11-12,212079.0,215664.0
2024-11-13,220491.0,218618.0
2024-11-14,221850.0,225803.0
2024-11-15,220584.0,220515.0
2024-11-16,201422.0,198067.0
2024-11-17,185230.0,191096.0
2024-11-18,194617.0,190607.0
2024-11-19,215445.0,215284.0
2024-11-20,224283.0,223337.0
2024-11-21,221667.0,222636.0
2024-11-22,228979.0,234289.0
2024-11-23,212173.0,215659.0
2024-11-24,193673.0,199053.0
2024-11-25,216138.0,215312.0
2024-11-26,218980.0,216167.0
2024-11-27,221863.0,218088.0
2024-11-28,214064.0,216502.0
2024-11-29,212903.0,215722.0
2024-11-30,208457.0,203892.0
2024-12-01,194515.0,192317.0
2024-12-02,217119.0,214820.0
2024-12-03,230286.0,228337.0
2024-12-04,233014.0,228506.0
2024-12-05,238706.0,230093.0
2024-12-06,234004.0,233409.0
2024-12-07,217183.0,211622.0
2024-12-08,210784.0,207172.0
2024-12-09,235183.0,234696.0
2024-12-10,248002.0,235949.0
2024-12-11,235697.0,235260.0
2024-12-12,233214.0,232636.0
2024-12-13,232557.0,236436.0
2024-12-14,223471.0,221351.0
2024-12-15,202493.0,206752.0
2024-12-16,228773.0,229881.0
2024-12-17,230000.0,228006.0
2024-12-18,231935.0,228383.0
2024-12-19,235183.0,227486.0
2024-12-20,235290.0,228376.0
2024-12-21,211885.0,212649.0
2024-12-22,209335.0,212360.0
2024-12-23,237924.0,235199.0
2024-12-24,231495.0,223481.0
2024-12-25,189842.0,191612.0
2024-12-26,186636.0,189441.0
2024-12-27,205121.0,207008.0
2024-12-28,199319.0,204227.0
2024-12-29,195288.0,194964.0
2024-12-30,203255.0,211675.0
2024-12-31,213675.0,217635.0
