Date,Day-ahead Total Load Forecast [MW] - BZN|HU,Actual Total Load [MW] - BZN|HU
2019-01-01,361872.0,398144.0
2019-01-02,465379.0,478352.0
2019-01-03,489488.0,518311.0
2019-01-04,493025.0,530921.0
2019-01-05,459269.0,512511.0
2019-01-06,444676.0,476842.0
2019-01-07,510212.0,540434.0
2019-01-08,532623.0,566838.0
2019-01-09,542559.0,559548.0
2019-01-10,543345.0,558643.0
2019-01-11,544114.0,557089.0
2019-01-12,499813.0,515592.0
2019-01-13,475415.0,481728.0
2019-01-14,531164.0,533585.0
2019-01-15,535073.0,550900.0
2019-01-16,535073.0,548050.0
2019-01-17,528353.0,538522.0
2019-01-18,535211.0,543413.0
2019-01-19,500993.0,501277.0
2019-01-20,469710.0,483256.0
2019-01-21,522141.0,542747.0
2019-01-22,540862.0,565375.0
2019-01-23,550146.0,575454.0
2019-01-24,550239.0,569903.0
2019-01-25,552436.0,565896.0
2019-01-26,495284.0,512547.0
2019-01-27,475365.0,477781.0
2019-01-28,532136.0,540810.0
2019-01-29,549859.0,539758.0
2019-01-30,539991.0,553788.0
2019-01-31,539811.0,552761.0
2019-02-01,536521.0,548591.0
2019-02-02,483959.0,490813.0
2019-02-03,463459.0,464288.0
2019-02-04,527161.0,524634.0
2019-02-05,525071.0,544064.0
2019-02-06,522068.0,535350.0
2019-02-07,523551.0,541379.0
2019-02-08,529485.0,539147.0
2019-02-09,476215.0,496568.0
2019-02-10,453427.0,472053.0
2019-02-11,519129.0,530160.0
2019-02-12,528120.0,536259.0
2019-02-13,521191.0,539299.0
2019-02-14,517599.0,530051.0
2019-02-15,517827.0,524293.0
2019-02-16,472482.0,476151.0
2019-02-17,449933.0,448805.0
2019-02-18,505190.0,506028.0
2019-02-19,494173.0,511715.0
2019-02-20,492143.0,520116.0
2019-02-21,491993.0,519113.0
2019-02-22,500972.0,523473.0
2019-02-23,472530.0,485142.0
2019-02-24,449731.0,471508.0
2019-02-25,496864.0,517415.0
2019-02-26,502400.0,518369.0
2019-02-27,501985.0,510521.0
2019-02-28,492270.0,503929.0
2019-03-01,490280.0,505159.0
2019-03-02,460993.0,462910.0
2019-03-03,434652.0,442263.0
2019-03-04,491374.0,486714.0
2019-03-05,489295.0,490806.0
2019-03-06,468805.0,488526.0
2019-03-07,471517.0,504923.0
2019-03-08,476236.0,496822.0
2019-03-09,445244.0,450952.0
2019-03-10,432727.0,433860.0
2019-03-11,475536.0,490011.0
2019-03-12,468249.0,497962.0
2019-03-13,485382.0,517207.0
2019-03-14,486397.0,506169.0
2019-03-15,408306.0,427850.0
2019-03-16,422977.0,430017.0
2019-03-17,416700.0,417031.0
2019-03-18,463432.0,493184.0
2019-03-19,484084.0,507177.0
2019-03-20,485317.0,495802.0
2019-03-21,479778.0,500529.0
2019-03-22,479809.0,494617.0
2019-03-23,430786.0,443581.0
2019-03-24,397277.0,418176.0
2019-03-25,464754.0,491009.0
2019-03-26,485689.0,496283.0
2019-03-27,477328.0,496197.0
2019-03-28,483229.0,496585.0
2019-03-29,473528.0,488521.0
2019-03-30,424431.0,442484.0
2019-03-31,0.0,397791.0
2019-04-01,445191.0,469658.0
2019-04-02,458242.0,479542.0
2019-04-03,468518.0,488705.0
2019-04-04,468518.0,486938.0
2019-04-05,470198.0,487710.0
2019-04-06,428191.0,445702.0
2019-04-07,395609.0,414642.0
2019-04-08,452306.0,465924.0
2019-04-09,454826.0,477029.0
2019-04-10,454826.0,477586.0
2019-04-11,471002.0,490292.0
2019-04-12,473889.0,497403.0
2019-04-13,427738.0,457663.0
2019-04-14,413863.0,427576.0
2019-04-15,455863.0,470714.0
2019-04-16,454180.0,479009.0
2019-04-17,460740.0,489258.0
2019-04-18,456899.0,478968.0
2019-04-19,384313.0,400792.0
2019-04-20,373688.0,386735.0
2019-04-21,341193.0,359262.0
2019-04-22,330737.0,360031.0
2019-04-23,440561.0,466280.0
2019-04-24,454751.0,474708.0
2019-04-25,454680.0,472898.0
2019-04-26,454457.0,472139.0
2019-04-27,428148.0,436263.0
2019-04-28,402763.0,408531.0
2019-04-29,456412.0,466585.0
2019-04-30,457367.0,474447.0
2019-05-01,356728.0,394676.0
2019-05-02,423856.0,452745.0
2019-05-03,453684.0,465045.0
2019-05-04,425182.0,435542.0
2019-05-05,396029.0,424288.0
2019-05-06,451729.0,491631.0
2019-05-07,471105.0,484591.0
2019-05-08,455231.0,474011.0
2019-05-09,483164.0,501173.0
2019-05-10,462119.0,479199.0
2019-05-11,420733.0,424914.0
2019-05-12,388906.0,405108.0
2019-05-13,455572.0,464247.0
2019-05-14,477552.0,497230.0
2019-05-15,479529.0,505798.0
2019-05-16,476607.0,492118.0
2019-05-17,464197.0,481628.0
2019-05-18,407628.0,426167.0
2019-05-19,387901.0,404382.0
2019-05-20,454098.0,460696.0
2019-05-21,451342.0,471648.0
2019-05-22,447898.0,482408.0
2019-05-23,451067.0,479228.0
2019-05-24,451349.0,469579.0
2019-05-25,397899.0,417865.0
2019-05-26,380221.0,395922.0
2019-05-27,442463.0,464002.0
2019-05-28,453018.0,471710.0
2019-05-29,442738.0,488063.0
2019-05-30,442840.0,487528.0
2019-05-31,446136.0,463494.0
2019-06-01,394465.0,415356.0
2019-06-02,371000.0,399342.0
2019-06-03,439058.0,460169.0
2019-06-04,440745.0,473250.0
2019-06-05,446453.0,477472.0
2019-06-06,451095.0,477051.0
2019-06-07,438883.0,474163.0
2019-06-08,390198.0,420292.0
2019-06-09,354771.0,377633.0
2019-06-10,349611.0,389702.0
2019-06-11,427075.0,481955.0
2019-06-12,474843.0,514111.0
2019-06-13,497247.0,530902.0
2019-06-14,494172.0,531016.0
2019-06-15,432535.0,481406.0
2019-06-16,418738.0,450381.0
2019-06-17,466045.0,488044.0
2019-06-18,475215.0,498230.0
2019-06-19,476642.0,510979.0
2019-06-20,508249.0,506377.0
2019-06-21,491309.0,500693.0
2019-06-22,434831.0,452095.0
2019-06-23,404977.0,421803.0
2019-06-24,468828.0,486382.0
2019-06-25,487162.0,512112.0
2019-06-26,493855.0,532712.0
2019-06-27,513074.0,539690.0
2019-06-28,494233.0,494472.0
2019-06-29,451028.0,440746.0
2019-06-30,409382.0,426578.0
2019-07-01,467908.0,512406.0
2019-07-02,500457.0,527305.0
2019-07-03,510636.0,511790.0
2019-07-04,492789.0,495087.0
2019-07-05,473811.0,492482.0
2019-07-06,423626.0,450426.0
2019-07-07,407209.0,426990.0
2019-07-08,470183.0,464717.0
2019-07-09,475304.0,469583.0
2019-07-10,462967.0,462874.0
2019-07-11,462982.0,467459.0
2019-07-12,460066.0,465284.0
2019-07-13,415366.0,420121.0
2019-07-14,396866.0,388181.0
2019-07-15,448906.0,439820.0
2019-07-16,432984.0,452956.0
2019-07-17,433372.0,457224.0
2019-07-18,438729.0,462571.0
2019-07-19,454299.0,461892.0
2019-07-20,418551.0,425164.0
2019-07-21,378948.0,407959.0
2019-07-22,448535.0,464580.0
2019-07-23,457092.0,481016.0
2019-07-24,467615.0,477623.0
2019-07-25,462066.0,485021.0
2019-07-26,464291.0,485782.0
2019-07-27,420416.0,428900.0
2019-07-28,399651.0,402060.0
2019-07-29,447760.0,454342.0
2019-07-30,453589.0,474551.0
2019-07-31,459925.0,489833.0
2019-08-01,465969.0,475756.0
2019-08-02,466131.0,462732.0
2019-08-03,412631.0,407026.0
2019-08-04,380047.0,377685.0
2019-08-05,424838.0,442279.0
2019-08-06,429562.0,467915.0
2019-08-07,456140.0,475307.0
2019-08-08,452088.0,471080.0
2019-08-09,458284.0,472208.0
2019-08-10,420277.0,457727.0
2019-08-11,377742.0,423668.0
2019-08-12,472847.0,494115.0
2019-08-13,467779.0,484503.0
2019-08-14,454052.0,461450.0
2019-08-15,452657.0,451029.0
2019-08-16,427305.0,451165.0
2019-08-17,433646.0,407796.0
2019-08-18,401541.0,391111.0
2019-08-19,398900.0,399978.0
2019-08-20,378394.0,389731.0
2019-08-21,466111.0,461318.0
2019-08-22,466777.0,476725.0
2019-08-23,442429.0,488792.0
2019-08-24,400821.0,455294.0
2019-08-25,391132.0,431858.0
2019-08-26,453863.0,490508.0
2019-08-27,478796.0,506752.0
2019-08-28,483477.0,515107.0
2019-08-29,487834.0,519508.0
2019-08-30,498266.0,513776.0
2019-08-31,435746.0,456256.0
2019-09-01,414726.0,431507.0
2019-09-02,473383.0,487138.0
2019-09-03,462667.0,475816.0
2019-09-04,461421.0,465389.0
2019-09-05,456940.0,471173.0
2019-09-06,456356.0,470964.0
2019-09-07,415808.0,427938.0
2019-09-08,387454.0,398730.0
2019-09-09,440207.0,462165.0
2019-09-10,462869.0,459851.0
2019-09-11,443165.0,467044.0
2019-09-12,453962.0,473279.0
2019-09-13,446727.0,469008.0
2019-09-14,407134.0,424232.0
2019-09-15,392828.0,393995.0
2019-09-16,441781.0,461267.0
2019-09-17,444707.0,478634.0
2019-09-18,455856.0,463474.0
2019-09-19,448204.0,469357.0
2019-09-20,451865.0,467224.0
2019-09-21,411056.0,421368.0
2019-09-22,378509.0,390404.0
2019-09-23,449289.0,469683.0
2019-09-24,449534.0,480638.0
2019-09-25,460478.0,486415.0
2019-09-26,461747.0,475556.0
2019-09-27,458195.0,466074.0
2019-09-28,412971.0,432284.0
2019-09-29,380420.0,405987.0
2019-09-30,457785.0,464930.0
2019-10-01,464447.0,471391.0
2019-10-02,465812.0,480480.0
2019-10-03,465812.0,487985.0
2019-10-04,466269.0,477390.0
2019-10-05,416218.0,447686.0
2019-10-06,391614.0,418749.0
2019-10-07,450915.0,478115.0
2019-10-08,467341.0,492428.0
2019-10-09,473810.0,492463.0
2019-10-10,472656.0,502518.0
2019-10-11,469563.0,485314.0
2019-10-12,433183.0,441117.0
2019-10-13,404310.0,418181.0
2019-10-14,463517.0,473941.0
2019-10-15,478865.0,483592.0
2019-10-16,467912.0,492313.0
2019-10-17,467912.0,490183.0
2019-10-18,467914.0,488387.0
2019-10-19,426054.0,442194.0
2019-10-20,403315.0,415219.0
2019-10-21,459335.0,472997.0
2019-10-22,446624.0,478948.0
2019-10-23,379830.0,404544.0
2019-10-24,449457.0,465019.0
2019-10-25,474249.0,481279.0
2019-10-26,429079.0,439823.0
2019-10-27,407983.0,434930.0
2019-10-28,454221.0,487999.0
2019-10-29,453796.0,513095.0
2019-10-30,492684.0,513092.0
2019-10-31,487757.0,505517.0
2019-11-01,399259.0,421212.0
2019-11-02,391080.0,435973.0
2019-11-03,399247.0,429898.0
2019-11-04,472166.0,500596.0
2019-11-05,495562.0,513557.0
2019-11-06,481523.0,507953.0
2019-11-07,496058.0,515079.0
2019-11-08,496273.0,510843.0
2019-11-09,432312.0,463773.0
2019-11-10,416743.0,446930.0
2019-11-11,485056.0,499804.0
2019-11-12,496098.0,523786.0
2019-11-13,506336.0,518105.0
2019-11-14,496860.0,513741.0
2019-11-15,495435.0,517665.0
2019-11-16,453412.0,467775.0
2019-11-17,436029.0,434126.0
2019-11-18,0.0,499711.0
2019-11-19,507085.0,509410.0
2019-11-20,505835.0,522929.0
2019-11-21,506085.0,516929.0
2019-11-22,500073.0,513172.0
2019-11-23,448609.0,470590.0
2019-11-24,417039.0,446138.0
2019-11-25,482737.0,509084.0
2019-11-26,499068.0,525213.0
2019-11-27,502865.0,530539.0
2019-11-28,510032.0,529652.0
2019-11-29,505769.0,518678.0
2019-11-30,451235.0,476701.0
2019-12-01,435007.0,461949.0
2019-12-02,514070.0,545247.0
2019-12-03,509721.0,551723.0
2019-12-04,524245.0,576072.0
2019-12-05,551918.0,579820.0
2019-12-06,542854.0,574753.0
2019-12-07,530179.0,536894.0
2019-12-08,451419.0,485007.0
2019-12-09,535760.0,543754.0
2019-12-10,539629.0,547244.0
2019-12-11,550637.0,544510.0
2019-12-12,541837.0,556284.0
2019-12-13,536143.0,545572.0
2019-12-14,497149.0,506625.0
2019-12-15,466852.0,470321.0
2019-12-16,524543.0,517542.0
2019-12-17,521991.0,507543.0
2019-12-18,498731.0,498701.0
2019-12-19,497431.0,500377.0
2019-12-20,465718.0,478207.0
2019-12-21,453167.0,448181.0
2019-12-22,452135.0,434419.0
2019-12-23,477225.0,445004.0
2019-12-24,398775.0,409671.0
2019-12-25,376806.0,382928.0
2019-12-26,361399.0,382087.0
2019-12-27,414648.0,415050.0
2019-12-28,394114.0,424177.0
2019-12-29,410768.0,425662.0
2019-12-30,415892.0,443167.0
2019-12-31,396574.0,435427.0
2020-01-01,376644.0,396037.0
2020-01-02,450415.0,465424.0
2020-01-03,491323.0,505197.0
2020-01-04,474248.0,481887.0
2020-01-05,442597.0,460999.0
2020-01-06,500903.0,525477.0
2020-01-07,531619.0,544986.0
2020-01-08,516734.0,552248.0
2020-01-09,516226.0,561294.0
2020-01-10,545358.0,551509.0
2020-01-11,473198.0,501994.0
2020-01-12,450422.0,480868.0
2020-01-13,548563.0,561300.0
2020-01-14,558884.0,575734.0
2020-01-15,555511.0,574779.0
2020-01-16,551688.0,573099.0
2020-01-17,557618.0,572167.0
2020-01-18,489125.0,523550.0
2020-01-19,467982.0,495837.0
2020-01-20,553819.0,545733.0
2020-01-21,532870.0,572157.0
2020-01-22,551805.0,575829.0
2020-01-23,555015.0,560591.0
2020-01-24,557781.0,574453.0
2020-01-25,506452.0,530862.0
2020-01-26,489440.0,502722.0
2020-01-27,542584.0,560395.0
2020-01-28,561692.0,570769.0
2020-01-29,555970.0,561344.0
2020-01-30,556471.0,551829.0
2020-01-31,540150.0,549851.0
2020-02-01,496494.0,478394.0
2020-02-02,430883.0,452460.0
2020-02-03,494535.0,521005.0
2020-02-04,514588.0,540693.0
2020-02-05,530264.0,542580.0
2020-02-06,539100.0,544493.0
2020-02-07,532583.0,538658.0
2020-02-08,458134.0,494711.0
2020-02-09,467080.0,470773.0
2020-02-10,532706.0,534101.0
2020-02-11,524672.0,530127.0
2020-02-12,519381.0,529205.0
2020-02-13,509004.0,529386.0
2020-02-14,509869.0,532706.0
2020-02-15,461240.0,473721.0
2020-02-16,433494.0,451079.0
2020-02-17,508006.0,510141.0
2020-02-18,511020.0,522813.0
2020-02-19,510404.0,524208.0
2020-02-20,507392.0,524974.0
2020-02-21,497346.0,538321.0
2020-02-22,446443.0,478727.0
2020-02-23,436361.0,458814.0
2020-02-24,495335.0,504703.0
2020-02-25,506763.0,512270.0
2020-02-26,510912.0,535792.0
2020-02-27,511644.0,522209.0
2020-02-28,509731.0,535550.0
2020-02-29,463077.0,480357.0
2020-03-01,441254.0,453702.0
2020-03-02,487872.0,502760.0
2020-03-03,515881.0,522323.0
2020-03-04,517531.0,526075.0
2020-03-05,506852.0,512360.0
2020-03-06,520905.0,536117.0
2020-03-07,464149.0,478510.0
2020-03-08,436713.0,450752.0
2020-03-09,484815.0,500922.0
2020-03-10,497676.0,507445.0
2020-03-11,497536.0,520991.0
2020-03-12,497704.0,497144.0
2020-03-13,504329.0,518779.0
2020-03-14,460701.0,460042.0
2020-03-15,422944.0,419634.0
2020-03-16,479684.0,486326.0
2020-03-17,488558.0,496990.0
2020-03-18,482736.0,489995.0
2020-03-19,462039.0,485453.0
2020-03-20,454134.0,473800.0
2020-03-21,440833.0,448133.0
2020-03-22,432099.0,431595.0
2020-03-23,454388.0,504085.0
2020-03-24,497030.0,499985.0
2020-03-25,483004.0,510742.0
2020-03-26,478643.0,491102.0
2020-03-27,476335.0,460835.0
2020-03-28,423354.0,417166.0
2020-03-29,381850.0,380753.0
2020-03-30,455256.0,460579.0
2020-03-31,467877.0,457438.0
2020-04-01,454273.0,458551.0
2020-04-02,442639.0,457235.0
2020-04-03,444326.0,449706.0
2020-04-04,402999.0,405957.0
2020-04-05,374811.0,385691.0
2020-04-06,427946.0,427250.0
2020-04-07,415525.0,432818.0
2020-04-08,415525.0,428892.0
2020-04-09,415525.0,420729.0
2020-04-10,361424.0,369245.0
2020-04-11,361992.0,366852.0
2020-04-12,333450.0,344319.0
2020-04-13,333871.0,341433.0
2020-04-14,404446.0,416684.0
2020-04-15,411075.0,432450.0
2020-04-16,408193.0,426109.0
2020-04-17,400837.0,418337.0
2020-04-18,366618.0,381139.0
2020-04-19,377846.0,371733.0
2020-04-20,399622.0,409943.0
2020-04-21,404633.0,420735.0
2020-04-22,400356.0,426246.0
2020-04-23,399147.0,428902.0
2020-04-24,401104.0,422015.0
2020-04-25,365255.0,384327.0
2020-04-26,354809.0,366090.0
2020-04-27,386362.0,414679.0
2020-04-28,401233.0,422177.0
2020-04-29,407466.0,423505.0
2020-04-30,402226.0,410973.0
2020-05-01,355730.0,360634.0
2020-05-02,351516.0,354221.0
2020-05-03,351969.0,350732.0
2020-05-04,397228.0,404413.0
2020-05-05,390467.0,430597.0
2020-05-06,405028.0,428257.0
2020-05-07,404977.0,417597.0
2020-05-08,390917.0,412246.0
2020-05-09,363293.0,376618.0
2020-05-10,344420.0,362036.0
2020-05-11,392976.0,415635.0
2020-05-12,409045.0,436954.0
2020-05-13,410739.0,447748.0
2020-05-14,413823.0,434596.0
2020-05-15,407554.0,431482.0
2020-05-16,361249.0,382624.0
2020-05-17,345095.0,371837.0
2020-05-18,398478.0,413804.0
2020-05-19,410001.0,439601.0
2020-05-20,416233.0,440698.0
2020-05-21,412738.0,425426.0
2020-05-22,397053.0,416807.0
2020-05-23,364909.0,384889.0
2020-05-24,350095.0,368828.0
2020-05-25,405055.0,423734.0
2020-05-26,416233.0,433823.0
2020-05-27,416233.0,433480.0
2020-05-28,411809.0,433301.0
2020-05-29,405016.0,427794.0
2020-05-30,364605.0,379469.0
2020-05-31,339936.0,361545.0
2020-06-01,328491.0,345568.0
2020-06-02,390260.0,415132.0
2020-06-03,411867.0,434696.0
2020-06-04,411966.0,435390.0
2020-06-05,408105.0,443596.0
2020-06-06,359756.0,394639.0
2020-06-07,352779.0,377732.0
2020-06-08,404498.0,430649.0
2020-06-09,411644.0,442190.0
2020-06-10,411644.0,446723.0
2020-06-11,416562.0,447075.0
2020-06-12,421037.0,442536.0
2020-06-13,373049.0,402834.0
2020-06-14,357828.0,386556.0
2020-06-15,416406.0,443230.0
2020-06-16,418473.0,458660.0
2020-06-17,429609.0,463897.0
2020-06-18,435214.0,457549.0
2020-06-19,434356.0,444277.0
2020-06-20,384767.0,403754.0
2020-06-21,371571.0,386229.0
2020-06-22,426489.0,442332.0
2020-06-23,437731.0,447471.0
2020-06-24,431822.0,446694.0
2020-06-25,432092.0,456157.0
2020-06-26,426700.0,455530.0
2020-06-27,381876.0,412402.0
2020-06-28,366530.0,401637.0
2020-06-29,429991.0,466813.0
2020-06-30,437632.0,462745.0
2020-07-01,443815.0,488051.0
2020-07-02,455678.0,499850.0
2020-07-03,466541.0,482716.0
2020-07-04,427765.0,421189.0
2020-07-05,390064.0,401383.0
2020-07-06,449112.0,479004.0
2020-07-07,446208.0,456317.0
2020-07-08,453678.0,455949.0
2020-07-09,450398.0,474273.0
2020-07-10,462662.0,482063.0
2020-07-11,403672.0,428296.0
2020-07-12,386396.0,382483.0
2020-07-13,444318.0,439990.0
2020-07-14,436180.0,453940.0
2020-07-15,429924.0,459635.0
2020-07-16,435318.0,463670.0
2020-07-17,459557.0,456312.0
2020-07-18,410825.0,402103.0
2020-07-19,367010.0,383120.0
2020-07-20,422336.0,441552.0
2020-07-21,436960.0,465131.0
2020-07-22,442035.0,472688.0
2020-07-23,450240.0,470822.0
2020-07-24,448680.0,460635.0
2020-07-25,389377.0,417255.0
2020-07-26,366644.0,392416.0
2020-07-27,426147.0,452345.0
2020-07-28,446691.0,476995.0
2020-07-29,449340.0,490415.0
2020-07-30,477640.0,497480.0
2020-07-31,483649.0,484974.0
2020-08-01,424052.0,422065.0
2020-08-02,380248.0,394222.0
2020-08-03,461819.0,463768.0
2020-08-04,457535.0,476424.0
2020-08-05,458159.0,470257.0
2020-08-06,466219.0,473843.0
2020-08-07,460025.0,478365.0
2020-08-08,405772.0,436388.0
2020-08-09,378563.0,416464.0
2020-08-10,447543.0,478856.0
2020-08-11,460497.0,486818.0
2020-08-12,467183.0,481689.0
2020-08-13,480313.0,484194.0
2020-08-14,462154.0,475379.0
2020-08-15,418186.0,419889.0
2020-08-16,396854.0,392842.0
2020-08-17,451618.0,447243.0
2020-08-18,441788.0,451343.0
2020-08-19,423848.0,445681.0
2020-08-20,364485.0,361855.0
2020-08-21,370353.0,377814.0
2020-08-22,371278.0,383496.0
2020-08-23,371731.0,380792.0
2020-08-24,425764.0,441311.0
2020-08-25,427487.0,455943.0
2020-08-26,422800.0,463021.0
2020-08-27,425583.0,462138.0
2020-08-28,430490.0,463618.0
2020-08-29,403591.0,450074.0
2020-08-30,388051.0,420696.0
2020-08-31,442967.0,460233.0
2020-09-01,451080.0,458440.0
2020-09-02,448890.0,448366.0
2020-09-03,425128.0,453170.0
2020-09-04,443658.0,443866.0
2020-09-05,397570.0,411178.0
2020-09-06,379366.0,394396.0
2020-09-07,416492.0,454908.0
2020-09-08,434683.0,461301.0
2020-09-09,427080.0,469395.0
2020-09-10,446569.0,473289.0
2020-09-11,450848.0,471621.0
2020-09-12,394240.0,428603.0
2020-09-13,402684.0,404349.0
2020-09-14,438252.0,464835.0
2020-09-15,442141.0,482327.0
2020-09-16,464170.0,490132.0
2020-09-17,463624.0,490674.0
2020-09-18,456093.0,464758.0
2020-09-19,412512.0,418127.0
2020-09-20,384526.0,394753.0
2020-09-21,440638.0,454832.0
2020-09-22,454325.0,472090.0
2020-09-23,456743.0,483769.0
2020-09-24,469712.0,481205.0
2020-09-25,459953.0,480200.0
2020-09-26,411926.0,430438.0
2020-09-27,386281.0,396117.0
2020-09-28,437349.0,475896.0
2020-09-29,452714.0,492156.0
2020-09-30,468725.0,504789.0
2020-10-01,476821.0,500199.0
2020-10-02,472521.0,486661.0
2020-10-03,415549.0,442088.0
2020-10-04,377737.0,408907.0
2020-10-05,458404.0,469984.0
2020-10-06,462254.0,480840.0
2020-10-07,469454.0,499525.0
2020-10-08,470881.0,487739.0
2020-10-09,468318.0,483959.0
2020-10-10,422000.0,447152.0
2020-10-11,396253.0,434429.0
2020-10-12,469820.0,506063.0
2020-10-13,489929.0,529636.0
2020-10-14,496587.0,522316.0
2020-10-15,507361.0,524946.0
2020-10-16,493924.0,522337.0
2020-10-17,445436.0,481391.0
2020-10-18,412743.0,443711.0
2020-10-19,490755.0,507453.0
2020-10-20,495316.0,509865.0
2020-10-21,488371.0,518248.0
2020-10-22,488371.0,506719.0
2020-10-23,450707.0,432839.0
2020-10-24,429250.0,442599.0
2020-10-25,0.0,458349.0
2020-10-26,480616.0,494449.0
2020-10-27,487837.0,498631.0
2020-10-28,472548.0,506394.0
2020-10-29,483886.0,522275.0
2020-10-30,485633.0,513326.0
2020-10-31,425740.0,464324.0
2020-11-01,412014.0,418060.0
2020-11-02,479337.0,503677.0
2020-11-03,481524.0,514922.0
2020-11-04,500427.0,521789.0
2020-11-05,500427.0,524049.0
2020-11-06,498693.0,513332.0
2020-11-07,439202.0,475087.0
2020-11-08,417015.0,458889.0
2020-11-09,482615.0,519301.0
2020-11-10,491680.0,540908.0
2020-11-11,512374.0,546392.0
2020-11-12,524500.0,545265.0
2020-11-13,524107.0,537301.0
2020-11-14,462280.0,492343.0
2020-11-15,450377.0,465167.0
2020-11-16,510032.0,526569.0
2020-11-17,496650.0,528748.0
2020-11-18,495136.0,531614.0
2020-11-19,511706.0,536392.0
2020-11-20,513325.0,539863.0
2020-11-21,460024.0,491060.0
2020-11-22,440289.0,474488.0
2020-11-23,500733.0,544809.0
2020-11-24,524601.0,561891.0
2020-11-25,531028.0,566987.0
2020-11-26,541007.0,568558.0
2020-11-27,537604.0,565588.0
2020-11-28,491162.0,521409.0
2020-11-29,462496.0,486048.0
2020-11-30,532804.0,548234.0
2020-12-01,542107.0,566529.0
2020-12-02,542557.0,572144.0
2020-12-03,549365.0,577649.0
2020-12-04,548872.0,560545.0
2020-12-05,477631.0,499732.0
2020-12-06,460934.0,466916.0
2020-12-07,523529.0,537411.0
2020-12-08,546627.0,552717.0
2020-12-09,553317.0,548386.0
2020-12-10,551392.0,560220.0
2020-12-11,539908.0,555602.0
2020-12-12,493907.0,526562.0
2020-12-13,455005.0,485177.0
2020-12-14,521408.0,539112.0
2020-12-15,536801.0,553259.0
2020-12-16,536111.0,553553.0
2020-12-17,546230.0,547121.0
2020-12-18,535908.0,533538.0
2020-12-19,513675.0,493619.0
2020-12-20,471368.0,472366.0
2020-12-21,515082.0,500519.0
2020-12-22,465609.0,500425.0
2020-12-23,450149.0,470851.0
2020-12-24,398565.0,422851.0
2020-12-25,381026.0,392009.0
2020-12-26,379517.0,398391.0
2020-12-27,399569.0,432332.0
2020-12-28,431483.0,448892.0
2020-12-29,440962.0,435958.0
2020-12-30,429322.0,442671.0
2020-12-31,415419.0,427474.0
2021-01-01,378564.0,392259.0
2021-01-02,416503.0,419573.0
2021-01-03,391902.0,430074.0
2021-01-04,476577.0,498093.0
2021-01-05,503302.0,523925.0
2021-01-06,510803.0,535519.0
2021-01-07,522690.0,531483.0
2021-01-08,507710.0,543599.0
2021-01-09,468039.0,496364.0
2021-01-10,441046.0,487862.0
2021-01-11,507035.0,542679.0
2021-01-12,526490.0,564737.0
2021-01-13,543690.0,557695.0
2021-01-14,537752.0,564299.0
2021-01-15,539791.0,565610.0
2021-01-16,500748.0,522454.0
2021-01-17,486834.0,507530.0
2021-01-18,537855.0,571882.0
2021-01-19,562545.0,580849.0
2021-01-20,544004.0,556084.0
2021-01-21,550520.0,542338.0
2021-01-22,542571.0,536701.0
2021-01-23,490796.0,488750.0
2021-01-24,496111.0,465125.0
2021-01-25,520238.0,535196.0
2021-01-26,537992.0,549281.0
2021-01-27,527149.0,552826.0
2021-01-28,529819.0,561791.0
2021-01-29,537685.0,559068.0
2021-01-30,500246.0,495660.0
2021-01-31,469475.0,484508.0
2021-02-01,535193.0,544325.0
2021-02-02,540501.0,565344.0
2021-02-03,540501.0,562255.0
2021-02-04,538934.0,528811.0
2021-02-05,524088.0,536975.0
2021-02-06,478247.0,497607.0
2021-02-07,458846.0,481297.0
2021-02-08,537912.0,547373.0
2021-02-09,548299.0,565380.0
2021-02-10,551673.0,569740.0
2021-02-11,551504.0,588179.0
2021-02-12,553851.0,583117.0
2021-02-13,503307.0,537378.0
2021-02-14,489381.0,506494.0
2021-02-15,550610.0,554902.0
2021-02-16,559811.0,579894.0
2021-02-17,565365.0,573943.0
2021-02-18,547271.0,538913.0
2021-02-19,526738.0,548589.0
2021-02-20,473879.0,507236.0
2021-02-21,457998.0,474444.0
2021-02-22,517869.0,515464.0
2021-02-23,512325.0,527526.0
2021-02-24,508252.0,527744.0
2021-02-25,506023.0,517659.0
2021-02-26,506561.0,510384.0
2021-02-27,491873.0,471633.0
2021-02-28,443405.0,445177.0
2021-03-01,492348.0,503504.0
2021-03-02,498769.0,516711.0
2021-03-03,503026.0,513864.0
2021-03-04,499859.0,523312.0
2021-03-05,503429.0,526995.0
2021-03-06,455969.0,477395.0
2021-03-07,428693.0,452229.0
2021-03-08,488576.0,509289.0
2021-03-09,498819.0,527882.0
2021-03-10,501229.0,532251.0
2021-03-11,510397.0,537280.0
2021-03-12,498565.0,518610.0
2021-03-13,447260.0,459097.0
2021-03-14,440313.0,442571.0
2021-03-15,404718.0,425798.0
2021-03-16,483261.0,498828.0
2021-03-17,504493.0,518785.0
2021-03-18,503343.0,530116.0
2021-03-19,507032.0,522643.0
2021-03-20,457071.0,484217.0
2021-03-21,425612.0,453871.0
2021-03-22,491266.0,521498.0
2021-03-23,511303.0,529500.0
2021-03-24,511838.0,527393.0
2021-03-25,512174.0,514104.0
2021-03-26,497681.0,497981.0
2021-03-27,447477.0,450570.0
2021-03-28,412323.0,409468.0
2021-03-29,472591.0,481954.0
2021-03-30,472430.0,490331.0
2021-03-31,472430.0,481293.0
2021-04-01,468798.0,463639.0
2021-04-02,398653.0,398575.0
2021-04-03,390854.0,401009.0
2021-04-04,356936.0,382886.0
2021-04-05,352791.0,373678.0
2021-04-06,426031.0,484658.0
2021-04-07,483136.0,505782.0
2021-04-08,482447.0,520761.0
2021-04-09,496415.0,498514.0
2021-04-10,429307.0,444237.0
2021-04-11,401085.0,426838.0
2021-04-12,461704.0,470613.0
2021-04-13,480977.0,521091.0
2021-04-14,493122.0,521565.0
2021-04-15,492912.0,515677.0
2021-04-16,482679.0,514883.0
2021-04-17,435594.0,462833.0
2021-04-18,409090.0,443687.0
2021-04-19,477618.0,501182.0
2021-04-20,490660.0,499492.0
2021-04-21,486689.0,485832.0
2021-04-22,483521.0,488040.0
2021-04-23,470473.0,477839.0
2021-04-24,416343.0,432367.0
2021-04-25,398033.0,412618.0
2021-04-26,453610.0,474949.0
2021-04-27,468663.0,480919.0
2021-04-28,468377.0,486115.0
2021-04-29,472596.0,485445.0
2021-04-30,463654.0,464650.0
2021-05-01,415949.0,390652.0
2021-05-02,384839.0,390391.0
2021-05-03,454634.0,453225.0
2021-05-04,469944.0,464905.0
2021-05-05,448795.0,472663.0
2021-05-06,443975.0,479729.0
2021-05-07,448002.0,497255.0
2021-05-08,381358.0,420270.0
2021-05-09,367543.0,394672.0
2021-05-10,439212.0,445940.0
2021-05-11,439914.0,457270.0
2021-05-12,444667.0,470029.0
2021-05-13,444697.0,476473.0
2021-05-14,458460.0,470605.0
2021-05-15,399831.0,418600.0
2021-05-16,375057.0,399822.0
2021-05-17,426920.0,467749.0
2021-05-18,435805.0,464102.0
2021-05-19,456073.0,476561.0
2021-05-20,448589.0,485132.0
2021-05-21,437492.0,458229.0
2021-05-22,400285.0,429079.0
2021-05-23,384762.0,391429.0
2021-05-24,371642.0,378637.0
2021-05-25,444783.0,460368.0
2021-05-26,430152.0,459182.0
2021-05-27,434927.0,463494.0
2021-05-28,436615.0,455317.0
2021-05-29,395038.0,418531.0
2021-05-30,365533.0,395202.0
2021-05-31,429197.0,453571.0
2021-06-01,438835.0,456256.0
2021-06-02,433995.0,460034.0
2021-06-03,441135.0,456967.0
2021-06-04,434873.0,459348.0
2021-06-05,398932.0,411069.0
2021-06-06,373060.0,387139.0
2021-06-07,430857.0,450094.0
2021-06-08,442216.0,469468.0
2021-06-09,439060.0,476298.0
2021-06-10,448599.0,476981.0
2021-06-11,450261.0,469656.0
2021-06-12,401533.0,426695.0
2021-06-13,370943.0,391509.0
2021-06-14,432686.0,449809.0
2021-06-15,438580.0,463939.0
2021-06-16,437041.0,477411.0
2021-06-17,454484.0,488833.0
2021-06-18,456444.0,492799.0
2021-06-19,412671.0,450330.0
2021-06-20,393717.0,431452.0
2021-06-21,461084.0,513733.0
2021-06-22,488776.0,535950.0
2021-06-23,510802.0,549805.0
2021-06-24,527064.0,562366.0
2021-06-25,524481.0,537023.0
2021-06-26,480924.0,459852.0
2021-06-27,425622.0,434506.0
2021-06-28,487650.0,513616.0
2021-06-29,519563.0,540916.0
2021-06-30,520063.0,532773.0
2021-07-01,517967.0,494551.0
2021-07-02,479456.0,481928.0
2021-07-03,443646.0,426919.0
2021-07-04,390539.0,411213.0
2021-07-05,468918.0,481951.0
2021-07-06,504152.0,511678.0
2021-07-07,501946.0,535594.0
2021-07-08,526178.0,551976.0
2021-07-09,511939.0,534349.0
2021-07-10,431215.0,448997.0
2021-07-11,411450.0,433634.0
2021-07-12,497190.0,500732.0
2021-07-13,509261.0,534674.0
2021-07-14,529242.0,547061.0
2021-07-15,512354.0,521958.0
2021-07-16,513961.0,511047.0
2021-07-17,432326.0,457054.0
2021-07-18,411513.0,430615.0
2021-07-19,467702.0,488579.0
2021-07-20,498672.0,477621.0
2021-07-21,503712.0,473392.0
2021-07-22,507724.0,475519.0
2021-07-23,467122.0,473339.0
2021-07-24,414784.0,431469.0
2021-07-25,394424.0,419773.0
2021-07-26,460179.0,500493.0
2021-07-27,479057.0,516381.0
2021-07-28,506901.0,526892.0
2021-07-29,506679.0,507429.0
2021-07-30,486780.0,506780.0
2021-07-31,442052.0,454409.0
2021-08-01,410644.0,422544.0
2021-08-02,466146.0,451577.0
2021-08-03,434559.0,467025.0
2021-08-04,443014.0,471671.0
2021-08-05,470618.0,481581.0
2021-08-06,453385.0,455591.0
2021-08-07,414338.0,416260.0
2021-08-08,406597.0,408763.0
2021-08-09,435394.0,460213.0
2021-08-10,448777.0,480367.0
2021-08-11,448982.0,490098.0
2021-08-12,462304.0,484727.0
2021-08-13,464501.0,483736.0
2021-08-14,397083.0,449873.0
2021-08-15,407493.0,444796.0
2021-08-16,465670.0,499021.0
2021-08-17,465317.0,472453.0
2021-08-18,439485.0,450429.0
2021-08-19,432705.0,444494.0
2021-08-20,340462.0,380763.0
2021-08-21,357216.0,385996.0
2021-08-22,351469.0,391643.0
2021-08-23,426304.0,465163.0
2021-08-24,455724.0,467444.0
2021-08-25,443092.0,458083.0
2021-08-26,447347.0,461973.0
2021-08-27,452304.0,466575.0
2021-08-28,418237.0,412714.0
2021-08-29,383221.0,386736.0
2021-08-30,447827.0,440598.0
2021-08-31,447347.0,460015.0
2021-09-01,436238.0,459655.0
2021-09-02,435406.0,455467.0
2021-09-03,431489.0,449597.0
2021-09-04,393717.0,399397.0
2021-09-05,365714.0,374605.0
2021-09-06,412878.0,430722.0
2021-09-07,430132.0,457871.0
2021-09-08,430132.0,455923.0
2021-09-09,430132.0,454839.0
2021-09-10,428889.0,452570.0
2021-09-11,376773.0,407993.0
2021-09-12,352413.0,387038.0
2021-09-13,408935.0,449439.0
2021-09-14,433739.0,464514.0
2021-09-15,434492.0,471235.0
2021-09-16,435283.0,478810.0
2021-09-17,456945.0,473182.0
2021-09-18,387753.0,413180.0
2021-09-19,364225.0,386360.0
2021-09-20,443421.0,460006.0
2021-09-21,442491.0,469066.0
2021-09-22,455241.0,491608.0
2021-09-23,457097.0,475432.0
2021-09-24,446706.0,478478.0
2021-09-25,397513.0,427294.0
2021-09-26,363309.0,404898.0
2021-09-27,433037.0,476963.0
2021-09-28,454698.0,486111.0
2021-09-29,455849.0,500674.0
2021-09-30,472929.0,502724.0
2021-10-01,465743.0,483167.0
2021-10-02,405092.0,429968.0
2021-10-03,385600.0,406937.0
2021-10-04,455993.0,465780.0
2021-10-05,460446.0,477016.0
2021-10-06,480216.0,507891.0
2021-10-07,481427.0,500021.0
2021-10-08,471426.0,483481.0
2021-10-09,410132.0,435615.0
2021-10-10,408450.0,433667.0
2021-10-11,475257.0,493380.0
2021-10-12,474751.0,500999.0
2021-10-13,480379.0,513687.0
2021-10-14,487321.0,511792.0
2021-10-15,471988.0,501495.0
2021-10-16,430742.0,457279.0
2021-10-17,407942.0,430567.0
2021-10-18,480245.0,504024.0
2021-10-19,494928.0,516631.0
2021-10-20,497802.0,514848.0
2021-10-21,493724.0,519080.0
2021-10-22,512167.0,507207.0
2021-10-23,419220.0,428364.0
2021-10-24,416719.0,427377.0
2021-10-25,480538.0,497235.0
2021-10-26,498045.0,517569.0
2021-10-27,496387.0,518592.0
2021-10-28,499245.0,517090.0
2021-10-29,491231.0,512373.0
2021-10-30,413577.0,461659.0
2021-10-31,412980.0,447680.0
2021-11-01,403242.0,418996.0
2021-11-02,486554.0,516382.0
2021-11-03,504339.0,524238.0
2021-11-04,508926.0,532175.0
2021-11-05,512591.0,525887.0
2021-11-06,453966.0,469303.0
2021-11-07,440393.0,456544.0
2021-11-08,509581.0,519191.0
2021-11-09,518294.0,527471.0
2021-11-10,516744.0,541890.0
2021-11-11,516443.0,543096.0
2021-11-12,513215.0,539084.0
2021-11-13,469134.0,514344.0
2021-11-14,459152.0,473761.0
2021-11-15,511198.0,523432.0
2021-11-16,525107.0,540699.0
2021-11-17,525107.0,548616.0
2021-11-18,517264.0,546882.0
2021-11-19,526072.0,545921.0
2021-11-20,496937.0,485933.0
2021-11-21,458472.0,473405.0
2021-11-22,527846.0,536702.0
2021-11-23,533925.0,543563.0
2021-11-24,532375.0,557315.0
2021-11-25,531951.0,569844.0
2021-11-26,549710.0,564537.0
2021-11-27,466356.0,513882.0
2021-11-28,464459.0,485687.0
2021-11-29,515216.0,549224.0
2021-11-30,541724.0,563937.0
2021-12-01,541631.0,559759.0
2021-12-02,558106.0,564507.0
2021-12-03,538595.0,560028.0
2021-12-04,491811.0,530350.0
2021-12-05,483961.0,510921.0
2021-12-06,547992.0,570451.0
2021-12-07,566060.0,581014.0
2021-12-08,561510.0,581166.0
2021-12-09,568259.0,602710.0
2021-12-10,577103.0,592407.0
2021-12-11,531485.0,560651.0
2021-12-12,490568.0,524272.0
2021-12-13,553632.0,575508.0
2021-12-14,564184.0,589975.0
2021-12-15,572471.0,588326.0
2021-12-16,565466.0,576000.0
2021-12-17,554732.0,557024.0
2021-12-18,499527.0,511520.0
2021-12-19,473736.0,496098.0
2021-12-20,505936.0,531337.0
2021-12-21,503924.0,542212.0
2021-12-22,516293.0,549584.0
2021-12-23,520853.0,542426.0
2021-12-24,516703.0,475045.0
2021-12-25,0.0,429265.0
2021-12-26,447431.0,446403.0
2021-12-27,469175.0,491427.0
2021-12-28,465434.0,506447.0
2021-12-29,478313.0,496052.0
2021-12-30,450152.0,488318.0
2021-12-31,422923.0,449252.0
2022-01-01,465929.0,403953.0
2022-01-02,420726.0,432621.0
2022-01-03,463317.0,506866.0
2022-01-04,505995.0,521499.0
2022-01-05,505995.0,532643.0
2022-01-06,516428.0,544333.0
2022-01-07,525236.0,545513.0
2022-01-08,498330.0,529878.0
2022-01-09,499783.0,509162.0
2022-01-10,543257.0,562388.0
2022-01-11,548075.0,583320.0
2022-01-12,566383.0,589763.0
2022-01-13,573194.0,595999.0
2022-01-14,571759.0,575735.0
2022-01-15,515167.0,523019.0
2022-01-16,491648.0,518599.0
2022-01-17,551564.0,581321.0
2022-01-18,569864.0,573880.0
2022-01-19,560930.0,583070.0
2022-01-20,581382.0,603318.0
2022-01-21,563734.0,586690.0
2022-01-22,516012.0,541336.0
2022-01-23,525453.0,521116.0
2022-01-24,560806.0,582221.0
2022-01-25,575725.0,616387.0
2022-01-26,580783.0,604708.0
2022-01-27,589778.0,593585.0
2022-01-28,573155.0,574317.0
2022-01-29,523925.0,526379.0
2022-01-30,483468.0,487554.0
2022-01-31,552229.0,567245.0
2022-02-01,576896.0,574842.0
2022-02-02,564919.0,580769.0
2022-02-03,567469.0,564875.0
2022-02-04,554682.0,561907.0
2022-02-05,492986.0,514895.0
2022-02-06,465093.0,497085.0
2022-02-07,538046.0,556579.0
2022-02-08,557840.0,553392.0
2022-02-09,545943.0,542440.0
2022-02-10,512116.0,544900.0
2022-02-11,528621.0,548311.0
2022-02-12,494574.0,495468.0
2022-02-13,468506.0,483513.0
2022-02-14,531918.0,544807.0
2022-02-15,532675.0,545742.0
2022-02-16,523401.0,550808.0
2022-02-17,530753.0,547376.0
2022-02-18,530298.0,532516.0
2022-02-19,503804.0,502923.0
2022-02-20,465707.0,468624.0
2022-02-21,532733.0,547660.0
2022-02-22,508884.0,534982.0
2022-02-23,514703.0,544983.0
2022-02-24,525577.0,533182.0
2022-02-25,528514.0,537881.0
2022-02-26,481388.0,491640.0
2022-02-27,450328.0,471148.0
2022-02-28,512786.0,549187.0
2022-03-01,526719.0,543528.0
2022-03-02,517812.0,545963.0
2022-03-03,523846.0,547037.0
2022-03-04,518890.0,555667.0
2022-03-05,489292.0,512865.0
2022-03-06,467162.0,476231.0
2022-03-07,534529.0,561395.0
2022-03-08,540466.0,553073.0
2022-03-09,535111.0,558251.0
2022-03-10,537332.0,546221.0
2022-03-11,524267.0,540379.0
2022-03-12,476922.0,492593.0
2022-03-13,454649.0,458289.0
2022-03-14,453907.0,448184.0
2022-03-15,423465.0,433821.0
2022-03-16,512641.0,524775.0
2022-03-17,509714.0,527492.0
2022-03-18,512315.0,530273.0
2022-03-19,464739.0,482410.0
2022-03-20,435131.0,460228.0
2022-03-21,529516.0,508924.0
2022-03-22,505225.0,509745.0
2022-03-23,495953.0,504151.0
2022-03-24,487885.0,498987.0
2022-03-25,487436.0,490337.0
2022-03-26,470983.0,458704.0
2022-03-27,410307.0,404732.0
2022-03-28,487134.0,474507.0
2022-03-29,490767.0,488090.0
2022-03-30,484959.0,504403.0
2022-03-31,502229.0,526876.0
2022-04-01,498127.0,519256.0
2022-04-02,448187.0,484798.0
2022-04-03,431742.0,461096.0
2022-04-04,476272.0,508095.0
2022-04-05,481189.0,521958.0
2022-04-06,485455.0,499880.0
2022-04-07,488714.0,508890.0
2022-04-08,506984.0,493578.0
2022-04-09,475243.0,474998.0
2022-04-10,432637.0,426605.0
2022-04-11,458373.0,485575.0
2022-04-12,470274.0,489612.0
2022-04-13,473490.0,480345.0
2022-04-14,456319.0,466500.0
2022-04-15,404620.0,407660.0
2022-04-16,406881.0,413234.0
2022-04-17,387038.0,372140.0
2022-04-18,369377.0,379540.0
2022-04-19,469427.0,480427.0
2022-04-20,463146.0,491885.0
2022-04-21,469766.0,484002.0
2022-04-22,500894.0,515640.0
2022-04-23,441759.0,461709.0
2022-04-24,427412.0,418455.0
2022-04-25,475211.0,464733.0
2022-04-26,452559.0,467778.0
2022-04-27,469618.0,496949.0
2022-04-28,457995.0,486738.0
2022-04-29,456221.0,457731.0
2022-04-30,417278.0,411246.0
2022-05-01,398013.0,369959.0
2022-05-02,430169.0,442494.0
2022-05-03,439459.0,459480.0
2022-05-04,442294.0,462727.0
2022-05-05,437086.0,460046.0
2022-05-06,442894.0,465219.0
2022-05-07,394400.0,419382.0
2022-05-08,375057.0,392528.0
2022-05-09,426920.0,449465.0
2022-05-10,435805.0,458093.0
2022-05-11,440089.0,466556.0
2022-05-12,435386.0,473610.0
2022-05-13,444590.0,473176.0
2022-05-14,392462.0,406120.0
2022-05-15,349157.0,384702.0
2022-05-16,425608.0,451666.0
2022-05-17,456496.0,481673.0
2022-05-18,439149.0,446942.0
2022-05-19,435920.0,449099.0
2022-05-20,429953.0,455001.0
2022-05-21,400669.0,418054.0
2022-05-22,372919.0,385586.0
2022-05-23,432591.0,448668.0
2022-05-24,452784.0,460436.0
2022-05-25,444618.0,463017.0
2022-05-26,433051.0,460891.0
2022-05-27,440471.0,460247.0
2022-05-28,420156.0,415976.0
2022-05-29,402057.0,395146.0
2022-05-30,447599.0,443627.0
2022-05-31,441533.0,461712.0
2022-06-01,436835.0,464058.0
2022-06-02,438400.0,464434.0
2022-06-03,440809.0,461720.0
2022-06-04,389306.0,426281.0
2022-06-05,355793.0,369880.0
2022-06-06,340465.0,361221.0
2022-06-07,426895.0,454483.0
2022-06-08,443443.0,482849.0
2022-06-09,447585.0,483669.0
2022-06-10,466994.0,470245.0
2022-06-11,401419.0,419191.0
2022-06-12,345201.0,391189.0
2022-06-13,428655.0,460512.0
2022-06-14,462995.0,456843.0
2022-06-15,441650.0,461218.0
2022-06-16,440071.0,470293.0
2022-06-17,455356.0,462409.0
2022-06-18,404085.0,413344.0
2022-06-19,371982.0,397653.0
2022-06-20,430477.0,480439.0
2022-06-21,454749.0,475127.0
2022-06-22,463643.0,471448.0
2022-06-23,461320.0,477795.0
2022-06-24,460921.0,472857.0
2022-06-25,411757.0,430080.0
2022-06-26,381807.0,409621.0
2022-06-27,464705.0,494796.0
2022-06-28,494809.0,523502.0
2022-06-29,508405.0,537492.0
2022-06-30,529937.0,541967.0
2022-07-01,509840.0,547392.0
2022-07-02,443749.0,455797.0
2022-07-03,419309.0,437940.0
2022-07-04,497718.0,513257.0
2022-07-05,509404.0,512790.0
2022-07-06,496261.0,487453.0
2022-07-07,461064.0,482167.0
2022-07-08,472288.0,470226.0
2022-07-09,398979.0,412167.0
2022-07-10,374019.0,388776.0
2022-07-11,452007.0,441435.0
2022-07-12,457653.0,457717.0
2022-07-13,439723.0,462399.0
2022-07-14,456162.0,489551.0
2022-07-15,461822.0,480448.0
2022-07-16,399395.0,408670.0
2022-07-17,368823.0,376252.0
2022-07-18,424353.0,438253.0
2022-07-19,447055.0,462666.0
2022-07-20,474780.0,483011.0
2022-07-21,474780.0,496802.0
2022-07-22,472617.0,503098.0
2022-07-23,439011.0,458776.0
2022-07-24,422177.0,418020.0
2022-07-25,472977.0,464312.0
2022-07-26,461163.0,475483.0
2022-07-27,463026.0,462708.0
2022-07-28,451754.0,469422.0
2022-07-29,453441.0,475290.0
2022-07-30,434614.0,417884.0
2022-07-31,377015.0,373707.0
2022-08-01,426760.0,425681.0
2022-08-02,440421.0,446909.0
2022-08-03,425733.0,454095.0
2022-08-04,440313.0,459962.0
2022-08-05,449341.0,466221.0
2022-08-06,392546.0,422805.0
2022-08-07,365922.0,386616.0
2022-08-08,420707.0,435265.0
2022-08-09,435398.0,444168.0
2022-08-10,426250.0,434405.0
2022-08-11,412986.0,435409.0
2022-08-12,414674.0,430769.0
2022-08-13,402439.0,395448.0
2022-08-14,361407.0,376736.0
2022-08-15,402856.0,444129.0
2022-08-16,427275.0,463082.0
2022-08-17,435776.0,468256.0
2022-08-18,447929.0,480263.0
2022-08-19,448149.0,473257.0
2022-08-20,385150.0,386928.0
2022-08-21,382449.0,386925.0
2022-08-22,434231.0,445380.0
2022-08-23,448068.0,454988.0
2022-08-24,448068.0,465235.0
2022-08-25,437013.0,470797.0
2022-08-26,433485.0,470801.0
2022-08-27,382960.0,422737.0
2022-08-28,374735.0,399322.0
2022-08-29,408713.0,459437.0
2022-08-30,423030.0,468862.0
2022-08-31,444277.0,466701.0
2022-09-01,461361.0,460740.0
2022-09-02,450689.0,452008.0
2022-09-03,386096.0,392168.0
2022-09-04,352596.0,384251.0
2022-09-05,417413.0,435613.0
2022-09-06,439989.0,452487.0
2022-09-07,436014.0,457241.0
2022-09-08,450788.0,463200.0
2022-09-09,432376.0,453017.0
2022-09-10,379744.0,406216.0
2022-09-11,356691.0,378081.0
2022-09-12,411460.0,425771.0
2022-09-13,423616.0,434326.0
2022-09-14,450031.0,457536.0
2022-09-15,443351.0,464115.0
2022-09-16,439449.0,459030.0
2022-09-17,398393.0,420188.0
2022-09-18,377449.0,379686.0
2022-09-19,399945.0,448401.0
2022-09-20,422613.0,454570.0
2022-09-21,439232.0,452470.0
2022-09-22,432527.0,455883.0
2022-09-23,435570.0,455051.0
2022-09-24,391578.0,419302.0
2022-09-25,396189.0,416751.0
2022-09-26,445916.0,467344.0
2022-09-27,454640.0,477202.0
2022-09-28,436062.0,451596.0
2022-09-29,447128.0,468692.0
2022-09-30,441901.0,465829.0
2022-10-01,415625.0,427308.0
2022-10-02,379379.0,388735.0
2022-10-03,412828.0,437440.0
2022-10-04,426870.0,461005.0
2022-10-05,430471.0,457238.0
2022-10-06,427420.0,458425.0
2022-10-07,428331.0,445447.0
2022-10-08,397540.0,411920.0
2022-10-09,363490.0,386369.0
2022-10-10,414454.0,437493.0
2022-10-11,437696.0,460298.0
2022-10-12,449721.0,464576.0
2022-10-13,434337.0,454301.0
2022-10-14,434335.0,457408.0
2022-10-15,391681.0,433398.0
2022-10-16,364718.0,390305.0
2022-10-17,419926.0,434357.0
2022-10-18,435234.0,449564.0
2022-10-19,435234.0,457023.0
2022-10-20,439682.0,460749.0
2022-10-21,442617.0,476450.0
2022-10-22,421403.0,434259.0
2022-10-23,381704.0,387928.0
2022-10-24,421110.0,457780.0
2022-10-25,468913.0,477722.0
2022-10-26,456347.0,473995.0
2022-10-27,445319.0,476862.0
2022-10-28,464955.0,480527.0
2022-10-29,426533.0,433078.0
2022-10-30,400673.0,418347.0
2022-10-31,388767.0,401363.0
2022-11-01,386189.0,378740.0
2022-11-02,445806.0,448915.0
2022-11-03,457782.0,473359.0
2022-11-04,453142.0,482994.0
2022-11-05,417122.0,448589.0
2022-11-06,389449.0,420641.0
2022-11-07,449174.0,477906.0
2022-11-08,454267.0,488090.0
2022-11-09,462985.0,499945.0
2022-11-10,473453.0,496647.0
2022-11-11,467769.0,483072.0
2022-11-12,412512.0,443582.0
2022-11-13,403525.0,422908.0
2022-11-14,457165.0,482470.0
2022-11-15,480152.0,505516.0
2022-11-16,493708.0,508945.0
2022-11-17,478886.0,501076.0
2022-11-18,491076.0,516304.0
2022-11-19,437349.0,473020.0
2022-11-20,419388.0,456491.0
2022-11-21,471011.0,515576.0
2022-11-22,498791.0,531223.0
2022-11-23,498791.0,539747.0
2022-11-24,510029.0,535247.0
2022-11-25,493094.0,515918.0
2022-11-26,454717.0,483412.0
2022-11-27,437450.0,456255.0
2022-11-28,494798.0,517133.0
2022-11-29,505216.0,539584.0
2022-11-30,511585.0,540726.0
2022-12-01,513399.0,533348.0
2022-12-02,510272.0,546861.0
2022-12-03,467143.0,487444.0
2022-12-04,436033.0,459387.0
2022-12-05,507877.0,519852.0
2022-12-06,519012.0,531407.0
2022-12-07,516547.0,538850.0
2022-12-08,525385.0,547691.0
2022-12-09,529291.0,544344.0
2022-12-10,474823.0,490064.0
2022-12-11,452022.0,478271.0
2022-12-12,498307.0,541350.0
2022-12-13,510591.0,557140.0
2022-12-14,539619.0,576187.0
2022-12-15,544859.0,562265.0
2022-12-16,541450.0,537350.0
2022-12-17,472037.0,498775.0
2022-12-18,462628.0,477755.0
2022-12-19,531955.0,530405.0
2022-12-20,511817.0,530373.0
2022-12-21,515353.0,524568.0
2022-12-22,513415.0,499563.0
2022-12-23,476901.0,469790.0
2022-12-24,430406.0,416736.0
2022-12-25,380418.0,378543.0
2022-12-26,365545.0,382038.0
2022-12-27,424743.0,411208.0
2022-12-28,382043.0,433084.0
2022-12-29,407476.0,445584.0
2022-12-30,422147.0,445257.0
2022-12-31,402961.0,418432.0
2023-01-01,370187.0,373634.0
2023-01-02,449969.0,443457.0
2023-01-03,434465.0,476890.0
2023-01-04,434867.0,478189.0
2023-01-05,450199.0,494894.0
2023-01-06,461964.0,487171.0
2023-01-07,432870.0,455295.0
2023-01-08,435640.0,448286.0
2023-01-09,510985.0,510408.0
2023-01-10,517303.0,528233.0
2023-01-11,507065.0,515748.0
2023-01-12,502064.0,524143.0
2023-01-13,495480.0,529552.0
2023-01-14,447480.0,472443.0
2023-01-15,442806.0,458933.0
2023-01-16,509778.0,526930.0
2023-01-17,508347.0,524860.0
2023-01-18,512933.0,524956.0
2023-01-19,517667.0,545383.0
2023-01-20,522306.0,554100.0
2023-01-21,469347.0,506658.0
2023-01-22,461324.0,475242.0
2023-01-23,507877.0,517134.0
2023-01-24,505986.0,526577.0
2023-01-25,506355.0,550059.0
2023-01-26,517983.0,552376.0
2023-01-27,526236.0,556210.0
2023-01-28,493826.0,506397.0
2023-01-29,459905.0,489148.0
2023-01-30,502668.0,546661.0
2023-01-31,510706.0,538478.0
2023-02-01,520687.0,541666.0
2023-02-02,513700.0,536408.0
2023-02-03,526842.0,561562.0
2023-02-04,477472.0,497545.0
2023-02-05,471839.0,480834.0
2023-02-06,512414.0,547372.0
2023-02-07,529780.0,564151.0
2023-02-08,539402.0,558492.0
2023-02-09,545745.0,559424.0
2023-02-10,533986.0,554665.0
2023-02-11,493233.0,513014.0
2023-02-12,466341.0,468358.0
2023-02-13,518667.0,524808.0
2023-02-14,532064.0,535584.0
2023-02-15,514297.0,528411.0
2023-02-16,510659.0,533757.0
2023-02-17,523730.0,533265.0
2023-02-18,470544.0,468293.0
2023-02-19,442826.0,442073.0
2023-02-20,482909.0,498618.0
2023-02-21,478412.0,482319.0
2023-02-22,477746.0,496160.0
2023-02-23,500059.0,504544.0
2023-02-24,483530.0,495891.0
2023-02-25,463325.0,463939.0
2023-02-26,436053.0,459978.0
2023-02-27,488200.0,518591.0
2023-02-28,484486.0,530678.0
2023-03-01,490121.0,518906.0
2023-03-02,489791.0,506213.0
2023-03-03,494776.0,506275.0
2023-03-04,422114.0,450747.0
2023-03-05,428251.0,462193.0
2023-03-06,492642.0,518987.0
2023-03-07,501808.0,528601.0
2023-03-08,482966.0,509921.0
2023-03-09,488925.0,508374.0
2023-03-10,471631.0,487790.0
2023-03-11,433762.0,459976.0
2023-03-12,421025.0,427340.0
2023-03-13,467005.0,473239.0
2023-03-14,455696.0,478717.0
2023-03-15,421826.0,441974.0
2023-03-16,441028.0,468206.0
2023-03-17,449906.0,479121.0
2023-03-18,416923.0,436584.0
2023-03-19,406302.0,411429.0
2023-03-20,466110.0,465570.0
2023-03-21,443883.0,468285.0
2023-03-22,447170.0,470195.0
2023-03-23,447030.0,461409.0
2023-03-24,440597.0,454469.0
2023-03-25,424690.0,431300.0
2023-03-26,373148.0,381092.0
2023-03-27,458608.0,490611.0
2023-03-28,458932.0,484682.0
2023-03-29,463249.0,488853.0
2023-03-30,467581.0,492358.0
2023-03-31,452219.0,458570.0
2023-04-01,406347.0,417060.0
2023-04-02,380191.0,396019.0
2023-04-03,448653.0,461185.0
2023-04-04,467956.0,493546.0
2023-04-05,466065.0,481368.0
2023-04-06,468223.0,500666.0
2023-04-07,397970.0,448148.0
2023-04-08,401809.0,436909.0
2023-04-09,391895.0,389876.0
2023-04-10,361799.0,369086.0
2023-04-11,437176.0,442340.0
2023-04-12,447114.0,455295.0
2023-04-13,445831.0,473453.0
2023-04-14,467918.0,500645.0
2023-04-15,402398.0,439756.0
2023-04-16,380321.0,410411.0
2023-04-17,447801.0,457086.0
2023-04-18,452949.0,466791.0
2023-04-19,452733.0,457771.0
2023-04-20,428836.0,446614.0
2023-04-21,426267.0,439628.0
2023-04-22,398644.0,393077.0
2023-04-23,374751.0,364808.0
2023-04-24,435788.0,454497.0
2023-04-25,429585.0,461889.0
2023-04-26,421564.0,452178.0
2023-04-27,428860.0,447860.0
2023-04-28,427406.0,435852.0
2023-04-29,386463.0,399534.0
2023-04-30,346152.0,363955.0
2023-05-01,304842.0,336102.0
2023-05-02,405641.0,418114.0
2023-05-03,434398.0,449975.0
2023-05-04,408172.0,444648.0
2023-05-05,405234.0,428257.0
2023-05-06,368324.0,393642.0
2023-05-07,341588.0,369505.0
2023-05-08,373109.0,409588.0
2023-05-09,414269.0,429645.0
2023-05-10,401585.0,436366.0
2023-05-11,422109.0,439238.0
2023-05-12,427110.0,470969.0
2023-05-13,376588.0,413378.0
2023-05-14,370459.0,409699.0
2023-05-15,416124.0,449112.0
2023-05-16,435802.0,478497.0
2023-05-17,445384.0,468550.0
2023-05-18,448984.0,482059.0
2023-05-19,413275.0,430637.0
2023-05-20,355927.0,374650.0
2023-05-21,324375.0,353842.0
2023-05-22,368865.0,409110.0
2023-05-23,386725.0,427950.0
2023-05-24,406158.0,428744.0
2023-05-25,400536.0,423390.0
2023-05-26,397259.0,411506.0
2023-05-27,352314.0,371446.0
2023-05-28,327378.0,321791.0
2023-05-29,324708.0,336579.0
2023-05-30,385881.0,409329.0
2023-05-31,388620.0,419190.0
2023-06-01,393501.0,423087.0
2023-06-02,387796.0,427944.0
2023-06-03,341558.0,368934.0
2023-06-04,315605.0,360050.0
2023-06-05,386041.0,420357.0
2023-06-06,412708.0,461094.0
2023-06-07,411978.0,449175.0
2023-06-08,415403.0,443052.0
2023-06-09,414288.0,437043.0
2023-06-10,359565.0,383138.0
2023-06-11,341278.0,361784.0
2023-06-12,383361.0,394531.0
2023-06-13,403229.0,416416.0
2023-06-14,402924.0,429461.0
2023-06-15,413038.0,423933.0
2023-06-16,410034.0,429676.0
2023-06-17,351768.0,376680.0
2023-06-18,333333.0,354824.0
2023-06-19,366550.0,421525.0
2023-06-20,394545.0,407471.0
2023-06-21,399098.0,471365.0
2023-06-22,426598.0,479905.0
2023-06-23,413603.0,484790.0
2023-06-24,380913.0,397648.0
2023-06-25,356903.0,380102.0
2023-06-26,422521.0,437285.0
2023-06-27,438442.0,471390.0
2023-06-28,443736.0,436946.0
2023-06-29,408193.0,434121.0
2023-06-30,404605.0,433310.0
2023-07-01,365272.0,398639.0
2023-07-02,354779.0,380007.0
2023-07-03,416046.0,435379.0
2023-07-04,440322.0,464013.0
2023-07-05,416251.0,457434.0
2023-07-06,422735.0,457087.0
2023-07-07,428634.0,443553.0
2023-07-08,367478.0,391884.0
2023-07-09,348339.0,383390.0
2023-07-10,418232.0,459750.0
2023-07-11,435477.0,477247.0
2023-07-12,452541.0,490806.0
2023-07-13,469284.0,471798.0
2023-07-14,441163.0,454813.0
2023-07-15,398392.0,421565.0
2023-07-16,396864.0,421339.0
2023-07-17,468393.0,494315.0
2023-07-18,467689.0,487833.0
2023-07-19,474215.0,485237.0
2023-07-20,457104.0,467319.0
2023-07-21,446997.0,455973.0
2023-07-22,390252.0,382408.0
2023-07-23,369259.0,371652.0
2023-07-24,440345.0,446331.0
2023-07-25,457667.0,459096.0
2023-07-26,433532.0,425640.0
2023-07-27,411452.0,393598.0
2023-07-28,415728.0,403515.0
2023-07-29,380654.0,375842.0
2023-07-30,361444.0,368466.0
2023-07-31,398477.0,388344.0
2023-08-01,419157.0,414207.0
2023-08-02,408645.0,403061.0
2023-08-03,423521.0,429499.0
2023-08-04,428937.0,422052.0
2023-08-05,380346.0,392017.0
2023-08-06,351721.0,368797.0
2023-08-07,378319.0,386604.0
2023-08-08,386177.0,393994.0
2023-08-09,396454.0,410802.0
2023-08-10,397491.0,401597.0
2023-08-11,388392.0,397745.0
2023-08-12,345898.0,361465.0
2023-08-13,337965.0,348875.0
2023-08-14,402185.0,411511.0
2023-08-15,426103.0,438674.0
2023-08-16,428010.0,448339.0
2023-08-17,426276.0,449939.0
2023-08-18,430935.0,449447.0
2023-08-19,389037.0,410164.0
2023-08-20,362689.0,380856.0
2023-08-21,451551.0,465584.0
2023-08-22,473007.0,498545.0
2023-08-23,482457.0,510859.0
2023-08-24,481673.0,499931.0
2023-08-25,484146.0,494201.0
2023-08-26,449057.0,455224.0
2023-08-27,423784.0,436611.0
2023-08-28,486188.0,498175.0
2023-08-29,480166.0,490348.0
2023-08-30,454668.0,459103.0
2023-08-31,443934.0,449014.0
2023-09-01,431742.0,439140.0
2023-09-02,392476.0,396325.0
2023-09-03,377425.0,394181.0
2023-09-04,413633.0,420304.0
2023-09-05,434503.0,433538.0
2023-09-06,434648.0,441385.0
2023-09-07,435237.0,441709.0
2023-09-08,433752.0,439730.0
2023-09-09,390110.0,396152.0
2023-09-10,376782.0,382857.0
2023-09-11,432097.0,439572.0
2023-09-12,442890.0,457941.0
2023-09-13,453787.0,465673.0
2023-09-14,458233.0,468023.0
2023-09-15,441769.0,453388.0
2023-09-16,394774.0,406797.0
2023-09-17,375966.0,383952.0
2023-09-18,430703.0,436344.0
2023-09-19,447475.0,460353.0
2023-09-20,437189.0,442030.0
2023-09-21,450215.0,454609.0
2023-09-22,445595.0,454730.0
2023-09-23,414582.0,418763.0
2023-09-24,390681.0,400504.0
2023-09-25,432310.0,430951.0
2023-09-26,441272.0,442214.0
2023-09-27,437368.0,438674.0
2023-09-28,437040.0,436492.0
2023-09-29,430109.0,431457.0
2023-09-30,390130.0,396602.0
2023-10-01,366074.0,367844.0
2023-10-02,417124.0,416168.0
2023-10-03,427192.0,430598.0
2023-10-04,436224.0,441558.0
2023-10-05,430660.0,438013.0
2023-10-06,424040.0,433475.0
2023-10-07,383537.0,396559.0
2023-10-08,375998.0,395505.0
2023-10-09,427550.0,449580.0
2023-10-10,446890.0,465844.0
2023-10-11,443202.0,456240.0
2023-10-12,441934.0,451175.0
2023-10-13,442963.0,457771.0
2023-10-14,397726.0,402638.0
2023-10-15,400642.0,420842.0
2023-10-16,429439.0,445443.0
2023-10-17,452239.0,473733.0
2023-10-18,453549.0,478724.0
2023-10-19,478859.0,503153.0
2023-10-20,473390.0,486458.0
2023-10-21,431172.0,441331.0
2023-10-22,395648.0,398003.0
2023-10-23,366627.0,374645.0
2023-10-24,426884.0,463404.0
2023-10-25,456796.0,475608.0
2023-10-26,465487.0,477526.0
2023-10-27,479921.0,500229.0
2023-10-28,418524.0,433915.0
2023-10-29,407201.0,423488.0
2023-10-30,441442.0,461999.0
2023-10-31,466023.0,487812.0
2023-11-01,374334.0,388705.0
2023-11-02,444450.0,449542.0
2023-11-03,476860.0,500179.0
2023-11-04,422991.0,445375.0
2023-11-05,418596.0,446656.0
2023-11-06,456371.0,475780.0
2023-11-07,477879.0,503661.0
2023-11-08,480421.0,498333.0
2023-11-09,478978.0,500959.0
2023-11-10,493601.0,527542.0
2023-11-11,452973.0,490509.0
2023-11-12,422422.0,446037.0
2023-11-13,488488.0,517003.0
2023-11-14,502227.0,526716.0
2023-11-15,494664.0,517153.0
2023-11-16,489982.0,507138.0
2023-11-17,509263.0,535515.0
2023-11-18,461743.0,485387.0
2023-11-19,452399.0,485753.0
2023-11-20,496800.0,532418.0
2023-11-21,513462.0,549410.0
2023-11-22,513349.0,539182.0
2023-11-23,524357.0,556616.0
2023-11-24,523846.0,555400.0
2023-11-25,483958.0,510217.0
2023-11-26,473505.0,501081.0
2023-11-27,540588.0,567953.0
2023-11-28,546301.0,578553.0
2023-11-29,543849.0,570603.0
2023-11-30,569662.0,605131.0
2023-12-01,549391.0,590668.0
2023-12-02,498943.0,531901.0
2023-12-03,491450.0,514199.0
2023-12-04,556555.0,576998.0
2023-12-05,577985.0,607414.0
2023-12-06,576050.0,608178.0
2023-12-07,581347.0,606769.0
2023-12-08,569672.0,594632.0
2023-12-09,527654.0,548919.0
2023-12-10,513042.0,534588.0
2023-12-11,555557.0,579100.0
2023-12-12,548229.0,563506.0
2023-12-13,563247.0,580157.0
2023-12-14,549055.0,572726.0
2023-12-15,546756.0,560795.0
2023-12-16,502203.0,512329.0
2023-12-17,478426.0,499730.0
2023-12-18,511998.0,544028.0
2023-12-19,521809.0,571464.0
2023-12-20,529354.0,565411.0
2023-12-21,517385.0,536392.0
2023-12-22,500355.0,502495.0
2023-12-23,462683.0,501761.0
2023-12-24,425584.0,459077.0
2023-12-25,397051.0,418007.0
2023-12-26,395755.0,405959.0
2023-12-27,425438.0,430333.0
2023-12-28,437131.0,441494.0
2023-12-29,431782.0,452955.0
2023-12-30,420884.0,453048.0
2023-12-31,412133.0,447844.0
2024-01-01,401227.0,415616.0
2024-01-02,459681.0,486012.0
2024-01-03,489728.0,504324.0
2024-01-04,494956.0,507527.0
2024-01-05,506224.0,516108.0
2024-01-06,480603.0,500622.0
2024-01-07,470885.0,497290.0
2024-01-08,538319.0,575938.0
2024-01-09,560840.0,589888.0
2024-01-10,566170.0,589932.0
2024-01-11,574873.0,597734.0
2024-01-12,571071.0,597264.0
2024-01-13,533306.0,551041.0
2024-01-14,507994.0,525977.0
2024-01-15,564064.0,579821.0
2024-01-16,569846.0,580594.0
2024-01-17,580903.0,612601.0
2024-01-18,557025.0,586897.0
2024-01-19,570666.0,599831.0
2024-01-20,521085.0,530833.0
2024-01-21,501566.0,514327.0
2024-01-22,560678.0,596412.0
2024-01-23,572900.0,592783.0
2024-01-24,581931.0,604047.0
2024-01-25,550190.0,563509.0
2024-01-26,543012.0,546736.0
2024-01-27,500559.0,502393.0
2024-01-28,475009.0,474061.0
2024-01-29,533907.0,539942.0
2024-01-30,553629.0,564282.0
2024-01-31,559207.0,578363.0
2024-02-01,565421.0,579848.0
2024-02-02,536652.0,552770.0
2024-02-03,494607.0,492249.0
2024-02-04,460336.0,465476.0
2024-02-05,515519.0,512535.0
2024-02-06,508932.0,504151.0
2024-02-07,510481.0,505994.0
2024-02-08,513910.0,505206.0
2024-02-09,509225.0,518619.0
2024-02-10,453654.0,449821.0
2024-02-11,443994.0,451393.0
2024-02-12,493614.0,505032.0
2024-02-13,496646.0,509073.0
2024-02-14,496727.0,512250.0
2024-02-15,503909.0,530954.0
2024-02-16,488380.0,502452.0
2024-02-17,453058.0,472852.0
2024-02-18,427811.0,441166.0
2024-02-19,509153.0,531092.0
2024-02-20,495184.0,514664.0
2024-02-21,496278.0,521678.0
2024-02-22,499751.0,528907.0
2024-02-23,505286.0,534639.0
2024-02-24,448888.0,466370.0
2024-02-25,418711.0,440278.0
2024-02-26,474946.0,480483.0
2024-02-27,479780.0,491889.0
2024-02-28,476285.0,491436.0
2024-02-29,474949.0,496278.0
2024-03-01,488701.0,506241.0
2024-03-02,437770.0,468567.0
2024-03-03,409570.0,417192.0
2024-03-04,458269.0,460446.0
2024-03-05,474552.0,474589.0
2024-03-06,480694.0,487793.0
2024-03-07,509650.0,533631.0
2024-03-08,494445.0,529580.0
2024-03-09,434257.0,461247.0
2024-03-10,414846.0,443242.0
2024-03-11,486387.0,508133.0
2024-03-12,491793.0,511579.0
2024-03-13,485233.0,505041.0
2024-03-14,470792.0,484976.0
2024-03-15,391205.0,405356.0
2024-03-16,441045.0,430847.0
2024-03-17,405264.0,407328.0
2024-03-18,460121.0,472274.0
2024-03-19,479574.0,495066.0
2024-03-20,474486.0,488854.0
2024-03-21,467863.0,482270.0
2024-03-22,464798.0,486226.0
2024-03-23,417168.0,443381.0
2024-03-24,402667.0,425291.0
2024-03-25,453195.0,473923.0
2024-03-26,459189.0,465876.0
2024-03-27,466265.0,474600.0
2024-03-28,471260.0,463031.0
2024-03-29,395373.0,393201.0
2024-03-30,367801.0,371011.0
2024-03-31,330014.0,334375.0
2024-04-01,335197.0,333681.0
2024-04-02,432959.0,433991.0
2024-04-03,442999.0,438122.0
2024-04-04,440365.0,447500.0
2024-04-05,426160.0,434620.0
2024-04-06,387304.0,402997.0
2024-04-07,356840.0,369837.0
2024-04-08,407037.0,415981.0
2024-04-09,415937.0,432159.0
2024-04-10,425489.0,434840.0
2024-04-11,419738.0,431269.0
2024-04-12,413184.0,420594.0
2024-04-13,372687.0,377244.0
2024-04-14,354349.0,365842.0
2024-04-15,406526.0,422317.0
2024-04-16,451822.0,481638.0
2024-04-17,433504.0,460607.0
2024-04-18,425920.0,461434.0
2024-04-19,417892.0,445773.0
2024-04-20,395644.0,421044.0
2024-04-21,378080.0,393541.0
2024-04-22,441360.0,471603.0
2024-04-23,445763.0,492733.0
2024-04-24,476214.0,509919.0
2024-04-25,435303.0,471833.0
2024-04-26,430608.0,467941.0
2024-04-27,386735.0,399830.0
2024-04-28,358850.0,369610.0
2024-04-29,407077.0,407712.0
2024-04-30,416495.0,409408.0
2024-05-01,336292.0,349197.0
2024-05-02,404174.0,417095.0
2024-05-03,434564.0,441802.0
2024-05-04,368419.0,379200.0
2024-05-05,350203.0,357608.0
2024-05-06,399727.0,408410.0
2024-05-07,417140.0,435077.0
2024-05-08,428365.0,454498.0
2024-05-09,409967.0,433070.0
2024-05-10,403375.0,426444.0
2024-05-11,367982.0,390634.0
2024-05-12,347902.0,365700.0
2024-05-13,388948.0,410062.0
2024-05-14,405246.0,424626.0
2024-05-15,410710.0,432003.0
2024-05-16,422542.0,435068.0
2024-05-17,439578.0,459701.0
2024-05-18,371860.0,384319.0
2024-05-19,331798.0,347928.0
2024-05-20,329838.0,347286.0
2024-05-21,409074.0,418526.0
2024-05-22,429506.0,439266.0
2024-05-23,419786.0,435553.0
2024-05-24,427182.0,445628.0
2024-05-25,367373.0,387180.0
2024-05-26,348099.0,369123.0
2024-05-27,395159.0,417664.0
2024-05-28,408703.0,425924.0
2024-05-29,411869.0,428141.0
2024-05-30,416050.0,433063.0
2024-05-31,424464.0,446140.0
2024-06-01,373035.0,393054.0
2024-06-02,350597.0,367882.0
2024-06-03,414568.0,441763.0
2024-06-04,434360.0,442431.0
2024-06-05,417302.0,436823.0
2024-06-06,423748.0,442046.0
2024-06-07,435318.0,452171.0
2024-06-08,389183.0,404505.0
2024-06-09,379047.0,389323.0
2024-06-10,436923.0,465253.0
2024-06-11,436368.0,458271.0
2024-06-12,436439.0,457113.0
2024-06-13,428340.0,446982.0
2024-06-14,414547.0,422000.0
2024-06-15,373593.0,380567.0
2024-06-16,362977.0,377659.0
2024-06-17,417222.0,434139.0
2024-06-18,447510.0,467993.0
2024-06-19,472716.0,484716.0
2024-06-20,487055.0,495460.0
2024-06-21,488940.0,495807.0
2024-06-22,443052.0,450666.0
2024-06-23,394334.0,407896.0
2024-06-24,434483.0,449566.0
2024-06-25,455252.0,467652.0
2024-06-26,471886.0,484058.0
2024-06-27,466351.0,477111.0
2024-06-28,455945.0,474840.0
2024-06-29,418756.0,438465.0
2024-06-30,411838.0,433904.0
2024-07-01,460091.0,469413.0
2024-07-02,447728.0,459148.0
2024-07-03,429393.0,448609.0
2024-07-04,425976.0,434932.0
2024-07-05,426606.0,439761.0
2024-07-06,395491.0,413050.0
2024-07-07,392609.0,411556.0
2024-07-08,461021.0,495838.0
2024-07-09,484254.0,519216.0
2024-07-10,502849.0,540063.0
2024-07-11,508637.0,545223.0
2024-07-12,511075.0,538964.0
2024-07-13,465324.0,478794.0
2024-07-14,443584.0,466982.0
2024-07-15,504702.0,530949.0
2024-07-16,526474.0,558726.0
2024-07-17,519176.0,540762.0
2024-07-18,506660.0,515445.0
2024-07-19,488957.0,501670.0
2024-07-20,440676.0,438746.0
2024-07-21,398010.0,406976.0
2024-07-22,459831.0,468746.0
2024-07-23,469791.0,481604.0
2024-07-24,456403.0,462221.0
2024-07-25,436390.0,433738.0
2024-07-26,426411.0,421795.0
2024-07-27,396285.0,395396.0
2024-07-28,391972.0,393833.0
2024-07-29,422402.0,410612.0
2024-07-30,412979.0,418042.0
2024-07-31,427696.0,427592.0
2024-08-01,447004.0,447271.0
2024-08-02,449769.0,450151.0
2024-08-03,387440.0,385702.0
2024-08-04,355896.0,353912.0
2024-08-05,410773.0,418131.0
2024-08-06,405573.0,413647.0
2024-08-07,417529.0,425406.0
2024-08-08,434690.0,450269.0
2024-08-09,426193.0,428796.0
2024-08-10,389184.0,394031.0
2024-08-11,387719.0,397452.0
2024-08-12,450648.0,467589.0
2024-08-13,477671.0,493596.0
2024-08-14,472654.0,498854.0
2024-08-15,486140.0,506426.0
2024-08-16,489391.0,511263.0
2024-08-17,446517.0,458537.0
2024-08-18,424229.0,416097.0
2024-08-19,401230.0,416340.0
2024-08-20,388708.0,401852.0
2024-08-21,448590.0,454629.0
2024-08-22,443610.0,454583.0
2024-08-23,450481.0,452496.0
2024-08-24,418701.0,434409.0
2024-08-25,412289.0,429739.0
2024-08-26,467835.0,494735.0
2024-08-27,480899.0,504411.0
2024-08-28,481664.0,515426.0
2024-08-29,483907.0,510764.0
2024-08-30,480795.0,506529.0
2024-08-31,434093.0,463465.0
2024-09-01,413777.0,442367.0
2024-09-02,464529.0,492683.0
2024-09-03,478822.0,507807.0
2024-09-04,478913.0,510756.0
2024-09-05,467782.0,490187.0
2024-09-06,462907.0,485305.0
2024-09-07,421495.0,440580.0
2024-09-08,404344.0,419417.0
2024-09-09,468650.0,480710.0
2024-09-10,458042.0,468769.0
2024-09-11,434481.0,456208.0
2024-09-12,436124.0,456878.0
2024-09-13,460705.0,481880.0
2024-09-14,416869.0,442322.0
2024-09-15,403619.0,425738.0
2024-09-16,459529.0,485193.0
2024-09-17,446605.0,465866.0
2024-09-18,441891.0,457352.0
2024-09-19,436603.0,448696.0
2024-09-20,430121.0,444938.0
2024-09-21,383112.0,393853.0
2024-09-22,364541.0,375403.0
2024-09-23,413028.0,418103.0
2024-09-24,439711.0,449372.0
2024-09-25,445726.0,462462.0
2024-09-26,443064.0,458847.0
2024-09-27,443641.0,472531.0
2024-09-28,414009.0,438651.0
2024-09-29,382533.0,399653.0
2024-09-30,418212.0,433281.0
2024-10-01,435528.0,450108.0
2024-10-02,480135.0,506802.0
2024-10-03,495074.0,512978.0
2024-10-04,492113.0,513709.0
2024-10-05,426123.0,454242.0
2024-10-06,406192.0,434509.0
2024-10-07,440113.0,453167.0
2024-10-08,454370.0,465873.0
2024-10-09,474430.0,484708.0
2024-10-10,461374.0,472314.0
2024-10-11,455573.0,462218.0
2024-10-12,408310.0,417689.0
2024-10-13,393454.0,418685.0
2024-10-14,438219.0,455512.0
2024-10-15,461277.0,484082.0
2024-10-16,459170.0,483173.0
2024-10-17,473642.0,497849.0
2024-10-18,461129.0,474676.0
2024-10-19,422815.0,434794.0
2024-10-20,406383.0,416723.0
2024-10-21,458161.0,468997.0
2024-10-22,469610.0,475390.0
2024-10-23,395796.0,415618.0
2024-10-24,452301.0,464688.0
2024-10-25,468702.0,480623.0
2024-10-26,420224.0,451061.0
2024-10-27,416852.0,427925.0
2024-10-28,451670.0,466304.0
2024-10-29,462308.0,476959.0
2024-10-30,476297.0,481638.0
2024-10-31,467465.0,483791.0
2024-11-01,385355.0,407319.0
2024-11-02,401634.0,420314.0
2024-11-03,410667.0,430738.0
2024-11-04,471688.0,493124.0
2024-11-05,490230.0,512283.0
2024-11-06,498273.0,526725.0
2024-11-07,505327.0,524402.0
2024-11-08,508096.0,526886.0
2024-11-09,468571.0,483101.0
2024-11-10,461560.0,495392.0
2024-11-11,529358.0,567520.0
2024-11-12,551603.0,588006.0
2024-11-13,555564.0,591343.0
2024-11-14,548545.0,579520.0
2024-11-15,536208.0,562172.0
2024-11-16,487398.0,521734.0
2024-11-17,480323.0,515806.0
2024-11-18,544849.0,560318.0
2024-11-19,555734.0,568037.0
2024-11-20,560920.0,579323.0
2024-11-21,550261.0,559882.0
2024-11-22,576537.0,599208.0
2024-11-23,520189.0,542431.0
2024-11-24,499479.0,520692.0
2024-11-25,539392.0,555390.0
2024-11-26,551887.0,577660.0
2024-11-27,552583.0,574584.0
2024-11-28,559598.0,581157.0
2024-11-29,542910.0,565594.0
2024-11-30,494293.0,502312.0
2024-12-01,472597.0,483769.0
2024-12-02,541226.0,564001.0
2024-12-03,570222.0,580944.0
2024-12-04,564696.0,577389.0
2024-12-05,568869.0,574183.0
2024-12-06,580313.0,598158.0
2024-12-07,540547.0,553029.0
2024-12-08,498015.0,511834.0
2024-12-09,560481.0,573515.0
2024-12-10,569512.0,584292.0
2024-12-11,578034.0,595325.0
2024-12-12,573692.0,571891.0
2024-12-13,575412.0,584852.0
2024-12-14,548766.0,559293.0
2024-12-15,500992.0,513190.0
2024-12-16,538446.0,543150.0
2024-12-17,525933.0,535198.0
2024-12-18,528721.0,534228.0
2024-12-19,527363.0,527517.0
2024-12-20,519738.0,524059.0
2024-12-21,462590.0,483872.0
2024-12-22,470291.0,496159.0
2024-12-23,504074.0,517322.0
2024-12-24,455188.0,472253.0
2024-12-25,416157.0,425227.0
2024-12-26,423388.0,429619.0
2024-12-27,451752.0,460241.0
2024-12-28,443828.0,468549.0
2024-12-29,444573.0,488860.0
2024-12-30,462855.0,513690.0
2024-12-31,464858.0,517574.0
