Date,Day-ahead Total Load Forecast [MW] - BZN|NL,Actual Total Load [MW] - BZN|NL
2019-01-01,1434126.0,1152871.0
2019-01-02,1479923.0,1348063.0
2019-01-03,1517050.0,1380013.0
2019-01-04,1502355.0,1398242.0
2019-01-05,1272967.0,1279949.0
2019-01-06,1282973.0,1229899.0
2019-01-07,1426603.0,1413310.0
2019-01-08,1255227.0,1419192.0
2019-01-09,1385951.0,1422401.0
2019-01-10,1491433.0,1444188.0
2019-01-11,1454656.0,1424324.0
2019-01-12,1238321.0,1291569.0
2019-01-13,1271491.0,1233843.0
2019-01-14,1393122.0,1403845.0
2019-01-15,1188079.0,1423509.0
2019-01-16,1348374.0,1425411.0
2019-01-17,1529056.0,1440380.0
2019-01-18,1452870.0,1427686.0
2019-01-19,1231874.0,1291710.0
2019-01-20,1205137.0,1236942.0
2019-01-21,1410947.0,1436219.0
2019-01-22,1301468.0,1481905.0
2019-01-23,1394991.0,1474331.0
2019-01-24,1497458.0,1481702.0
2019-01-25,1494361.0,1472073.0
2019-01-26,1274738.0,1291115.0
2019-01-27,1226669.0,1235693.0
2019-01-28,1488397.0,1421396.0
2019-01-29,1431937.0,1431075.0
2019-01-30,1487828.0,1476490.0
2019-01-31,1526958.0,1476906.0
2019-02-01,1524552.0,1471431.0
2019-02-02,1261472.0,1323408.0
2019-02-03,1176885.0,1216305.0
2019-02-04,1462271.0,1459544.0
2019-02-05,1493289.0,1469181.0
2019-02-06,1551990.0,1480061.0
2019-02-07,1559680.0,1438845.0
2019-02-08,1534943.0,1455332.0
2019-02-09,1316648.0,1284532.0
2019-02-10,1225293.0,1258092.0
2019-02-11,1453466.0,1404419.0
2019-02-12,1528335.0,1410700.0
2019-02-13,1543366.0,1425185.0
2019-02-14,1482146.0,1368706.0
2019-02-15,1480128.0,1343224.0
2019-02-16,1229694.0,1208623.0
2019-02-17,1195751.0,1149055.0
2019-02-18,1395688.0,1326809.0
2019-02-19,1483977.0,1375603.0
2019-02-20,1499693.0,1358044.0
2019-02-21,1428910.0,1394838.0
2019-02-22,1408133.0,1377796.0
2019-02-23,1218107.0,1185884.0
2019-02-24,1185136.0,1136816.0
2019-02-25,1398554.0,1305990.0
2019-02-26,1437899.0,1302609.0
2019-02-27,1458710.0,1301088.0
2019-02-28,1438262.0,1360092.0
2019-03-01,1449259.0,1384084.0
2019-03-02,1153205.0,1218780.0
2019-03-03,1162360.0,1216022.0
2019-03-04,1395334.0,1347185.0
2019-03-05,1402742.0,1334348.0
2019-03-06,1401008.0,1390290.0
2019-03-07,1417626.0,1372736.0
2019-03-08,1440399.0,1346916.0
2019-03-09,1195355.0,1242802.0
2019-03-10,1146524.0,1218352.0
2019-03-11,1401363.0,1380479.0
2019-03-12,1400270.0,1411146.0
2019-03-13,1114132.0,1425584.0
2019-03-14,1413937.0,1415216.0
2019-03-15,1129967.0,1386514.0
2019-03-16,872456.0,1266422.0
2019-03-17,848822.0,1161049.0
2019-03-18,954861.0,1319173.0
2019-03-19,1012962.0,1316044.0
2019-03-20,1075919.0,1355372.0
2019-03-21,1077255.0,1340329.0
2019-03-22,1086916.0,1286001.0
2019-03-23,877068.0,1197984.0
2019-03-24,823993.0,1100118.0
2019-03-25,956984.0,1314523.0
2019-03-26,1015450.0,1322275.0
2019-03-27,1127722.0,1301430.0
2019-03-28,1123157.0,1326941.0
2019-03-29,1097513.0,1243117.0
2019-03-30,891973.0,1104206.0
2019-03-31,802071.0,1031373.0
2019-04-01,955707.0,1229274.0
2019-04-02,1047941.0,1290425.0
2019-04-03,1163402.0,1305021.0
2019-04-04,1173842.0,1323806.0
2019-04-05,1110230.0,1275771.0
2019-04-06,910987.0,1145466.0
2019-04-07,802150.0,1043970.0
2019-04-08,945145.0,1218915.0
2019-04-09,1058413.0,1231610.0
2019-04-10,1126077.0,1223762.0
2019-04-11,1146154.0,1235380.0
2019-04-12,1065545.0,1259886.0
2019-04-13,914226.0,1129781.0
2019-04-14,806033.0,1063035.0
2019-04-15,931662.0,1215404.0
2019-04-16,1002013.0,1232007.0
2019-04-17,1042732.0,1270578.0
2019-04-18,1078470.0,1229807.0
2019-04-19,1037712.0,1196503.0
2019-04-20,857302.0,1073065.0
2019-04-21,776932.0,997826.0
2019-04-22,924968.0,1040754.0
2019-04-23,948979.0,1214730.0
2019-04-24,980937.0,1253050.0
2019-04-25,974891.0,1261587.0
2019-04-26,1008757.0,1234808.0
2019-04-27,840328.0,1105939.0
2019-04-28,885826.0,1086206.0
2019-04-29,868740.0,1216614.0
2019-04-30,905240.0,1259557.0
2019-05-01,951881.0,1262554.0
2019-05-02,941923.0,1273538.0
2019-05-03,1015032.0,1251263.0
2019-05-04,803447.0,1115292.0
2019-05-05,788809.0,1072548.0
2019-05-06,872509.0,1268615.0
2019-05-07,948381.0,1253626.0
2019-05-08,1010954.0,1289060.0
2019-05-09,1036349.0,1237356.0
2019-05-10,1015528.0,1233559.0
2019-05-11,782736.0,1068348.0
2019-05-12,784946.0,1027050.0
2019-05-13,903872.0,1170393.0
2019-05-14,980316.0,1182599.0
2019-05-15,1065306.0,1174671.0
2019-05-16,1037003.0,1198469.0
2019-05-17,1020447.0,1233711.0
2019-05-18,765658.0,1050261.0
2019-05-19,775282.0,1021122.0
2019-05-20,949827.0,1223116.0
2019-05-21,983839.0,1250605.0
2019-05-22,1020270.0,1187574.0
2019-05-23,1007514.0,1177759.0
2019-05-24,1033619.0,1170360.0
2019-05-25,770830.0,1060235.0
2019-05-26,743837.0,1035561.0
2019-05-27,945208.0,1176405.0
2019-05-28,951647.0,1188971.0
2019-05-29,1000804.0,1151582.0
2019-05-30,981646.0,1069704.0
2019-05-31,1006408.0,1105083.0
2019-06-01,804594.0,1030589.0
2019-06-02,748190.0,1006193.0
2019-06-03,921310.0,1202468.0
2019-06-04,935889.0,1212002.0
2019-06-05,913821.0,1242338.0
2019-06-06,868393.0,1208694.0
2019-06-07,965572.0,1201887.0
2019-06-08,819417.0,1090454.0
2019-06-09,757226.0,963527.0
2019-06-10,951751.0,1027827.0
2019-06-11,964211.0,1184482.0
2019-06-12,957893.0,1251831.0
2019-06-13,885427.0,1207116.0
2019-06-14,891637.0,1190635.0
2019-06-15,781886.0,1090810.0
2019-06-16,746670.0,998779.0
2019-06-17,891478.0,1173646.0
2019-06-18,964997.0,1200766.0
2019-06-19,993093.0,1251763.0
2019-06-20,937414.0,1222631.0
2019-06-21,946566.0,1177312.0
2019-06-22,786339.0,1038870.0
2019-06-23,745842.0,1023495.0
2019-06-24,899402.0,1246392.0
2019-06-25,957915.0,1304525.0
2019-06-26,1010127.0,1282873.0
2019-06-27,984011.0,1209287.0
2019-06-28,971232.0,1190059.0
2019-06-29,768873.0,1083176.0
2019-06-30,753154.0,1059030.0
2019-07-01,894721.0,1218515.0
2019-07-02,976005.0,1207414.0
2019-07-03,1039225.0,1212201.0
2019-07-04,992000.0,1207313.0
2019-07-05,962486.0,1221129.0
2019-07-06,818831.0,1110040.0
2019-07-07,788451.0,1027007.0
2019-07-08,960875.0,1207286.0
2019-07-09,993525.0,1182993.0
2019-07-10,1049847.0,1248455.0
2019-07-11,1017942.0,1247976.0
2019-07-12,1000717.0,1254807.0
2019-07-13,830951.0,1099983.0
2019-07-14,810623.0,1033097.0
2019-07-15,973791.0,1205525.0
2019-07-16,1005359.0,1224930.0
2019-07-17,1147002.0,1205432.0
2019-07-18,1046830.0,1233944.0
2019-07-19,1041006.0,1211156.0
2019-07-20,867095.0,1112634.0
2019-07-21,819441.0,1011106.0
2019-07-22,976765.0,1190878.0
2019-07-23,996779.0,1239033.0
2019-07-24,1052788.0,1278074.0
2019-07-25,1048367.0,1300466.0
2019-07-26,1047478.0,1290613.0
2019-07-27,878462.0,1134043.0
2019-07-28,805424.0,1075246.0
2019-07-29,967391.0,1089054.0
2019-07-30,1010524.0,1197087.0
2019-07-31,1071565.0,1210411.0
2019-08-01,1091885.0,1195883.0
2019-08-02,1072696.0,1199337.0
2019-08-03,882949.0,1076621.0
2019-08-04,822774.0,1010897.0
2019-08-05,964562.0,1175924.0
2019-08-06,1009891.0,1183519.0
2019-08-07,1042068.0,1175082.0
2019-08-08,1069522.0,1171585.0
2019-08-09,1039993.0,1236076.0
2019-08-10,885946.0,1089793.0
2019-08-11,821980.0,1028839.0
2019-08-12,950208.0,1177189.0
2019-08-13,986163.0,1184700.0
2019-08-14,1013717.0,1173146.0
2019-08-15,1034676.0,1218717.0
2019-08-16,1057254.0,1182702.0
2019-08-17,849770.0,1116305.0
2019-08-18,817491.0,1055065.0
2019-08-19,943383.0,1180837.0
2019-08-20,928817.0,1197171.0
2019-08-21,922651.0,1189324.0
2019-08-22,957956.0,1199448.0
2019-08-23,1045509.0,1201049.0
2019-08-24,847263.0,1074339.0
2019-08-25,821340.0,1046231.0
2019-08-26,936373.0,1271125.0
2019-08-27,942801.0,1314802.0
2019-08-28,950056.0,1316539.0
2019-08-29,978337.0,1282872.0
2019-08-30,1059589.0,1218360.0
2019-08-31,859743.0,1091535.0
2019-09-01,848216.0,1044874.0
2019-09-02,993812.0,1185077.0
2019-09-03,1016949.0,1254696.0
2019-09-04,1095230.0,1263502.0
2019-09-05,1090237.0,1232293.0
2019-09-06,1060766.0,1224940.0
2019-09-07,916296.0,1095403.0
2019-09-08,888131.0,1040554.0
2019-09-09,1023510.0,1190252.0
2019-09-10,1084269.0,1206819.0
2019-09-11,1115262.0,1283735.0
2019-09-12,1077462.0,1241547.0
2019-09-13,1058011.0,1236673.0
2019-09-14,917971.0,1059319.0
2019-09-15,882022.0,1034889.0
2019-09-16,1052242.0,1264280.0
2019-09-17,1098372.0,1240098.0
2019-09-18,1114584.0,1231937.0
2019-09-19,1082274.0,1233325.0
2019-09-20,1062978.0,1218493.0
2019-09-21,913069.0,1076267.0
2019-09-22,870409.0,1053331.0
2019-09-23,1053226.0,1262436.0
2019-09-24,1055557.0,1292495.0
2019-09-25,1104520.0,1279443.0
2019-09-26,1084412.0,1313072.0
2019-09-27,1071080.0,1259255.0
2019-09-28,893414.0,1136543.0
2019-09-29,863514.0,1134051.0
2019-09-30,1080875.0,1243532.0
2019-10-01,1070925.0,1304099.0
2019-10-02,1082907.0,1272982.0
2019-10-03,1111437.0,1276333.0
2019-10-04,1067809.0,1318377.0
2019-10-05,887075.0,1130960.0
2019-10-06,876895.0,1149206.0
2019-10-07,1079305.0,1295848.0
2019-10-08,1090760.0,1316946.0
2019-10-09,1095835.0,1331007.0
2019-10-10,1120121.0,1299387.0
2019-10-11,1092636.0,1346676.0
2019-10-12,907555.0,1182459.0
2019-10-13,903640.0,1122313.0
2019-10-14,1076679.0,1293203.0
2019-10-15,1114528.0,1315310.0
2019-10-16,1121402.0,1309061.0
2019-10-17,1128742.0,1298268.0
2019-10-18,1121681.0,1299780.0
2019-10-19,959971.0,1166442.0
2019-10-20,932045.0,1133064.0
2019-10-21,1091587.0,1310064.0
2019-10-22,1159384.0,1313279.0
2019-10-23,1147678.0,1305857.0
2019-10-24,1131312.0,1294412.0
2019-10-25,1128843.0,1279380.0
2019-10-26,992001.0,1155230.0
2019-10-27,999540.0,1160522.0
2019-10-28,1131612.0,1303445.0
2019-10-29,1144875.0,1302608.0
2019-10-30,1172706.0,1321644.0
2019-10-31,1150823.0,1323514.0
2019-11-01,1111302.0,1376330.0
2019-11-02,970669.0,1199536.0
2019-11-03,959769.0,1159700.0
2019-11-04,1139152.0,1339355.0
2019-11-05,1146641.0,1366805.0
2019-11-06,1150202.0,1350411.0
2019-11-07,1134501.0,1383494.0
2019-11-08,1131264.0,1326539.0
2019-11-09,951509.0,1223659.0
2019-11-10,982375.0,1155638.0
2019-11-11,1157029.0,1382085.0
2019-11-12,1171452.0,1394334.0
2019-11-13,1170157.0,1385987.0
2019-11-14,1166343.0,1382138.0
2019-11-15,1159398.0,1398551.0
2019-11-16,966590.0,1244651.0
2019-11-17,982510.0,1180076.0
2019-11-18,1164010.0,1406282.0
2019-11-19,1172939.0,1383475.0
2019-11-20,1185441.0,1398080.0
2019-11-21,1198472.0,1424488.0
2019-11-22,1198709.0,1370150.0
2019-11-23,1028885.0,1245765.0
2019-11-24,1012688.0,1192600.0
2019-11-25,1190878.0,1368554.0
2019-11-26,1198569.0,1402718.0
2019-11-27,1203194.0,1396522.0
2019-11-28,1224804.0,1410481.0
2019-11-29,1185467.0,1385651.0
2019-11-30,1052910.0,1250477.0
2019-12-01,1017591.0,1224134.0
2019-12-02,1191473.0,1396150.0
2019-12-03,1192944.0,1408026.0
2019-12-04,1214200.0,1429842.0
2019-12-05,1219992.0,1447228.0
2019-12-06,1206109.0,1434575.0
2019-12-07,1063030.0,1267535.0
2019-12-08,1033082.0,1210028.0
2019-12-09,1203427.0,1403595.0
2019-12-10,1209582.0,1411678.0
2019-12-11,1221970.0,1422778.0
2019-12-12,1225007.0,1408706.0
2019-12-13,1176884.0,1443497.0
2019-12-14,1046046.0,1010423.0
2019-12-15,1000300.0,1217794.0
2019-12-16,1182225.0,1413152.0
2019-12-17,1198143.0,1380361.0
2019-12-18,1224734.0,1390616.0
2019-12-19,1216253.0,1366894.0
2019-12-20,1192196.0,1361260.0
2019-12-21,1035513.0,1250168.0
2019-12-22,966404.0,1217262.0
2019-12-23,1185580.0,1313507.0
2019-12-24,1181955.0,1292815.0
2019-12-25,1224128.0,1149199.0
2019-12-26,1193452.0,1178595.0
2019-12-27,1191086.0,1267407.0
2019-12-28,1017095.0,1245341.0
2019-12-29,950770.0,1211495.0
2019-12-30,1146966.0,1271665.0
2019-12-31,1126292.0,1232344.0
2020-01-01,1114447.0,1161339.0
2020-01-02,1092997.0,1341303.0
2020-01-03,1124950.0,1339370.0
2020-01-04,1020428.0,1247891.0
2020-01-05,933191.0,1207724.0
2020-01-06,1209990.0,1371172.0
2020-01-07,1108035.0,1393676.0
2020-01-08,1032958.0,1399386.0
2020-01-09,1076840.0,1390972.0
2020-01-10,1078070.0,1384826.0
2020-01-11,1019720.0,1251776.0
2020-01-12,994266.0,1212858.0
2020-01-13,1113810.0,1371233.0
2020-01-14,1104125.0,1396031.0
2020-01-15,1026899.0,1397206.0
2020-01-16,1108535.0,1370848.0
2020-01-17,1119504.0,1387783.0
2020-01-18,1009688.0,1245709.0
2020-01-19,968654.0,1185168.0
2020-01-20,1097784.0,1401922.0
2020-01-21,1092160.0,1421889.0
2020-01-22,1082417.0,1420633.0
2020-01-23,1138866.0,1418916.0
2020-01-24,1146693.0,1427603.0
2020-01-25,994297.0,1292157.0
2020-01-26,956902.0,1193881.0
2020-01-27,1154998.0,1384880.0
2020-01-28,1154538.0,1407281.0
2020-01-29,1178043.0,1398457.0
2020-01-30,1179696.0,1380271.0
2020-01-31,1185371.0,1367398.0
2020-02-01,1025849.0,1221681.0
2020-02-02,948321.0,1198892.0
2020-02-03,1153329.0,1353369.0
2020-02-04,1138267.0,1386844.0
2020-02-05,1175494.0,1368827.0
2020-02-06,1166549.0,1388106.0
2020-02-07,1170651.0,1335657.0
2020-02-08,1008819.0,1246531.0
2020-02-09,957532.0,1200600.0
2020-02-10,1137666.0,1351634.0
2020-02-11,1145448.0,1376986.0
2020-02-12,1167268.0,1369597.0
2020-02-13,1171173.0,1405625.0
2020-02-14,1142452.0,1355881.0
2020-02-15,1012660.0,1214285.0
2020-02-16,941848.0,1186145.0
2020-02-17,1080919.0,1328600.0
2020-02-18,1087635.0,1343903.0
2020-02-19,1378960.0,1348899.0
2020-02-20,1391334.0,1367862.0
2020-02-21,1174749.0,1342989.0
2020-02-22,949609.0,1226864.0
2020-02-23,907771.0,1199682.0
2020-02-24,1036129.0,1356400.0
2020-02-25,1058955.0,1308356.0
2020-02-26,1136079.0,1363306.0
2020-02-27,1168542.0,1403467.0
2020-02-28,1134249.0,1358146.0
2020-02-29,936933.0,1209302.0
2020-03-01,895108.0,1141558.0
2020-03-02,1036277.0,1359574.0
2020-03-03,1023603.0,1296005.0
2020-03-04,1151045.0,1298174.0
2020-03-05,1180315.0,1367240.0
2020-03-06,1119925.0,1342200.0
2020-03-07,891479.0,1150240.0
2020-03-08,872345.0,1153410.0
2020-03-09,1071350.0,1277388.0
2020-03-10,1042276.0,1363923.0
2020-03-11,1164490.0,1276606.0
2020-03-12,1210310.0,1255098.0
2020-03-13,1151639.0,1291063.0
2020-03-14,898977.0,1127283.0
2020-03-15,882947.0,1119385.0
2020-03-16,1090011.0,1205773.0
2020-03-17,1061287.0,1199044.0
2020-03-18,1147624.0,1222628.0
2020-03-19,1147267.0,1239009.0
2020-03-20,1177234.0,1239797.0
2020-03-21,905641.0,1057681.0
2020-03-22,874668.0,1002667.0
2020-03-23,1075856.0,1137444.0
2020-03-24,1048702.0,1136994.0
2020-03-25,1114154.0,1132093.0
2020-03-26,1132434.0,1129620.0
2020-03-27,1139564.0,1118855.0
2020-03-28,875407.0,1023134.0
2020-03-29,1046687.0,966069.0
2020-03-30,1206869.0,1164466.0
2020-03-31,1233323.0,1108733.0
2020-04-01,1210437.0,1152615.0
2020-04-02,1207913.0,1155944.0
2020-04-03,1216568.0,1150972.0
2020-04-04,807818.0,989029.0
2020-04-05,778192.0,933637.0
2020-04-06,949963.0,1075241.0
2020-04-07,916324.0,1071044.0
2020-04-08,1031151.0,1083540.0
2020-04-09,1018081.0,1082407.0
2020-04-10,1019395.0,1045721.0
2020-04-11,763801.0,962541.0
2020-04-12,717542.0,938089.0
2020-04-13,887625.0,971283.0
2020-04-14,887063.0,1130432.0
2020-04-15,921303.0,1080429.0
2020-04-16,900264.0,1076199.0
2020-04-17,974381.0,1063558.0
2020-04-18,757296.0,1027850.0
2020-04-19,722213.0,929367.0
2020-04-20,834666.0,1058135.0
2020-04-21,903215.0,1071985.0
2020-04-22,910046.0,1076272.0
2020-04-23,892199.0,1075559.0
2020-04-24,942847.0,1064570.0
2020-04-25,784999.0,998449.0
2020-04-26,710621.0,919910.0
2020-04-27,768665.0,942308.0
2020-04-28,1119865.0,1168981.0
2020-04-29,1114764.0,1146549.0
2020-04-30,1127181.0,1110790.0
2020-05-01,1079324.0,1140182.0
2020-05-02,1048906.0,1021512.0
2020-05-03,971926.0,964285.0
2020-05-04,986427.0,1048812.0
2020-05-05,1156195.0,981228.0
2020-05-06,1135860.0,1061127.0
2020-05-07,1117995.0,1077311.0
2020-05-08,1104807.0,1083738.0
2020-05-09,1058901.0,971582.0
2020-05-10,976827.0,992274.0
2020-05-11,1026957.0,1089610.0
2020-05-12,1085562.0,1140100.0
2020-05-13,1124913.0,1131901.0
2020-05-14,1122589.0,1105058.0
2020-05-15,1116513.0,1108602.0
2020-05-16,1037280.0,1012303.0
2020-05-17,1002328.0,939158.0
2020-05-18,1026614.0,1077249.0
2020-05-19,1139305.0,1101835.0
2020-05-20,1150236.0,1111619.0
2020-05-21,1118766.0,960952.0
2020-05-22,1141845.0,1092879.0
2020-05-23,1033533.0,980557.0
2020-05-24,1002186.0,1004751.0
2020-05-25,1065449.0,1083631.0
2020-05-26,1112638.0,1082859.0
2020-05-27,1140258.0,1088905.0
2020-05-28,1087884.0,1062653.0
2020-05-29,1111504.0,1061937.0
2020-05-30,997234.0,958529.0
2020-05-31,997733.0,895236.0
2020-06-01,1080688.0,939410.0
2020-06-02,1162755.0,1100410.0
2020-06-03,1148888.0,1118127.0
2020-06-04,1071781.0,1190032.0
2020-06-05,1113796.0,1165637.0
2020-06-06,989988.0,1008545.0
2020-06-07,967232.0,978470.0
2020-06-08,1065357.0,1112234.0
2020-06-09,1149230.0,1124300.0
2020-06-10,1154158.0,1141441.0
2020-06-11,1087687.0,1166891.0
2020-06-12,1122440.0,1121725.0
2020-06-13,959052.0,1001548.0
2020-06-14,962905.0,1009518.0
2020-06-15,1080667.0,1120695.0
2020-06-16,1157087.0,1174926.0
2020-06-17,1164581.0,1123382.0
2020-06-18,1170850.0,1157180.0
2020-06-19,1137481.0,1104670.0
2020-06-20,1001740.0,971776.0
2020-06-21,994085.0,957965.0
2020-06-22,1108195.0,1085593.0
2020-06-23,1202530.0,1112331.0
2020-06-24,1175930.0,1139104.0
2020-06-25,1221320.0,1161969.0
2020-06-26,1167616.0,1175403.0
2020-06-27,1015599.0,1072602.0
2020-06-28,1022925.0,963569.0
2020-06-29,1166125.0,1127083.0
2020-06-30,1213810.0,1178540.0
2020-07-01,1180216.0,1170132.0
2020-07-02,1205223.0,1152338.0
2020-07-03,1175520.0,1135928.0
2020-07-04,1073172.0,1099032.0
2020-07-05,1018473.0,1010199.0
2020-07-06,1152010.0,1122753.0
2020-07-07,1215450.0,1135566.0
2020-07-08,1173676.0,1212531.0
2020-07-09,1182335.0,1226446.0
2020-07-10,1161437.0,1153551.0
2020-07-11,1076285.0,990322.0
2020-07-12,976258.0,930730.0
2020-07-13,1111782.0,1059729.0
2020-07-14,1183399.0,1181993.0
2020-07-15,1211130.0,1096759.0
2020-07-16,1201311.0,1162717.0
2020-07-17,1173287.0,1134461.0
2020-07-18,1078310.0,998712.0
2020-07-19,969036.0,960777.0
2020-07-20,1108461.0,1068999.0
2020-07-21,1222272.0,1084418.0
2020-07-22,1218979.0,1085543.0
2020-07-23,1225926.0,1095126.0
2020-07-24,1190413.0,1126093.0
2020-07-25,1065723.0,1049333.0
2020-07-26,1003201.0,938668.0
2020-07-27,1123684.0,1114838.0
2020-07-28,1213235.0,1087100.0
2020-07-29,1193500.0,1074523.0
2020-07-30,1220632.0,1061680.0
2020-07-31,1203882.0,1073851.0
2020-08-01,1084821.0,1038269.0
2020-08-02,1005291.0,949957.0
2020-08-03,1159023.0,1098092.0
2020-08-04,1194616.0,1057902.0
2020-08-05,1138834.0,1075053.0
2020-08-06,1159513.0,1107579.0
2020-08-07,1166129.0,1142743.0
2020-08-08,1114458.0,1074997.0
2020-08-09,1017574.0,1050042.0
2020-08-10,1182532.0,1211075.0
2020-08-11,1141844.0,1255807.0
2020-08-12,1116263.0,1247994.0
2020-08-13,1147733.0,1280392.0
2020-08-14,1169456.0,1243582.0
2020-08-15,1143490.0,1105448.0
2020-08-16,1049198.0,1056115.0
2020-08-17,1237391.0,1203379.0
2020-08-18,1209054.0,1152109.0
2020-08-19,1187096.0,1168389.0
2020-08-20,1222652.0,1243477.0
2020-08-21,1229480.0,1207772.0
2020-08-22,1174178.0,1064596.0
2020-08-23,1111217.0,1012623.0
2020-08-24,1280099.0,1143502.0
2020-08-25,1249381.0,1205125.0
2020-08-26,1233483.0,1215659.0
2020-08-27,1286160.0,1176203.0
2020-08-28,1257132.0,1154785.0
2020-08-29,1163691.0,1043565.0
2020-08-30,1124316.0,1030717.0
2020-08-31,1287659.0,1147861.0
2020-09-01,1292747.0,1166254.0
2020-09-02,1244037.0,1139255.0
2020-09-03,1301684.0,1252715.0
2020-09-04,1237037.0,1188140.0
2020-09-05,1144381.0,1047575.0
2020-09-06,1103743.0,1010714.0
2020-09-07,1265154.0,1148140.0
2020-09-08,1262555.0,1250530.0
2020-09-09,1207518.0,1250037.0
2020-09-10,1282888.0,1175949.0
2020-09-11,1232143.0,1158271.0
2020-09-12,1106235.0,1066044.0
2020-09-13,1078765.0,997497.0
2020-09-14,1233281.0,1171856.0
2020-09-15,1296366.0,1221580.0
2020-09-16,1265734.0,1226965.0
2020-09-17,1260900.0,1165598.0
2020-09-18,1228031.0,1144030.0
2020-09-19,1122697.0,1030919.0
2020-09-20,1079011.0,978188.0
2020-09-21,1246202.0,1142489.0
2020-09-22,1311767.0,1168202.0
2020-09-23,1264501.0,1213251.0
2020-09-24,1249782.0,1191908.0
2020-09-25,1206773.0,1196381.0
2020-09-26,1107575.0,1087255.0
2020-09-27,1060953.0,1062547.0
2020-09-28,1240551.0,1267111.0
2020-09-29,1306825.0,1227382.0
2020-09-30,1283324.0,1236953.0
2020-10-01,1204378.0,1276668.0
2020-10-02,1186034.0,1223409.0
2020-10-03,1122496.0,1152723.0
2020-10-04,1069127.0,1064328.0
2020-10-05,1291428.0,1242869.0
2020-10-06,1302949.0,1242120.0
2020-10-07,1285423.0,1239787.0
2020-10-08,1246959.0,1284184.0
2020-10-09,1217342.0,1232754.0
2020-10-10,1153388.0,1113429.0
2020-10-11,1075356.0,1057164.0
2020-10-12,1297582.0,1209099.0
2020-10-13,1294588.0,1211424.0
2020-10-14,1310745.0,1233669.0
2020-10-15,1300578.0,1234339.0
2020-10-16,1271847.0,1213820.0
2020-10-17,1188415.0,1121227.0
2020-10-18,1110857.0,1074714.0
2020-10-19,1329233.0,1234476.0
2020-10-20,1314915.0,1279729.0
2020-10-21,1287806.0,1258510.0
2020-10-22,1313932.0,1220477.0
2020-10-23,1294275.0,1223039.0
2020-10-24,1217170.0,1130621.0
2020-10-25,1182083.0,1147386.0
2020-10-26,1321724.0,1238047.0
2020-10-27,1324354.0,1270166.0
2020-10-28,1288334.0,1264282.0
2020-10-29,1300671.0,1280629.0
2020-10-30,1292865.0,1279633.0
2020-10-31,1197823.0,1135601.0
2020-11-01,1163066.0,1122351.0
2020-11-02,1326298.0,1272396.0
2020-11-03,1330751.0,1248355.0
2020-11-04,1279548.0,1255108.0
2020-11-05,1282230.0,1276723.0
2020-11-06,1285582.0,1252785.0
2020-11-07,1206357.0,1138012.0
2020-11-08,1174284.0,1105528.0
2020-11-09,1316449.0,1258103.0
2020-11-10,1325421.0,1283183.0
2020-11-11,1310666.0,1302958.0
2020-11-12,1318617.0,1296204.0
2020-11-13,1305477.0,1306380.0
2020-11-14,1209169.0,1180253.0
2020-11-15,1185843.0,1137829.0
2020-11-16,1328215.0,1304853.0
2020-11-17,1348492.0,1316022.0
2020-11-18,1356877.0,1269624.0
2020-11-19,1353542.0,1320021.0
2020-11-20,1349900.0,1325571.0
2020-11-21,1237472.0,1223523.0
2020-11-22,1180078.0,1149804.0
2020-11-23,1344964.0,1299469.0
2020-11-24,1361740.0,1333285.0
2020-11-25,1333390.0,1321216.0
2020-11-26,1337985.0,1367959.0
2020-11-27,1358007.0,1359942.0
2020-11-28,1248828.0,1232161.0
2020-11-29,1200338.0,1193301.0
2020-11-30,1379066.0,1402562.0
2020-12-01,1400267.0,1356869.0
2020-12-02,1342791.0,1391385.0
2020-12-03,1384589.0,1402643.0
2020-12-04,1404738.0,1365577.0
2020-12-05,1280325.0,1227547.0
2020-12-06,1225912.0,1217855.0
2020-12-07,1408592.0,1384812.0
2020-12-08,1390951.0,1404567.0
2020-12-09,1398351.0,1421963.0
2020-12-10,1430822.0,1403273.0
2020-12-11,1399356.0,1409920.0
2020-12-12,1303991.0,1263923.0
2020-12-13,1289410.0,1190826.0
2020-12-14,1446804.0,1360183.0
2020-12-15,1418346.0,1367085.0
2020-12-16,1451932.0,1346544.0
2020-12-17,1444602.0,1344998.0
2020-12-18,1400505.0,1317922.0
2020-12-19,1349237.0,1215938.0
2020-12-20,1304006.0,1161693.0
2020-12-21,1450161.0,1341806.0
2020-12-22,1464381.0,1326524.0
2020-12-23,1449976.0,1327685.0
2020-12-24,1431704.0,1279325.0
2020-12-25,1387394.0,1147627.0
2020-12-26,1309398.0,1162704.0
2020-12-27,1270514.0,1183401.0
2020-12-28,1411678.0,1271446.0
2020-12-29,1459167.0,1294708.0
2020-12-30,1461354.0,1279380.0
2020-12-31,1379104.0,1244719.0
2021-01-01,1330920.0,1131141.0
2021-01-02,1258267.0,1190158.0
2021-01-03,1222880.0,1183061.0
2021-01-04,1385473.0,1371024.0
2021-01-05,1418417.0,1393927.0
2021-01-06,1404982.0,1392122.0
2021-01-07,1362966.0,1393453.0
2021-01-08,1266663.0,1370581.0
2021-01-09,1236538.0,1228573.0
2021-01-10,1197431.0,1189187.0
2021-01-11,1378146.0,1381179.0
2021-01-12,1410771.0,1354966.0
2021-01-13,1425201.0,1355060.0
2021-01-14,1376932.0,1377490.0
2021-01-15,1315540.0,1398287.0
2021-01-16,1255064.0,1272388.0
2021-01-17,1234525.0,1197813.0
2021-01-18,1387482.0,1365522.0
2021-01-19,1410074.0,1387511.0
2021-01-20,1388544.0,1353789.0
2021-01-21,1399908.0,1329299.0
2021-01-22,1131141.0,1324604.0
2021-01-23,1306708.0,1220905.0
2021-01-24,1261439.0,1159388.0
2021-01-25,1397498.0,1321830.0
2021-01-26,1399892.0,1334642.0
2021-01-27,1370861.0,1375222.0
2021-01-28,1388165.0,1383796.0
2021-01-29,1418059.0,1345206.0
2021-01-30,1326105.0,1242721.0
2021-01-31,1272963.0,1156668.0
2021-02-01,1402017.0,1376006.0
2021-02-02,1383178.0,1382645.0
2021-02-03,1375890.0,1371706.0
2021-02-04,1391474.0,1328616.0
2021-02-05,1389563.0,1339395.0
2021-02-06,1313369.0,1261948.0
2021-02-07,1254966.0,1259009.0
2021-02-08,1433476.0,1417514.0
2021-02-09,1411289.0,1408420.0
2021-02-10,1416011.0,1407195.0
2021-02-11,1413775.0,1371882.0
2021-02-12,1382227.0,1358280.0
2021-02-13,1295730.0,1232129.0
2021-02-14,1250548.0,1175771.0
2021-02-15,1440623.0,1380988.0
2021-02-16,1448792.0,1320174.0
2021-02-17,1439590.0,1315702.0
2021-02-18,1426815.0,1308159.0
2021-02-19,1392129.0,1255138.0
2021-02-20,1279475.0,1101814.0
2021-02-21,1223177.0,1038539.0
2021-02-22,1445819.0,1224210.0
2021-02-23,1435782.0,1216850.0
2021-02-24,1402805.0,1196918.0
2021-02-25,1375472.0,1204837.0
2021-02-26,1337731.0,1179202.0
2021-02-27,1216525.0,1127441.0
2021-02-28,1171032.0,1065943.0
2021-03-01,1370510.0,1222370.0
2021-03-02,1361276.0,1194458.0
2021-03-03,1318094.0,1256207.0
2021-03-04,1323263.0,1347429.0
2021-03-05,1297853.0,1206524.0
2021-03-06,1192713.0,1140382.0
2021-03-07,1125694.0,1116041.0
2021-03-08,1321032.0,1249651.0
2021-03-09,1283229.0,1299117.0
2021-03-10,1282136.0,1309318.0
2021-03-11,1328866.0,1259871.0
2021-03-12,1244498.0,1277878.0
2021-03-13,1169064.0,1159252.0
2021-03-14,1127160.0,1086177.0
2021-03-15,1289137.0,1232686.0
2021-03-16,1287669.0,1279869.0
2021-03-17,1277422.0,1262817.0
2021-03-18,1255567.0,1273723.0
2021-03-19,1199824.0,1148620.0
2021-03-20,1158034.0,1074637.0
2021-03-21,1122977.0,1076774.0
2021-03-22,1264426.0,1228288.0
2021-03-23,1320115.0,1201901.0
2021-03-24,1286537.0,1128414.0
2021-03-25,1279456.0,1184086.0
2021-03-26,1181397.0,1142587.0
2021-03-27,1128296.0,1063608.0
2021-03-28,1048044.0,1006646.0
2021-03-29,1236875.0,1081745.0
2021-03-30,1260299.0,1079738.0
2021-03-31,1252908.0,1087844.0
2021-04-01,1278055.0,1084827.0
2021-04-02,1171262.0,1174679.0
2021-04-03,1069520.0,1018374.0
2021-04-04,1037080.0,1019528.0
2021-04-05,1167191.0,1040030.0
2021-04-06,1237648.0,1204454.0
2021-04-07,1195019.0,1235082.0
2021-04-08,1224010.0,1179371.0
2021-04-09,1141300.0,1140732.0
2021-04-10,1051273.0,1114414.0
2021-04-11,1039990.0,1025167.0
2021-04-12,1098506.0,1131381.0
2021-04-13,1177178.0,1117177.0
2021-04-14,1156658.0,1133392.0
2021-04-15,1168101.0,1121440.0
2021-04-16,1158526.0,1060563.0
2021-04-17,1057686.0,963015.0
2021-04-18,1023255.0,930016.0
2021-04-19,1049263.0,1115784.0
2021-04-20,1133251.0,1068220.0
2021-04-21,1155933.0,1077102.0
2021-04-22,1134469.0,1077642.0
2021-04-23,1123397.0,1057370.0
2021-04-24,1031057.0,952697.0
2021-04-25,1000466.0,942874.0
2021-04-26,1090386.0,990267.0
2021-04-27,1136245.0,907059.0
2021-04-28,1162975.0,1051727.0
2021-04-29,1123203.0,1202622.0
2021-04-30,1078308.0,1169876.0
2021-05-01,996973.0,983610.0
2021-05-02,952933.0,951275.0
2021-05-03,1078953.0,1094877.0
2021-05-04,1024903.0,1176245.0
2021-05-05,1088557.0,1109904.0
2021-05-06,1127140.0,1124223.0
2021-05-07,1101666.0,1082815.0
2021-05-08,939139.0,1071682.0
2021-05-09,923254.0,947055.0
2021-05-10,1057161.0,1110055.0
2021-05-11,1012465.0,1157204.0
2021-05-12,1049133.0,1061545.0
2021-05-13,1129125.0,946668.0
2021-05-14,1100749.0,1029152.0
2021-05-15,978013.0,1017411.0
2021-05-16,923775.0,946817.0
2021-05-17,1040046.0,1112734.0
2021-05-18,1056809.0,1065044.0
2021-05-19,1034229.0,1113729.0
2021-05-20,1091535.0,1100351.0
2021-05-21,1104398.0,1087150.0
2021-05-22,1028077.0,1064414.0
2021-05-23,940828.0,940181.0
2021-05-24,1107664.0,1003207.0
2021-05-25,1133744.0,1121213.0
2021-05-26,1082988.0,1120090.0
2021-05-27,1061978.0,1173292.0
2021-05-28,1030076.0,1044601.0
2021-05-29,1042113.0,928957.0
2021-05-30,949148.0,860871.0
2021-05-31,1083626.0,1017929.0
2021-06-01,1142322.0,1020253.0
2021-06-02,1108702.0,1053494.0
2021-06-03,1069446.0,1122557.0
2021-06-04,1017230.0,1105273.0
2021-06-05,1005972.0,1078099.0
2021-06-06,926930.0,932891.0
2021-06-07,1058512.0,1041176.0
2021-06-08,1073117.0,1077493.0
2021-06-09,1107995.0,1095979.0
2021-06-10,1146989.0,1086722.0
2021-06-11,1097205.0,1111108.0
2021-06-12,1037561.0,985889.0
2021-06-13,926588.0,905382.0
2021-06-14,1028082.0,1080498.0
2021-06-15,1076769.0,1099951.0
2021-06-16,1108933.0,1115074.0
2021-06-17,1160018.0,1181829.0
2021-06-18,1118006.0,1209340.0
2021-06-19,1030089.0,1064667.0
2021-06-20,918766.0,987602.0
2021-06-21,1061887.0,1186499.0
2021-06-22,1086076.0,1104936.0
2021-06-23,1114053.0,1127398.0
2021-06-24,1154971.0,1115907.0
2021-06-25,1170638.0,1150873.0
2021-06-26,1080975.0,1006964.0
2021-06-27,971787.0,964898.0
2021-06-28,1130041.0,1174834.0
2021-06-29,1121402.0,1201023.0
2021-06-30,1141149.0,1214181.0
2021-07-01,1152375.0,1180358.0
2021-07-02,1189889.0,1121250.0
2021-07-03,1044246.0,1025491.0
2021-07-04,969897.0,1010122.0
2021-07-05,1188209.0,1140058.0
2021-07-06,1178375.0,1144752.0
2021-07-07,1194986.0,1120647.0
2021-07-08,1191835.0,1135857.0
2021-07-09,1193665.0,1117531.0
2021-07-10,1067698.0,1040203.0
2021-07-11,1022544.0,991563.0
2021-07-12,1220981.0,1162519.0
2021-07-13,1163230.0,1242774.0
2021-07-14,1185311.0,1216644.0
2021-07-15,1181081.0,1228532.0
2021-07-16,1159109.0,1127664.0
2021-07-17,1069247.0,957356.0
2021-07-18,1028658.0,927286.0
2021-07-19,1224036.0,1098315.0
2021-07-20,1233698.0,1077961.0
2021-07-21,1203446.0,1109469.0
2021-07-22,1196115.0,1090573.0
2021-07-23,1150245.0,1101148.0
2021-07-24,1039107.0,1045933.0
2021-07-25,1026543.0,964527.0
2021-07-26,1199043.0,1121381.0
2021-07-27,1184756.0,1138261.0
2021-07-28,1181621.0,1104941.0
2021-07-29,1163146.0,1052960.0
2021-07-30,1148915.0,1085147.0
2021-07-31,1053192.0,988283.0
2021-08-01,1006449.0,963509.0
2021-08-02,1194871.0,1045277.0
2021-08-03,1223709.0,1080407.0
2021-08-04,1158213.0,1055320.0
2021-08-05,1119288.0,1067305.0
2021-08-06,1126788.0,1087908.0
2021-08-07,1009724.0,976614.0
2021-08-08,999099.0,941260.0
2021-08-09,1146382.0,1055028.0
2021-08-10,1160356.0,1053474.0
2021-08-11,1101186.0,1032558.0
2021-08-12,1074488.0,1064595.0
2021-08-13,1098782.0,1067566.0
2021-08-14,1020723.0,960659.0
2021-08-15,953723.0,925208.0
2021-08-16,1071233.0,1113378.0
2021-08-17,1088580.0,1154409.0
2021-08-18,1061321.0,1145084.0
2021-08-19,1058110.0,1182631.0
2021-08-20,1076724.0,1112445.0
2021-08-21,971030.0,1014502.0
2021-08-22,940260.0,1016392.0
2021-08-23,1068043.0,1090146.0
2021-08-24,1093975.0,1072477.0
2021-08-25,1075415.0,1097935.0
2021-08-26,1103046.0,1132522.0
2021-08-27,1086708.0,1104678.0
2021-08-28,981350.0,1016757.0
2021-08-29,958135.0,1043484.0
2021-08-30,1083064.0,1133803.0
2021-08-31,1091022.0,1144786.0
2021-09-01,1089684.0,1201110.0
2021-09-02,1124555.0,1147647.0
2021-09-03,1092247.0,1104497.0
2021-09-04,994555.0,1009249.0
2021-09-05,992405.0,944796.0
2021-09-06,1109436.0,1128884.0
2021-09-07,1121499.0,1142028.0
2021-09-08,1146210.0,1134879.0
2021-09-09,1152373.0,1170944.0
2021-09-10,1104948.0,1231024.0
2021-09-11,1011573.0,1105828.0
2021-09-12,999445.0,1010328.0
2021-09-13,1115402.0,1151983.0
2021-09-14,1117852.0,1161707.0
2021-09-15,1143075.0,1224043.0
2021-09-16,1148391.0,1149131.0
2021-09-17,1144768.0,1178093.0
2021-09-18,1041911.0,1034503.0
2021-09-19,997326.0,987908.0
2021-09-20,1136542.0,1126209.0
2021-09-21,1147994.0,1152895.0
2021-09-22,1185265.0,1135403.0
2021-09-23,1153934.0,1189838.0
2021-09-24,1169955.0,1191888.0
2021-09-25,1048169.0,1092068.0
2021-09-26,978675.0,1036551.0
2021-09-27,1134182.0,1218659.0
2021-09-28,1150738.0,1146533.0
2021-09-29,1162966.0,1254005.0
2021-09-30,1167353.0,1215527.0
2021-10-01,1198953.0,1212605.0
2021-10-02,1075706.0,1093390.0
2021-10-03,1009375.0,1092039.0
2021-10-04,1163941.0,1139355.0
2021-10-05,1151893.0,1193327.0
2021-10-06,1202358.0,1215054.0
2021-10-07,1181628.0,1191047.0
2021-10-08,1191923.0,1162842.0
2021-10-09,1071420.0,1026605.0
2021-10-10,1036727.0,1018642.0
2021-10-11,1159146.0,1177683.0
2021-10-12,1161888.0,1213104.0
2021-10-13,1199266.0,1220760.0
2021-10-14,1196275.0,1240506.0
2021-10-15,1186705.0,1190603.0
2021-10-16,1068798.0,1100338.0
2021-10-17,1049083.0,1064888.0
2021-10-18,1178569.0,1191047.0
2021-10-19,1184324.0,1261882.0
2021-10-20,1229943.0,1255293.0
2021-10-21,1215702.0,1249590.0
2021-10-22,1188681.0,1244655.0
2021-10-23,1073446.0,1117008.0
2021-10-24,1058523.0,1017871.0
2021-10-25,1169196.0,1252559.0
2021-10-26,1222771.0,1240758.0
2021-10-27,1230372.0,1236575.0
2021-10-28,1227052.0,1188212.0
2021-10-29,1199369.0,1199233.0
2021-10-30,1081314.0,1162349.0
2021-10-31,1073786.0,1143183.0
2021-11-01,1206933.0,1237912.0
2021-11-02,1238581.0,1304518.0
2021-11-03,1237546.0,1315252.0
2021-11-04,1226105.0,1306547.0
2021-11-05,1211500.0,1268346.0
2021-11-06,1126566.0,1176174.0
2021-11-07,1060683.0,1107719.0
2021-11-08,1227007.0,1272388.0
2021-11-09,1269055.0,1289919.0
2021-11-10,1269039.0,1312958.0
2021-11-11,1248124.0,1331123.0
2021-11-12,1237411.0,1290283.0
2021-11-13,1180769.0,1188110.0
2021-11-14,1089061.0,1149454.0
2021-11-15,1288568.0,1346706.0
2021-11-16,1324694.0,1375467.0
2021-11-17,1341545.0,1315151.0
2021-11-18,1313721.0,1290538.0
2021-11-19,1272413.0,1285271.0
2021-11-20,1197277.0,1196097.0
2021-11-21,1151386.0,1126098.0
2021-11-22,1326017.0,1283694.0
2021-11-23,1380442.0,1326967.0
2021-11-24,1348277.0,1346491.0
2021-11-25,1331758.0,1351311.0
2021-11-26,1295418.0,1349685.0
2021-11-27,1224049.0,1244611.0
2021-11-28,1168948.0,1191201.0
2021-11-29,1368125.0,1327634.0
2021-11-30,1385587.0,1349138.0
2021-12-01,1370487.0,1334525.0
2021-12-02,1349862.0,1364117.0
2021-12-03,1332189.0,1373948.0
2021-12-04,1280278.0,1255375.0
2021-12-05,1228549.0,1195035.0
2021-12-06,1376084.0,1374657.0
2021-12-07,1350528.0,1348898.0
2021-12-08,1332055.0,1344133.0
2021-12-09,1335328.0,1369040.0
2021-12-10,1336298.0,1367573.0
2021-12-11,1232031.0,1229095.0
2021-12-12,1170774.0,1196860.0
2021-12-13,1328661.0,1324390.0
2021-12-14,1341669.0,1350878.0
2021-12-15,1341716.0,1348741.0
2021-12-16,1361488.0,1329909.0
2021-12-17,1363735.0,1350468.0
2021-12-18,1243028.0,1234819.0
2021-12-19,1194365.0,1174213.0
2021-12-20,1342227.0,1322453.0
2021-12-21,1349637.0,1335998.0
2021-12-22,1342467.0,1357067.0
2021-12-23,1354354.0,1349653.0
2021-12-24,1363993.0,1257043.0
2021-12-25,1239765.0,1129197.0
2021-12-26,1188702.0,1146252.0
2021-12-27,1340500.0,1261148.0
2021-12-28,1345260.0,1257733.0
2021-12-29,1349981.0,1242611.0
2021-12-30,1349529.0,1239164.0
2021-12-31,1325037.0,1155919.0
2022-01-01,1197703.0,1041475.0
2022-01-02,1172444.0,1100365.0
2022-01-03,1302661.0,1252718.0
2022-01-04,1314872.0,1306009.0
2022-01-05,1316144.0,1316927.0
2022-01-06,1306242.0,1292009.0
2022-01-07,1254480.0,1296407.0
2022-01-08,1135168.0,1225565.0
2022-01-09,1160232.0,1159516.0
2022-01-10,1278777.0,1321717.0
2022-01-11,1299911.0,1344982.0
2022-01-12,1305536.0,1361456.0
2022-01-13,1293607.0,1366089.0
2022-01-14,1236456.0,1366091.0
2022-01-15,1149213.0,1248284.0
2022-01-16,1159925.0,1187603.0
2022-01-17,1304752.0,1324774.0
2022-01-18,1339831.0,1357387.0
2022-01-19,1311415.0,1379354.0
2022-01-20,1327737.0,1335947.0
2022-01-21,1301747.0,1334973.0
2022-01-22,1057448.0,1222439.0
2022-01-23,1069570.0,1181705.0
2022-01-24,1306691.0,1353288.0
2022-01-25,1399305.0,1382916.0
2022-01-26,1387167.0,1378694.0
2022-01-27,1330972.0,1338079.0
2022-01-28,1367684.0,1275854.0
2022-01-29,1272522.0,1185552.0
2022-01-30,1220264.0,1116792.0
2022-01-31,1365892.0,1326138.0
2022-02-01,1420038.0,1334554.0
2022-02-02,1393767.0,1284407.0
2022-02-03,1302480.0,1328464.0
2022-02-04,1331125.0,1317353.0
2022-02-05,1236419.0,1153193.0
2022-02-06,1197084.0,1179465.0
2022-02-07,1337025.0,1249467.0
2022-02-08,1395551.0,1282764.0
2022-02-09,1362744.0,1299792.0
2022-02-10,1309449.0,1301878.0
2022-02-11,1286137.0,1257422.0
2022-02-12,1141747.0,1128915.0
2022-02-13,1150706.0,1102461.0
2022-02-14,1283532.0,1238627.0
2022-02-15,1320399.0,1250740.0
2022-02-16,1320943.0,1291437.0
2022-02-17,1342821.0,1221088.0
2022-02-18,1250969.0,1266522.0
2022-02-19,1070935.0,1117897.0
2022-02-20,1054427.0,1158711.0
2022-02-21,1181272.0,1292415.0
2022-02-22,1231267.0,1289481.0
2022-02-23,1259473.0,1183937.0
2022-02-24,1272217.0,1262112.0
2022-02-25,1263044.0,1224333.0
2022-02-26,1054369.0,1068174.0
2022-02-27,1057293.0,1001109.0
2022-02-28,1164459.0,1128702.0
2022-03-01,1211598.0,1246577.0
2022-03-02,1200481.0,1145823.0
2022-03-03,1207785.0,1130784.0
2022-03-04,1214856.0,1123568.0
2022-03-05,1058215.0,1028241.0
2022-03-06,1011791.0,997449.0
2022-03-07,1132580.0,1137175.0
2022-03-08,1234020.0,1123525.0
2022-03-09,1259691.0,1110970.0
2022-03-10,1159015.0,1109561.0
2022-03-11,1165445.0,1102204.0
2022-03-12,1028341.0,1020213.0
2022-03-13,995055.0,957337.0
2022-03-14,1120611.0,1138514.0
2022-03-15,1173881.0,1170539.0
2022-03-16,1132558.0,1138064.0
2022-03-17,1141991.0,1137410.0
2022-03-18,1097825.0,1076684.0
2022-03-19,1002106.0,950782.0
2022-03-20,932442.0,1016207.0
2022-03-21,1113145.0,1068697.0
2022-03-22,1178094.0,1058981.0
2022-03-23,1103125.0,1048011.0
2022-03-24,1100090.0,1061693.0
2022-03-25,1055552.0,1045396.0
2022-03-26,929126.0,935577.0
2022-03-27,889055.0,852096.0
2022-03-28,1110201.0,1072714.0
2022-03-29,1112366.0,1117820.0
2022-03-30,1094455.0,1115080.0
2022-03-31,1094427.0,1258394.0
2022-04-01,1070302.0,1231564.0
2022-04-02,912955.0,1041944.0
2022-04-03,918026.0,983062.0
2022-04-04,1114931.0,1250685.0
2022-04-05,1153709.0,1213639.0
2022-04-06,1116056.0,1224370.0
2022-04-07,1149644.0,1179428.0
2022-04-08,1077697.0,1156792.0
2022-04-09,912268.0,1014544.0
2022-04-10,927183.0,927390.0
2022-04-11,1102405.0,1036230.0
2022-04-12,1152789.0,1050351.0
2022-04-13,1092175.0,1117313.0
2022-04-14,1098254.0,1059984.0
2022-04-15,1072989.0,1108491.0
2022-04-16,921208.0,908517.0
2022-04-17,904644.0,840576.0
2022-04-18,1075278.0,875473.0
2022-04-19,1127027.0,1011909.0
2022-04-20,1133214.0,1012300.0
2022-04-21,1104802.0,1024425.0
2022-04-22,1152641.0,1060907.0
2022-04-23,903487.0,919510.0
2022-04-24,869824.0,869106.0
2022-04-25,983703.0,1149876.0
2022-04-26,1067163.0,1038585.0
2022-04-27,1069477.0,932817.0
2022-04-28,1011943.0,1005215.0
2022-04-29,1066399.0,1079461.0
2022-04-30,843484.0,1007121.0
2022-05-01,797879.0,919697.0
2022-05-02,978697.0,985543.0
2022-05-03,970470.0,1086442.0
2022-05-04,1000357.0,1025908.0
2022-05-05,989722.0,1062204.0
2022-05-06,1033400.0,1027170.0
2022-05-07,871951.0,958143.0
2022-05-08,799986.0,847763.0
2022-05-09,950178.0,1003648.0
2022-05-10,987134.0,1104506.0
2022-05-11,930267.0,1034573.0
2022-05-12,971193.0,1011488.0
2022-05-13,1016930.0,1023166.0
2022-05-14,884129.0,894975.0
2022-05-15,802775.0,854115.0
2022-05-16,1002199.0,1080742.0
2022-05-17,1010145.0,1072494.0
2022-05-18,922545.0,1065309.0
2022-05-19,982618.0,1141367.0
2022-05-20,981681.0,1125086.0
2022-05-21,906056.0,929217.0
2022-05-22,821757.0,834328.0
2022-05-23,969799.0,1123291.0
2022-05-24,1051671.0,1068240.0
2022-05-25,996575.0,1050798.0
2022-05-26,1038358.0,927865.0
2022-05-27,1017004.0,941271.0
2022-05-28,871106.0,892518.0
2022-05-29,799512.0,925660.0
2022-05-30,1040632.0,1046720.0
2022-05-31,1030866.0,1051685.0
2022-06-01,973960.0,1036183.0
2022-06-02,964506.0,997992.0
2022-06-03,988235.0,986010.0
2022-06-04,825594.0,901825.0
2022-06-05,827304.0,975580.0
2022-06-06,1054268.0,969560.0
2022-06-07,1030511.0,1050190.0
2022-06-08,1003172.0,1134755.0
2022-06-09,979184.0,1007573.0
2022-06-10,938092.0,1073560.0
2022-06-11,803095.0,882417.0
2022-06-12,887887.0,846254.0
2022-06-13,1012997.0,998582.0
2022-06-14,1005162.0,987674.0
2022-06-15,1033708.0,970545.0
2022-06-16,943616.0,1006289.0
2022-06-17,955630.0,1028503.0
2022-06-18,786959.0,939288.0
2022-06-19,879449.0,953958.0
2022-06-20,953349.0,988638.0
2022-06-21,994986.0,1014333.0
2022-06-22,1019449.0,985833.0
2022-06-23,973520.0,1054211.0
2022-06-24,1007305.0,1137134.0
2022-06-25,824844.0,985497.0
2022-06-26,899456.0,937642.0
2022-06-27,916069.0,1144007.0
2022-06-28,972110.0,1003238.0
2022-06-29,990092.0,1040409.0
2022-06-30,994195.0,1088694.0
2022-07-01,1070281.0,1034066.0
2022-07-02,894643.0,918366.0
2022-07-03,887567.0,895401.0
2022-07-04,1007441.0,1008076.0
2022-07-05,962619.0,1038977.0
2022-07-06,972100.0,1054886.0
2022-07-07,1030592.0,1109501.0
2022-07-08,1048823.0,1026056.0
2022-07-09,908653.0,950280.0
2022-07-10,907562.0,942501.0
2022-07-11,1005619.0,1090455.0
2022-07-12,965346.0,1078361.0
2022-07-13,1000293.0,1097320.0
2022-07-14,1044275.0,1060453.0
2022-07-15,1028439.0,1046930.0
2022-07-16,908011.0,894632.0
2022-07-17,899001.0,860756.0
2022-07-18,1058954.0,1048871.0
2022-07-19,992625.0,1104945.0
2022-07-20,1027445.0,1133158.0
2022-07-21,1034479.0,1221099.0
2022-07-22,1013517.0,1079288.0
2022-07-23,861367.0,896038.0
2022-07-24,869057.0,877355.0
2022-07-25,1010358.0,1089286.0
2022-07-26,1034917.0,1075173.0
2022-07-27,1063331.0,1021422.0
2022-07-28,1132053.0,989699.0
2022-07-29,1052398.0,987896.0
2022-07-30,872069.0,908404.0
2022-07-31,854560.0,994859.0
2022-08-01,1042497.0,998124.0
2022-08-02,1068843.0,991021.0
2022-08-03,1064105.0,1023485.0
2022-08-04,1094029.0,1077105.0
2022-08-05,1040716.0,1017343.0
2022-08-06,876023.0,884376.0
2022-08-07,881714.0,833254.0
2022-08-08,1010157.0,982389.0
2022-08-09,1027834.0,958017.0
2022-08-10,1022821.0,976552.0
2022-08-11,1084558.0,1002749.0
2022-08-12,1011124.0,1013599.0
2022-08-13,890101.0,928433.0
2022-08-14,877025.0,930952.0
2022-08-15,1003336.0,1125247.0
2022-08-16,975604.0,1076609.0
2022-08-17,982139.0,1178609.0
2022-08-18,1012910.0,1094165.0
2022-08-19,986771.0,1089029.0
2022-08-20,896394.0,926806.0
2022-08-21,907511.0,887091.0
2022-08-22,1048401.0,1046430.0
2022-08-23,978257.0,1088121.0
2022-08-24,1065912.0,1123419.0
2022-08-25,1060698.0,1110228.0
2022-08-26,1037481.0,1163258.0
2022-08-27,902046.0,964438.0
2022-08-28,862301.0,880607.0
2022-08-29,1065628.0,1043455.0
2022-08-30,1024175.0,1008700.0
2022-08-31,1092862.0,1009068.0
2022-09-01,1064713.0,1012102.0
2022-09-02,1092330.0,1029957.0
2022-09-03,928042.0,925622.0
2022-09-04,867021.0,941076.0
2022-09-05,1083660.0,1089526.0
2022-09-06,1032534.0,1100839.0
2022-09-07,1063569.0,1113259.0
2022-09-08,1029726.0,1134751.0
2022-09-09,1071305.0,1112322.0
2022-09-10,918991.0,987297.0
2022-09-11,881521.0,918426.0
2022-09-12,1054902.0,1030310.0
2022-09-13,1040220.0,1101434.0
2022-09-14,1050092.0,1142812.0
2022-09-15,1066158.0,1107275.0
2022-09-16,1087732.0,1072419.0
2022-09-17,963329.0,951808.0
2022-09-18,905410.0,1017434.0
2022-09-19,1050273.0,1050759.0
2022-09-20,1058751.0,1076995.0
2022-09-21,1109519.0,1042420.0
2022-09-22,1082082.0,1022136.0
2022-09-23,1054669.0,1108372.0
2022-09-24,926027.0,1035343.0
2022-09-25,947386.0,925435.0
2022-09-26,1031914.0,1170718.0
2022-09-27,1108163.0,1168598.0
2022-09-28,1121878.0,1104824.0
2022-09-29,1076424.0,1076475.0
2022-09-30,1084180.0,1053980.0
2022-10-01,981622.0,974697.0
2022-10-02,946953.0,937152.0
2022-10-03,1053269.0,1088184.0
2022-10-04,1127982.0,1055727.0
2022-10-05,1102900.0,1135842.0
2022-10-06,1070240.0,1055086.0
2022-10-07,1072042.0,1075616.0
2022-10-08,932032.0,955067.0
2022-10-09,949396.0,902650.0
2022-10-10,1093832.0,1119099.0
2022-10-11,1102121.0,1077378.0
2022-10-12,1063354.0,1084276.0
2022-10-13,1030552.0,1180462.0
2022-10-14,1039079.0,1190478.0
2022-10-15,963573.0,1041826.0
2022-10-16,940758.0,939673.0
2022-10-17,1137170.0,1174574.0
2022-10-18,1114686.0,1071574.0
2022-10-19,1096460.0,1075995.0
2022-10-20,1102479.0,1152395.0
2022-10-21,1108812.0,1106504.0
2022-10-22,964434.0,989526.0
2022-10-23,920193.0,984667.0
2022-10-24,1145095.0,1106699.0
2022-10-25,1095015.0,1100482.0
2022-10-26,1108841.0,1078844.0
2022-10-27,1136600.0,1117179.0
2022-10-28,1150158.0,1115144.0
2022-10-29,982647.0,1015594.0
2022-10-30,968908.0,1001969.0
2022-10-31,1088360.0,1128589.0
2022-11-01,1102774.0,1103681.0
2022-11-02,1081121.0,1104624.0
2022-11-03,1118672.0,1172198.0
2022-11-04,1125820.0,1169114.0
2022-11-05,1012727.0,1059145.0
2022-11-06,939236.0,1068271.0
2022-11-07,1088699.0,1194789.0
2022-11-08,1032513.0,1176950.0
2022-11-09,1028991.0,1177411.0
2022-11-10,1086363.0,1180188.0
2022-11-11,1122810.0,1180029.0
2022-11-12,994586.0,1046392.0
2022-11-13,943247.0,992265.0
2022-11-14,1050304.0,1178938.0
2022-11-15,1007155.0,1187706.0
2022-11-16,1026616.0,1185935.0
2022-11-17,1074226.0,1262361.0
2022-11-18,1128738.0,1240009.0
2022-11-19,1033200.0,1132901.0
2022-11-20,952824.0,1145033.0
2022-11-21,1112701.0,1268633.0
2022-11-22,1022564.0,1282720.0
2022-11-23,1093142.0,1240499.0
2022-11-24,1113295.0,1200534.0
2022-11-25,1149962.0,1200115.0
2022-11-26,1042360.0,1110005.0
2022-11-27,1013193.0,1121590.0
2022-11-28,1152938.0,1282789.0
2022-11-29,1106697.0,1287473.0
2022-11-30,1145446.0,1291576.0
2022-12-01,1122547.0,1281759.0
2022-12-02,1166110.0,1312765.0
2022-12-03,1063063.0,1208179.0
2022-12-04,1054525.0,1182851.0
2022-12-05,1225864.0,1322177.0
2022-12-06,1195355.0,1280218.0
2022-12-07,1204474.0,1292997.0
2022-12-08,1209917.0,1330990.0
2022-12-09,1205342.0,1330243.0
2022-12-10,1073096.0,1251669.0
2022-12-11,1086234.0,1194984.0
2022-12-12,1255460.0,1327403.0
2022-12-13,1244719.0,1373996.0
2022-12-14,1265814.0,1357033.0
2022-12-15,1259971.0,1342438.0
2022-12-16,1256724.0,1342533.0
2022-12-17,1135047.0,1255853.0
2022-12-18,1104033.0,1233681.0
2022-12-19,1273098.0,1327055.0
2022-12-20,1298759.0,1299317.0
2022-12-21,1294202.0,1283739.0
2022-12-22,1285722.0,1261481.0
2022-12-23,1317089.0,1261153.0
2022-12-24,1189027.0,1104864.0
2022-12-25,1148480.0,1069668.0
2022-12-26,1241044.0,1062810.0
2022-12-27,1257917.0,1164379.0
2022-12-28,1273079.0,1195840.0
2022-12-29,1289845.0,1168287.0
2022-12-30,1298654.0,1189525.0
2022-12-31,1168087.0,1102339.0
2023-01-01,1146882.0,1011404.0
2023-01-02,1147453.0,1182186.0
2023-01-03,1183322.0,1222776.0
2023-01-04,1191953.0,1250901.0
2023-01-05,1176131.0,1223891.0
2023-01-06,1211961.0,1189447.0
2023-01-07,1075669.0,1100814.0
2023-01-08,1120681.0,1062208.0
2023-01-09,1096298.0,1249342.0
2023-01-10,1113372.0,1277372.0
2023-01-11,1096287.0,1236146.0
2023-01-12,1121634.0,1294589.0
2023-01-13,1121995.0,1272556.0
2023-01-14,990328.0,1188445.0
2023-01-15,1020592.0,1126275.0
2023-01-16,1087051.0,1307024.0
2023-01-17,1098414.0,1267600.0
2023-01-18,1034867.0,1269852.0
2023-01-19,1121044.0,1274148.0
2023-01-20,1102491.0,1337749.0
2023-01-21,980309.0,1188847.0
2023-01-22,927873.0,1173713.0
2023-01-23,1165214.0,1312211.0
2023-01-24,1141982.0,1348751.0
2023-01-25,1071020.0,1382147.0
2023-01-26,1158104.0,1295879.0
2023-01-27,1170449.0,1290852.0
2023-01-28,1042974.0,1133796.0
2023-01-29,1005801.0,1139935.0
2023-01-30,1215709.0,1230244.0
2023-01-31,1207022.0,1266153.0
2023-02-01,1238482.0,1266412.0
2023-02-02,1222830.0,1262168.0
2023-02-03,1251913.0,1237897.0
2023-02-04,1098677.0,1102629.0
2023-02-05,1026367.0,1058872.0
2023-02-06,1167793.0,1204092.0
2023-02-07,1187756.0,1203348.0
2023-02-08,1218250.0,1194798.0
2023-02-09,1191369.0,1252955.0
2023-02-10,1194313.0,1185873.0
2023-02-11,1129810.0,1101428.0
2023-02-12,1015272.0,1089538.0
2023-02-13,1160171.0,1158695.0
2023-02-14,1173363.0,1144524.0
2023-02-15,1177117.0,1163182.0
2023-02-16,1178558.0,1221980.0
2023-02-17,1122172.0,1215127.0
2023-02-18,1080823.0,1089281.0
2023-02-19,1005038.0,1043557.0
2023-02-20,1112993.0,1205748.0
2023-02-21,1118590.0,1231867.0
2023-02-22,1165531.0,1208898.0
2023-02-23,1173959.0,1242667.0
2023-02-24,1105255.0,1217533.0
2023-02-25,1016139.0,1033872.0
2023-02-26,1007077.0,958046.0
2023-02-27,1131746.0,1110295.0
2023-02-28,1177854.0,1110915.0
2023-03-01,1184917.0,1080356.0
2023-03-02,1216433.0,1093373.0
2023-03-03,1114328.0,1149776.0
2023-03-04,952780.0,1067175.0
2023-03-05,989530.0,1029498.0
2023-03-06,1093983.0,1162593.0
2023-03-07,1159531.0,1253701.0
2023-03-08,1151095.0,1264648.0
2023-03-09,1174314.0,1283227.0
2023-03-10,1156387.0,1301222.0
2023-03-11,959376.0,1031221.0
2023-03-12,971049.0,1057103.0
2023-03-13,1078984.0,1085395.0
2023-03-14,1187709.0,1129475.0
2023-03-15,1171410.0,1061401.0
2023-03-16,1176559.0,1106377.0
2023-03-17,1189345.0,1066537.0
2023-03-18,985371.0,944080.0
2023-03-19,953666.0,962276.0
2023-03-20,1035058.0,1154779.0
2023-03-21,1102791.0,1135175.0
2023-03-22,1128866.0,1172797.0
2023-03-23,1110063.0,1056152.0
2023-03-24,1136652.0,1037405.0
2023-03-25,998465.0,997750.0
2023-03-26,955621.0,948830.0
2023-03-27,1059167.0,1028550.0
2023-03-28,1098321.0,1092525.0
2023-03-29,1118828.0,1114978.0
2023-03-30,1050723.0,1043366.0
2023-03-31,1029881.0,1133024.0
2023-04-01,918724.0,1168010.0
2023-04-02,956805.0,1093002.0
2023-04-03,979253.0,1220930.0
2023-04-04,1023273.0,1228381.0
2023-04-05,1036820.0,1221420.0
2023-04-06,904591.0,1281867.0
2023-04-07,969686.0,1261382.0
2023-04-08,897770.0,1089566.0
2023-04-09,863308.0,1023342.0
2023-04-10,943648.0,1086167.0
2023-04-11,992471.0,1193697.0
2023-04-12,985032.0,1228875.0
2023-04-13,924581.0,1231664.0
2023-04-14,976029.0,1178557.0
2023-04-15,851771.0,1069111.0
2023-04-16,790217.0,1064008.0
2023-04-17,820423.0,1178632.0
2023-04-18,866557.0,1199589.0
2023-04-19,919154.0,1191180.0
2023-04-20,895153.0,1238644.0
2023-04-21,972549.0,1195022.0
2023-04-22,821388.0,1084424.0
2023-04-23,779305.0,1032783.0
2023-04-24,825992.0,1233135.0
2023-04-25,820008.0,1213033.0
2023-04-26,823017.0,1219552.0
2023-04-27,997965.0,1054683.0
2023-04-28,984926.0,1167971.0
2023-04-29,804877.0,1064662.0
2023-04-30,804899.0,1014161.0
2023-05-01,852191.0,1164371.0
2023-05-02,798571.0,1175675.0
2023-05-03,844328.0,1165701.0
2023-05-04,797960.0,1160798.0
2023-05-05,998945.0,1169531.0
2023-05-06,774354.0,1057333.0
2023-05-07,767956.0,1043362.0
2023-05-08,893287.0,1178881.0
2023-05-09,834759.0,1234999.0
2023-05-10,815063.0,1213372.0
2023-05-11,756877.0,1205105.0
2023-05-12,912896.0,1188202.0
2023-05-13,808520.0,1049010.0
2023-05-14,756638.0,1016078.0
2023-05-15,913878.0,1197505.0
2023-05-16,922457.0,1195093.0
2023-05-17,925148.0,1168556.0
2023-05-18,936703.0,1037097.0
2023-05-19,994072.0,1084122.0
2023-05-20,721232.0,1038609.0
2023-05-21,739405.0,1012456.0
2023-05-22,936434.0,1171501.0
2023-05-23,924245.0,1190669.0
2023-05-24,875179.0,1175497.0
2023-05-25,803851.0,1170845.0
2023-05-26,897986.0,1148371.0
2023-05-27,686521.0,1020026.0
2023-05-28,739916.0,972094.0
2023-05-29,916455.0,998438.0
2023-05-30,908618.0,1146773.0
2023-05-31,923720.0,1163620.0
2023-06-01,849342.0,1183832.0
2023-06-02,745429.0,1172840.0
2023-06-03,639700.0,1037645.0
2023-06-04,665737.0,1004487.0
2023-06-05,803606.0,1149207.0
2023-06-06,831825.0,1169200.0
2023-06-07,942155.0,1184798.0
2023-06-08,925490.0,1195564.0
2023-06-09,902762.0,1201576.0
2023-06-10,643490.0,1088832.0
2023-06-11,641199.0,1067000.0
2023-06-12,743838.0,1233984.0
2023-06-13,813215.0,1249632.0
2023-06-14,936059.0,1229463.0
2023-06-15,967312.0,1235386.0
2023-06-16,957968.0,1212957.0
2023-06-17,678510.0,1093391.0
2023-06-18,668416.0,1083447.0
2023-06-19,763298.0,1237490.0
2023-06-20,843559.0,1273679.0
2023-06-21,964323.0,1232064.0
2023-06-22,982973.0,1263799.0
2023-06-23,964108.0,1201469.0
2023-06-24,734825.0,1083016.0
2023-06-25,784432.0,1074906.0
2023-06-26,870883.0,1207204.0
2023-06-27,901591.0,1202578.0
2023-06-28,988416.0,1230048.0
2023-06-29,1093904.0,1230541.0
2023-06-30,999915.0,1176883.0
2023-07-01,789178.0,1096790.0
2023-07-02,832191.0,1021311.0
2023-07-03,887306.0,1188290.0
2023-07-04,962895.0,1194841.0
2023-07-05,980405.0,1206738.0
2023-07-06,1060852.0,1174806.0
2023-07-07,894097.0,1180152.0
2023-07-08,861171.0,1108292.0
2023-07-09,816724.0,1100840.0
2023-07-10,878591.0,1206079.0
2023-07-11,977835.0,1243646.0
2023-07-12,999184.0,1219058.0
2023-07-13,1087575.0,1204125.0
2023-07-14,971322.0,1185957.0
2023-07-15,848244.0,1092976.0
2023-07-16,806262.0,1032313.0
2023-07-17,872435.0,1168140.0
2023-07-18,937307.0,1170731.0
2023-07-19,987335.0,1181680.0
2023-07-20,1014929.0,1173329.0
2023-07-21,989360.0,1152458.0
2023-07-22,843413.0,1059097.0
2023-07-23,770210.0,1037575.0
2023-07-24,873369.0,1160185.0
2023-07-25,918544.0,1137204.0
2023-07-26,942870.0,1145840.0
2023-07-27,1023461.0,1200696.0
2023-07-28,1037120.0,1165768.0
2023-07-29,839401.0,1055136.0
2023-07-30,808638.0,1018322.0
2023-07-31,899457.0,1193637.0
2023-08-01,905290.0,1150632.0
2023-08-02,934044.0,1163668.0
2023-08-03,1088495.0,1168641.0
2023-08-04,1050005.0,1120279.0
2023-08-05,849812.0,1041900.0
2023-08-06,741621.0,1035094.0
2023-08-07,926236.0,1126229.0
2023-08-08,877395.0,1135117.0
2023-08-09,941671.0,1120992.0
2023-08-10,1061168.0,1120241.0
2023-08-11,1015958.0,1137424.0
2023-08-12,899010.0,1074203.0
2023-08-13,814957.0,1017827.0
2023-08-14,912105.0,1142351.0
2023-08-15,854981.0,1166044.0
2023-08-16,884351.0,1152021.0
2023-08-17,1020181.0,1175122.0
2023-08-18,982587.0,1171540.0
2023-08-19,881142.0,1104342.0
2023-08-20,816762.0,1029981.0
2023-08-21,892649.0,1184115.0
2023-08-22,883996.0,1197743.0
2023-08-23,903036.0,1194965.0
2023-08-24,1041881.0,1240182.0
2023-08-25,1006448.0,1237926.0
2023-08-26,928927.0,1079139.0
2023-08-27,837173.0,1041465.0
2023-08-28,876946.0,1178150.0
2023-08-29,939267.0,1200552.0
2023-08-30,922312.0,1210737.0
2023-08-31,1104963.0,1194237.0
2023-09-01,1116264.0,1218534.0
2023-09-02,912019.0,1089546.0
2023-09-03,821965.0,1048266.0
2023-09-04,949454.0,1196811.0
2023-09-05,1019504.0,1243789.0
2023-09-06,984659.0,1264732.0
2023-09-07,1095969.0,1284139.0
2023-09-08,1172530.0,1277349.0
2023-09-09,938692.0,1148585.0
2023-09-10,829822.0,1127779.0
2023-09-11,972484.0,1288975.0
2023-09-12,1021775.0,1288319.0
2023-09-13,1015256.0,1266118.0
2023-09-14,1076183.0,1229657.0
2023-09-15,1153354.0,1210411.0
2023-09-16,936134.0,1106839.0
2023-09-17,876859.0,1102982.0
2023-09-18,1016100.0,1272450.0
2023-09-19,1072954.0,1279363.0
2023-09-20,1054372.0,1274212.0
2023-09-21,1082293.0,1287239.0
2023-09-22,1077815.0,1223132.0
2023-09-23,939580.0,1102844.0
2023-09-24,933729.0,1055659.0
2023-09-25,1002252.0,1214301.0
2023-09-26,1019692.0,1223534.0
2023-09-27,1011646.0,1245928.0
2023-09-28,1144603.0,1257656.0
2023-09-29,1079061.0,1256122.0
2023-09-30,922900.0,1095168.0
2023-10-01,903994.0,1063433.0
2023-10-02,995338.0,1229222.0
2023-10-03,1044495.0,1275377.0
2023-10-04,1022936.0,1242687.0
2023-10-05,1134428.0,1239924.0
2023-10-06,1089394.0,1247783.0
2023-10-07,918730.0,1134118.0
2023-10-08,881115.0,1079324.0
2023-10-09,1000509.0,1248257.0
2023-10-10,1002897.0,1250972.0
2023-10-11,998655.0,1298116.0
2023-10-12,1126778.0,1304346.0
2023-10-13,1066165.0,1312966.0
2023-10-14,943591.0,1145328.0
2023-10-15,978293.0,1115650.0
2023-10-16,1144924.0,1250613.0
2023-10-17,1115229.0,1260921.0
2023-10-18,1110054.0,1294210.0
2023-10-19,1182819.0,1315005.0
2023-10-20,1081837.0,1355702.0
2023-10-21,923640.0,1188585.0
2023-10-22,1000610.0,1129087.0
2023-10-23,1162876.0,1281413.0
2023-10-24,1104106.0,1328226.0
2023-10-25,1104997.0,1352318.0
2023-10-26,1237484.0,1320584.0
2023-10-27,1183325.0,1326033.0
2023-10-28,1013650.0,1195762.0
2023-10-29,1016890.0,1209427.0
2023-10-30,1224688.0,1304094.0
2023-10-31,1162614.0,1320371.0
2023-11-01,1179371.0,1351834.0
2023-11-02,1221649.0,1365034.0
2023-11-03,1234992.0,1344242.0
2023-11-04,1056714.0,1238555.0
2023-11-05,988013.0,1193997.0
2023-11-06,1187960.0,1339810.0
2023-11-07,1220073.0,1337372.0
2023-11-08,1122510.0,1364501.0
2023-11-09,1153653.0,1348876.0
2023-11-10,1133379.0,1380838.0
2023-11-11,1071288.0,1211382.0
2023-11-12,1003822.0,1180701.0
2023-11-13,1159118.0,1383818.0
2023-11-14,1213714.0,1370785.0
2023-11-15,1171970.0,1359624.0
2023-11-16,1162146.0,1377469.0
2023-11-17,1142241.0,1353294.0
2023-11-18,1076020.0,1286145.0
2023-11-19,1102588.0,1209446.0
2023-11-20,1164764.0,1344017.0
2023-11-21,1142185.0,1381774.0
2023-11-22,1168973.0,1402318.0
2023-11-23,1282624.0,1392962.0
2023-11-24,1281668.0,1409951.0
2023-11-25,1128959.0,1273596.0
2023-11-26,1063759.0,1228933.0
2023-11-27,1235657.0,1452692.0
2023-11-28,1270600.0,1439761.0
2023-11-29,1273257.0,1463131.0
2023-11-30,1240445.0,1472054.0
2023-12-01,1247007.0,1470069.0
2023-12-02,1125507.0,1330892.0
2023-12-03,1072700.0,1300239.0
2023-12-04,1284486.0,1504274.0
2023-12-05,1301257.0,1501818.0
2023-12-06,1336720.0,1460442.0
2023-12-07,1260231.0,1496591.0
2023-12-08,1264406.0,1468993.0
2023-12-09,1194045.0,1331360.0
2023-12-10,1200745.0,1263839.0
2023-12-11,1305381.0,1413533.0
2023-12-12,1318400.0,1409128.0
2023-12-13,1332420.0,1415684.0
2023-12-14,1379477.0,1425307.0
2023-12-15,1378298.0,1400215.0
2023-12-16,1202420.0,1306570.0
2023-12-17,1095740.0,1240002.0
2023-12-18,1304911.0,1426286.0
2023-12-19,1399149.0,1460536.0
2023-12-20,1392397.0,1451495.0
2023-12-21,1388365.0,1440566.0
2023-12-22,1372606.0,1413339.0
2023-12-23,1207646.0,1291321.0
2023-12-24,1114129.0,1246599.0
2023-12-25,1287475.0,1176511.0
2023-12-26,1331182.0,1195602.0
2023-12-27,1337008.0,1324988.0
2023-12-28,1353614.0,1314641.0
2023-12-29,1289864.0,1313552.0
2023-12-30,1147981.0,1230702.0
2023-12-31,1082460.0,1190755.0
2024-01-01,1198536.0,1171970.0
2024-01-02,1207237.0,1358661.0
2024-01-03,1194928.0,1387621.0
2024-01-04,1155679.0,1389882.0
2024-01-05,1136724.0,1407545.0
2024-01-06,1095524.0,1319064.0
2024-01-07,1049723.0,1313985.0
2024-01-08,1110832.0,1535774.0
2024-01-09,1105296.0,1539368.0
2024-01-10,1132310.0,1537533.0
2024-01-11,1133042.0,1554129.0
2024-01-12,1121718.0,1500373.0
2024-01-13,1075561.0,1373383.0
2024-01-14,999059.0,1326308.0
2024-01-15,1032921.0,1511036.0
2024-01-16,1080405.0,1506061.0
2024-01-17,1164212.0,1546690.0
2024-01-18,1336796.0,1497440.0
2024-01-19,1292780.0,1487979.0
2024-01-20,1180498.0,1377948.0
2024-01-21,1203698.0,1352146.0
2024-01-22,1177818.0,1423864.0
2024-01-23,1204732.0,1437143.0
2024-01-24,1295664.0,1412053.0
2024-01-25,1339324.0,1423945.0
2024-01-26,1304003.0,1409144.0
2024-01-27,1161250.0,1270893.0
2024-01-28,1227705.0,1231726.0
2024-01-29,1326428.0,1382235.0
2024-01-30,1361146.0,1417587.0
2024-01-31,1392821.0,1439845.0
2024-02-01,1406317.0,1388330.0
2024-02-02,1285122.0,1423463.0
2024-02-03,1172985.0,1276089.0
2024-02-04,1246473.0,1251222.0
2024-02-05,1284369.0,1404142.0
2024-02-06,1322884.0,1423770.0
2024-02-07,1290378.0,1419637.0
2024-02-08,1338423.0,1483301.0
2024-02-09,1253541.0,1409396.0
2024-02-10,1182243.0,1224916.0
2024-02-11,1181979.0,1204174.0
2024-02-12,1194967.0,1335969.0
2024-02-13,1242428.0,1372197.0
2024-02-14,1300823.0,1409016.0
2024-02-15,1309977.0,1361886.0
2024-02-16,1238271.0,1360396.0
2024-02-17,1106828.0,1202189.0
2024-02-18,1197313.0,1235302.0
2024-02-19,1203859.0,1368164.0
2024-02-20,1202673.0,1357484.0
2024-02-21,1291845.0,1387555.0
2024-02-22,1289912.0,1375765.0
2024-02-23,1245109.0,1394215.0
2024-02-24,1173549.0,1248701.0
2024-02-25,1102875.0,1180034.0
2024-02-26,1259297.0,1417813.0
2024-02-27,1201406.0,1349896.0
2024-02-28,1207274.0,1382329.0
2024-02-29,1266300.0,1418538.0
2024-03-01,1195321.0,1341777.0
2024-03-02,1110258.0,1177781.0
2024-03-03,1120917.0,1127109.0
2024-03-04,1200981.0,1283175.0
2024-03-05,1231611.0,1369295.0
2024-03-06,1259460.0,1306274.0
2024-03-07,1218602.0,1318208.0
2024-03-08,1127592.0,1305388.0
2024-03-09,1008626.0,1177615.0
2024-03-10,1107907.0,1145807.0
2024-03-11,1175375.0,1364206.0
2024-03-12,1248954.0,1343363.0
2024-03-13,1223691.0,1347178.0
2024-03-14,1158675.0,1261816.0
2024-03-15,1089173.0,1275089.0
2024-03-16,952142.0,1152965.0
2024-03-17,1025668.0,1131505.0
2024-03-18,1327950.0,1246069.0
2024-03-19,1312000.0,1249479.0
2024-03-20,1243601.0,1232009.0
2024-03-21,1104466.0,1276123.0
2024-03-22,1058290.0,1317580.0
2024-03-23,1022507.0,1168396.0
2024-03-24,1088408.0,1170362.0
2024-03-25,1222806.0,1241307.0
2024-03-26,1192176.0,1267571.0
2024-03-27,1188313.0,1286045.0
2024-03-28,1127837.0,1296570.0
2024-03-29,1175819.0,1235301.0
2024-03-30,1009921.0,1151361.0
2024-03-31,950066.0,1036086.0
2024-04-01,1098892.0,1096349.0
2024-04-02,1173766.0,1259972.0
2024-04-03,1208626.0,1280852.0
2024-04-04,1148273.0,1269555.0
2024-04-05,1146902.0,1245876.0
2024-04-06,993207.0,1085397.0
2024-04-07,942803.0,1047966.0
2024-04-08,1035161.0,1171624.0
2024-04-09,1089467.0,1227782.0
2024-04-10,1135548.0,1184508.0
2024-04-11,1056713.0,1257316.0
2024-04-12,1044311.0,1193664.0
2024-04-13,997193.0,1065991.0
2024-04-14,931396.0,1030319.0
2024-04-15,1072762.0,1240347.0
2024-04-16,1038664.0,1275303.0
2024-04-17,1033559.0,1261415.0
2024-04-18,1081782.0,1237671.0
2024-04-19,982473.0,1273762.0
2024-04-20,832877.0,1135374.0
2024-04-21,978049.0,1076363.0
2024-04-22,956479.0,1213430.0
2024-04-23,980966.0,1236574.0
2024-04-24,1005539.0,1260346.0
2024-04-25,1075948.0,1275644.0
2024-04-26,952779.0,1215096.0
2024-04-27,850623.0,1061527.0
2024-04-28,921612.0,1068197.0
2024-04-29,956747.0,1162524.0
2024-04-30,991000.0,1175473.0
2024-05-01,1011248.0,1193978.0
2024-05-02,1045347.0,1208872.0
2024-05-03,1011824.0,1249831.0
2024-05-04,885921.0,1082528.0
2024-05-05,977158.0,1031664.0
2024-05-06,946484.0,1166256.0
2024-05-07,1018880.0,1159474.0
2024-05-08,967340.0,1192276.0
2024-05-09,1031229.0,1044367.0
2024-05-10,1124785.0,1088523.0
2024-05-11,987509.0,1044000.0
2024-05-12,907807.0,1032552.0
2024-05-13,995084.0,1194038.0
2024-05-14,1013553.0,1222241.0
2024-05-15,1108900.0,1232083.0
2024-05-16,972094.0,1223330.0
2024-05-17,1009041.0,1199814.0
2024-05-18,835337.0,1061559.0
2024-05-19,861889.0,1008248.0
2024-05-20,975788.0,1045392.0
2024-05-21,914720.0,1198215.0
2024-05-22,1052473.0,1228734.0
2024-05-23,991671.0,1207401.0
2024-05-24,979716.0,1231757.0
2024-05-25,816972.0,1094006.0
2024-05-26,765691.0,1052049.0
2024-05-27,961926.0,1176207.0
2024-05-28,974463.0,1203630.0
2024-05-29,1039889.0,1219849.0
2024-05-30,972545.0,1194640.0
2024-05-31,1057631.0,1192406.0
2024-06-01,927330.0,1107886.0
2024-06-02,856589.0,1028506.0
2024-06-03,934180.0,1171559.0
2024-06-04,972873.0,1197897.0
2024-06-05,975530.0,1171734.0
2024-06-06,955018.0,1170315.0
2024-06-07,1002604.0,1150510.0
2024-06-08,942003.0,1051434.0
2024-06-09,938650.0,1014675.0
2024-06-10,958655.0,1217668.0
2024-06-11,981928.0,1180651.0
2024-06-12,938843.0,1174815.0
2024-06-13,987107.0,1179419.0
2024-06-14,931845.0,1203825.0
2024-06-15,884296.0,1087297.0
2024-06-16,913926.0,1036926.0
2024-06-17,1052898.0,1160626.0
2024-06-18,957639.0,1210528.0
2024-06-19,936663.0,1167409.0
2024-06-20,937275.0,1182410.0
2024-06-21,986983.0,1198705.0
2024-06-22,874180.0,1046427.0
2024-06-23,932247.0,1007101.0
2024-06-24,956497.0,1159577.0
2024-06-25,996415.0,1197024.0
2024-06-26,928478.0,1231112.0
2024-06-27,937465.0,1256158.0
2024-06-28,1068814.0,1190881.0
2024-06-29,829638.0,1074545.0
2024-06-30,921002.0,1048158.0
2024-07-01,894318.0,1171515.0
2024-07-02,1015058.0,1201798.0
2024-07-03,917395.0,1208555.0
2024-07-04,956773.0,1205842.0
2024-07-05,988002.0,1218084.0
2024-07-06,839272.0,1080596.0
2024-07-07,964034.0,1039179.0
2024-07-08,932517.0,1175976.0
2024-07-09,965325.0,1234063.0
2024-07-10,1014396.0,1232063.0
2024-07-11,924167.0,1204924.0
2024-07-12,947136.0,1250461.0
2024-07-13,814239.0,1097325.0
2024-07-14,919278.0,1040206.0
2024-07-15,955617.0,1184967.0
2024-07-16,1044477.0,1224510.0
2024-07-17,1044552.0,1204567.0
2024-07-18,954021.0,1217246.0
2024-07-19,1096684.0,1225828.0
2024-07-20,882352.0,1126624.0
2024-07-21,914141.0,1105888.0
2024-07-22,939410.0,1203253.0
2024-07-23,952379.0,1230298.0
2024-07-24,959844.0,1189007.0
2024-07-25,984424.0,1218805.0
2024-07-26,1066958.0,1193590.0
2024-07-27,909059.0,1068273.0
2024-07-28,1033614.0,1030316.0
2024-07-29,944286.0,1154924.0
2024-07-30,1001350.0,1192908.0
2024-07-31,1000955.0,1199493.0
2024-08-01,1022271.0,1199765.0
2024-08-02,984039.0,1155147.0
2024-08-03,881703.0,1085243.0
2024-08-04,922413.0,1032440.0
2024-08-05,920630.0,1146476.0
2024-08-06,1001783.0,1188108.0
2024-08-07,991037.0,1195120.0
2024-08-08,1040636.0,1177073.0
2024-08-09,962012.0,1219229.0
2024-08-10,915035.0,1080348.0
2024-08-11,950019.0,1068109.0
2024-08-12,938916.0,1226785.0
2024-08-13,951793.0,1280610.0
2024-08-14,986919.0,1268192.0
2024-08-15,999276.0,1235972.0
2024-08-16,971842.0,1242350.0
2024-08-17,905928.0,1086863.0
2024-08-18,902696.0,1058057.0
2024-08-19,937811.0,1179257.0
2024-08-20,1011130.0,1241778.0
2024-08-21,1099382.0,1204630.0
2024-08-22,967191.0,1224815.0
2024-08-23,1041921.0,1236287.0
2024-08-24,878360.0,1135564.0
2024-08-25,942032.0,1072677.0
2024-08-26,945304.0,1215692.0
2024-08-27,1055380.0,1223259.0
2024-08-28,1079269.0,1254386.0
2024-08-29,1020972.0,1260551.0
2024-08-30,1074788.0,1233405.0
2024-08-31,907971.0,1117528.0
2024-09-01,926517.0,1108667.0
2024-09-02,1008110.0,1294079.0
2024-09-03,1002625.0,1290728.0
2024-09-04,974289.0,1267376.0
2024-09-05,1017114.0,1280495.0
2024-09-06,1027869.0,1268151.0
2024-09-07,890235.0,1121007.0
2024-09-08,956289.0,1084739.0
2024-09-09,1023094.0,1223646.0
2024-09-10,1084227.0,1262083.0
2024-09-11,1098282.0,1229564.0
2024-09-12,1057312.0,1214643.0
2024-09-13,1084441.0,1208665.0
2024-09-14,899438.0,1091600.0
2024-09-15,1045418.0,1070215.0
2024-09-16,1102170.0,1216847.0
2024-09-17,1156968.0,1237816.0
2024-09-18,1132476.0,1244606.0
2024-09-19,1087838.0,1243700.0
2024-09-20,1077481.0,1228148.0
2024-09-21,999140.0,1097318.0
2024-09-22,1056159.0,1082779.0
2024-09-23,1101417.0,1234572.0
2024-09-24,1076963.0,1249296.0
2024-09-25,1059805.0,1272318.0
2024-09-26,1081154.0,1276498.0
2024-09-27,991710.0,1312769.0
2024-09-28,933529.0,1142991.0
2024-09-29,1007816.0,1095478.0
2024-09-30,1088122.0,1320889.0
2024-10-01,1059021.0,1332053.0
2024-10-02,1104571.0,1323464.0
2024-10-03,1069046.0,1273416.0
2024-10-04,1047195.0,1246913.0
2024-10-05,900890.0,1126567.0
2024-10-06,964666.0,1107221.0
2024-10-07,1125599.0,1241035.0
2024-10-08,1177574.0,1263691.0
2024-10-09,1193446.0,1293463.0
2024-10-10,1086170.0,1294644.0
2024-10-11,1091308.0,1281403.0
2024-10-12,946763.0,1174224.0
2024-10-13,977959.0,1148203.0
2024-10-14,1098449.0,1309805.0
2024-10-15,1144934.0,1305593.0
2024-10-16,1165809.0,1316227.0
2024-10-17,1109393.0,1319049.0
2024-10-18,1124129.0,1294725.0
2024-10-19,1004083.0,1176019.0
2024-10-20,1005653.0,1152442.0
2024-10-21,1152184.0,1322898.0
2024-10-22,1112548.0,1300964.0
2024-10-23,1157737.0,1313598.0
2024-10-24,1151742.0,1302768.0
2024-10-25,1160425.0,1276953.0
2024-10-26,1067190.0,1151041.0
2024-10-27,1126975.0,1170745.0
2024-10-28,1214458.0,1329454.0
2024-10-29,1121069.0,1342024.0
2024-10-30,1158139.0,1332082.0
2024-10-31,1162569.0,1337782.0
2024-11-01,1177762.0,1370558.0
2024-11-02,1072408.0,1201625.0
2024-11-03,1117806.0,1182688.0
2024-11-04,1185589.0,1336297.0
2024-11-05,1234252.0,1355881.0
2024-11-06,1280669.0,1395222.0
2024-11-07,1221829.0,1428608.0
2024-11-08,1216073.0,1440296.0
2024-11-09,1080261.0,1291322.0
2024-11-10,1076325.0,1219215.0
2024-11-11,1189271.0,1360431.0
2024-11-12,1266007.0,1387175.0
2024-11-13,1329544.0,1402689.0
2024-11-14,1311571.0,1401323.0
2024-11-15,1304946.0,1392509.0
2024-11-16,1165565.0,1294203.0
2024-11-17,1114460.0,1245600.0
2024-11-18,1195547.0,1414304.0
2024-11-19,1253349.0,1480103.0
2024-11-20,1319900.0,1535313.0
2024-11-21,1311799.0,1522953.0
2024-11-22,1316637.0,1518280.0
2024-11-23,1184882.0,1390939.0
2024-11-24,1162337.0,1270582.0
2024-11-25,1267054.0,1433830.0
2024-11-26,1349533.0,1439089.0
2024-11-27,1368338.0,1498840.0
2024-11-28,1392719.0,1445639.0
2024-11-29,1401192.0,1437931.0
2024-11-30,1185096.0,1332832.0
2024-12-01,1182699.0,1269170.0
2024-12-02,1337572.0,1431392.0
2024-12-03,1393872.0,1437318.0
2024-12-04,1358343.0,1479793.0
2024-12-05,1350288.0,1522704.0
2024-12-06,1330038.0,1479287.0
2024-12-07,1180021.0,1336413.0
2024-12-08,1224181.0,1292214.0
2024-12-09,1261737.0,1500800.0
2024-12-10,1324561.0,1514657.0
2024-12-11,1400598.0,1504028.0
2024-12-12,1335302.0,1496367.0
2024-12-13,1326607.0,1521143.0
2024-12-14,1176150.0,1385426.0
2024-12-15,1211024.0,1330419.0
2024-12-16,1261623.0,1475536.0
2024-12-17,1320212.0,1458694.0
2024-12-18,1411607.0,1479312.0
2024-12-19,1321246.0,1480266.0
2024-12-20,1340140.0,1439046.0
2024-12-21,1186511.0,1343164.0
2024-12-22,1224419.0,1308084.0
2024-12-23,1243241.0,1397383.0
2024-12-24,1335604.0,1372226.0
2024-12-25,1356622.0,1204062.0
2024-12-26,1360907.0,1221793.0
2024-12-27,1361771.0,1337653.0
2024-12-28,1195729.0,1321115.0
2024-12-29,1121565.0,1294039.0
2024-12-30,1269274.0,1393873.0
2024-12-31,1393343.0,1355650.0
