Date,Day-ahead Total Load Forecast [MW] - BZN|PL,Actual Total Load [MW] - BZN|PL
2019-01-01,361500.0,359470.0
2019-01-02,481930.0,481493.0
2019-01-03,534200.0,518478.0
2019-01-04,532400.0,526979.0
2019-01-05,480500.0,477519.0
2019-01-06,448000.0,429655.0
2019-01-07,540200.0,528374.0
2019-01-08,546450.0,542713.0
2019-01-09,548700.0,542388.0
2019-01-10,552200.0,550088.0
2019-01-11,549000.0,547263.0
2019-01-12,496200.0,484937.0
2019-01-13,445900.0,430841.0
2019-01-14,537950.0,519933.0
2019-01-15,550700.0,535612.0
2019-01-16,533875.0,530655.0
2019-01-17,545750.0,526311.0
2019-01-18,546150.0,533963.0
2019-01-19,489200.0,485560.0
2019-01-20,442100.0,438911.0
2019-01-21,537100.0,541984.0
2019-01-22,552900.0,554243.0
2019-01-23,561700.0,555630.0
2019-01-24,563100.0,558860.0
2019-01-25,567100.0,558636.0
2019-01-26,503400.0,498752.0
2019-01-27,451200.0,445646.0
2019-01-28,540300.0,527413.0
2019-01-29,552900.0,537713.0
2019-01-30,547600.0,537068.0
2019-01-31,547200.0,538388.0
2019-02-01,543200.0,532672.0
2019-02-02,486100.0,469445.0
2019-02-03,433800.0,421913.0
2019-02-04,531250.0,518934.0
2019-02-05,544300.0,532524.0
2019-02-06,542400.0,532457.0
2019-02-07,541000.0,528827.0
2019-02-08,539500.0,523685.0
2019-02-09,476600.0,469088.0
2019-02-10,425300.0,413664.0
2019-02-11,528800.0,508489.0
2019-02-12,538700.0,525257.0
2019-02-13,542900.0,527693.0
2019-02-14,540100.0,519624.0
2019-02-15,528400.0,514777.0
2019-02-16,473300.0,456239.0
2019-02-17,416500.0,404963.0
2019-02-18,512700.0,493207.0
2019-02-19,526800.0,504503.0
2019-02-20,521950.0,510859.0
2019-02-21,530100.0,516009.0
2019-02-22,539900.0,518992.0
2019-02-23,489800.0,470388.0
2019-02-24,431150.0,421660.0
2019-02-25,509600.0,501451.0
2019-02-26,520200.0,512526.0
2019-02-27,526500.0,509972.0
2019-02-28,522800.0,500771.0
2019-03-01,511194.0,515722.0
2019-03-02,467100.0,462232.0
2019-03-03,415700.0,409144.0
2019-03-04,508900.0,488290.0
2019-03-05,518500.0,504124.0
2019-03-06,514700.0,502750.0
2019-03-07,514100.0,502150.0
2019-03-08,512200.0,496331.0
2019-03-09,460500.0,449529.0
2019-03-10,408600.0,401655.0
2019-03-11,509500.0,491520.0
2019-03-12,517000.0,509882.0
2019-03-13,520700.0,512928.0
2019-03-14,523100.0,510638.0
2019-03-15,524400.0,508586.0
2019-03-16,458700.0,453559.0
2019-03-17,407650.0,391602.0
2019-03-18,494500.0,486483.0
2019-03-19,510900.0,503470.0
2019-03-20,507350.0,499889.0
2019-03-21,507700.0,502173.0
2019-03-22,504350.0,500303.0
2019-03-23,450250.0,437917.0
2019-03-24,401450.0,384190.0
2019-03-25,498750.0,481425.0
2019-03-26,511200.0,501369.0
2019-03-27,510150.0,496685.0
2019-03-28,514400.0,497418.0
2019-03-29,494550.0,491273.0
2019-03-30,444750.0,432423.0
2019-03-31,377900.0,371006.0
2019-04-01,479000.0,469684.0
2019-04-02,496550.0,480469.0
2019-04-03,492200.0,480423.0
2019-04-04,491300.0,478133.0
2019-04-05,489700.0,472925.0
2019-04-06,433850.0,422172.0
2019-04-07,383300.0,371280.0
2019-04-08,470500.0,460931.0
2019-04-09,487600.0,475952.0
2019-04-10,495600.0,486840.0
2019-04-11,487800.0,493125.0
2019-04-12,499900.0,494081.0
2019-04-13,443050.0,445902.0
2019-04-14,396100.0,391983.0
2019-04-15,478750.0,476561.0
2019-04-16,483400.0,487722.0
2019-04-17,494600.0,489234.0
2019-04-18,482100.0,485107.0
2019-04-19,466600.0,465848.0
2019-04-20,392050.0,382462.0
2019-04-21,325150.0,315732.0
2019-04-22,317500.0,319798.0
2019-04-23,446900.0,433695.0
2019-04-24,458731.0,469681.0
2019-04-25,477500.0,475827.0
2019-04-26,480350.0,472563.0
2019-04-27,429400.0,425094.0
2019-04-28,382300.0,379131.0
2019-04-29,470800.0,451795.0
2019-04-30,464900.0,453409.0
2019-05-01,376900.0,374346.0
2019-05-02,397096.0,390879.0
2019-05-03,382750.0,356963.0
2019-05-04,381400.0,376732.0
2019-05-05,361400.0,359595.0
2019-05-06,457600.0,457327.0
2019-05-07,480150.0,470677.0
2019-05-08,479750.0,473352.0
2019-05-09,485250.0,479275.0
2019-05-10,479800.0,476218.0
2019-05-11,427100.0,424218.0
2019-05-12,366300.0,370868.0
2019-05-13,460353.0,465453.0
2019-05-14,485800.0,483112.0
2019-05-15,490800.0,490592.0
2019-05-16,489100.0,485483.0
2019-05-17,488600.0,476959.0
2019-05-18,423100.0,417523.0
2019-05-19,375500.0,361613.0
2019-05-20,455850.0,455030.0
2019-05-21,475350.0,470511.0
2019-05-22,486400.0,472496.0
2019-05-23,482000.0,472663.0
2019-05-24,473000.0,469287.0
2019-05-25,422400.0,411681.0
2019-05-26,374000.0,363505.0
2019-05-27,466400.0,453756.0
2019-05-28,479200.0,470628.0
2019-05-29,474800.0,466777.0
2019-05-30,476800.0,468805.0
2019-05-31,474100.0,463428.0
2019-06-01,419900.0,408913.0
2019-06-02,360700.0,361313.0
2019-06-03,463600.0,456064.0
2019-06-04,479100.0,475161.0
2019-06-05,483900.0,480310.0
2019-06-06,486000.0,478332.0
2019-06-07,484800.0,478630.0
2019-06-08,428600.0,420333.0
2019-06-09,374500.0,357854.0
2019-06-10,476300.0,464713.0
2019-06-11,489900.0,496710.0
2019-06-12,495600.0,502001.0
2019-06-13,501600.0,499167.0
2019-06-14,508000.0,496958.0
2019-06-15,438600.0,444167.0
2019-06-16,369200.0,381179.0
2019-06-17,468600.0,465525.0
2019-06-18,486600.0,479310.0
2019-06-19,490100.0,482512.0
2019-06-20,370950.0,380874.0
2019-06-21,442250.0,428889.0
2019-06-22,418850.0,399209.0
2019-06-23,366500.0,354046.0
2019-06-24,456850.0,457854.0
2019-06-25,484750.0,486457.0
2019-06-26,502100.0,502636.0
2019-06-27,477200.0,482178.0
2019-06-28,471500.0,468641.0
2019-06-29,426600.0,415543.0
2019-06-30,379200.0,384025.0
2019-07-01,474500.0,472735.0
2019-07-02,467700.0,469621.0
2019-07-03,472000.0,458463.0
2019-07-04,472800.0,458173.0
2019-07-05,470500.0,458485.0
2019-07-06,413800.0,413517.0
2019-07-07,365450.0,357035.0
2019-07-08,451550.0,438031.0
2019-07-09,465500.0,453916.0
2019-07-10,464700.0,454324.0
2019-07-11,465800.0,457501.0
2019-07-12,464100.0,458843.0
2019-07-13,412550.0,407436.0
2019-07-14,362150.0,356573.0
2019-07-15,451850.0,438233.0
2019-07-16,465600.0,452578.0
2019-07-17,461900.0,457063.0
2019-07-18,464000.0,460209.0
2019-07-19,468200.0,462409.0
2019-07-20,420100.0,415177.0
2019-07-21,370700.0,364763.0
2019-07-22,451000.0,446463.0
2019-07-23,470000.0,460286.0
2019-07-24,476800.0,466427.0
2019-07-25,476500.0,471669.0
2019-07-26,476950.0,465023.0
2019-07-27,423250.0,409307.0
2019-07-28,381950.0,377772.0
2019-07-29,471950.0,464126.0
2019-07-30,485500.0,470283.0
2019-07-31,480700.0,461227.0
2019-08-01,473500.0,456155.0
2019-08-02,460800.0,450266.0
2019-08-03,415700.0,399291.0
2019-08-04,359400.0,352060.0
2019-08-05,444900.0,439430.0
2019-08-06,465650.0,459596.0
2019-08-07,463400.0,466630.0
2019-08-08,473400.0,459207.0
2019-08-09,469200.0,457024.0
2019-08-10,420450.0,412969.0
2019-08-11,368900.0,365275.0
2019-08-12,456000.0,455822.0
2019-08-13,466650.0,457390.0
2019-08-14,461850.0,449531.0
2019-08-15,364450.0,358644.0
2019-08-16,419800.0,403929.0
2019-08-17,394900.0,386579.0
2019-08-18,362750.0,354457.0
2019-08-19,455550.0,457168.0
2019-08-20,480900.0,473641.0
2019-08-21,474100.0,471628.0
2019-08-22,478200.0,465923.0
2019-08-23,475000.0,464365.0
2019-08-24,415559.0,417007.0
2019-08-25,384600.0,373200.0
2019-08-26,471100.0,467119.0
2019-08-27,487100.0,486757.0
2019-08-28,495600.0,492515.0
2019-08-29,492800.0,495262.0
2019-08-30,493600.0,491325.0
2019-08-31,439600.0,431732.0
2019-09-01,395400.0,379776.0
2019-09-02,476200.0,462232.0
2019-09-03,483100.0,466434.0
2019-09-04,481350.0,465611.0
2019-09-05,476700.0,464114.0
2019-09-06,471500.0,459516.0
2019-09-07,425750.0,410369.0
2019-09-08,377400.0,361058.0
2019-09-09,466950.0,453392.0
2019-09-10,474450.0,462138.0
2019-09-11,475900.0,463725.0
2019-09-12,476600.0,465781.0
2019-09-13,468700.0,469401.0
2019-09-14,418950.0,410100.0
2019-09-15,368700.0,362158.0
2019-09-16,463350.0,450918.0
2019-09-17,480000.0,468047.0
2019-09-18,479300.0,468875.0
2019-09-19,480650.0,474202.0
2019-09-20,480500.0,476712.0
2019-09-21,423300.0,424888.0
2019-09-22,371600.0,371724.0
2019-09-23,465550.0,463186.0
2019-09-24,482950.0,482209.0
2019-09-25,492200.0,491295.0
2019-09-26,492200.0,491438.0
2019-09-27,490600.0,485591.0
2019-09-28,440500.0,429835.0
2019-09-29,366000.0,384445.0
2019-09-30,484500.0,465587.0
2019-10-01,495800.0,481357.0
2019-10-02,498900.0,491768.0
2019-10-03,496600.0,490573.0
2019-10-04,503060.0,492528.0
2019-10-05,447500.0,438885.0
2019-10-06,390650.0,391634.0
2019-10-07,488900.0,488968.0
2019-10-08,508150.0,507149.0
2019-10-09,503750.0,503357.0
2019-10-10,510100.0,498103.0
2019-10-11,504700.0,490923.0
2019-10-12,437800.0,433388.0
2019-10-13,387500.0,382785.0
2019-10-14,482200.0,470285.0
2019-10-15,493950.0,483633.0
2019-10-16,498000.0,487885.0
2019-10-17,496500.0,485521.0
2019-10-18,498300.0,484078.0
2019-10-19,444800.0,431202.0
2019-10-20,390400.0,380892.0
2019-10-21,483150.0,474594.0
2019-10-22,495600.0,489627.0
2019-10-23,496950.0,494055.0
2019-10-24,496400.0,494064.0
2019-10-25,497800.0,490671.0
2019-10-26,445500.0,434487.0
2019-10-27,417600.0,407479.0
2019-10-28,501800.0,483818.0
2019-10-29,516400.0,505760.0
2019-10-30,511000.0,508438.0
2019-10-31,512500.0,500086.0
2019-11-01,385400.0,375962.0
2019-11-02,418200.0,404876.0
2019-11-03,395600.0,383180.0
2019-11-04,491800.0,486947.0
2019-11-05,508700.0,504533.0
2019-11-06,512950.0,505218.0
2019-11-07,515300.0,505954.0
2019-11-08,510100.0,506156.0
2019-11-09,452650.0,451496.0
2019-11-10,384250.0,396708.0
2019-11-11,379900.0,398564.0
2019-11-12,483950.0,494095.0
2019-11-13,505850.0,511607.0
2019-11-14,517900.0,511599.0
2019-11-15,515900.0,509832.0
2019-11-16,458050.0,449400.0
2019-11-17,406150.0,394825.0
2019-11-18,501700.0,489605.0
2019-11-19,512800.0,503064.0
2019-11-20,516900.0,511563.0
2019-11-21,517800.0,514248.0
2019-11-22,521100.0,512841.0
2019-11-23,474500.0,461745.0
2019-11-24,430400.0,417564.0
2019-11-25,521600.0,514371.0
2019-11-26,534500.0,529439.0
2019-11-27,525500.0,524214.0
2019-11-28,526900.0,520062.0
2019-11-29,528600.0,515920.0
2019-11-30,477100.0,464750.0
2019-12-01,417500.0,416112.0
2019-12-02,528900.0,516420.0
2019-12-03,537300.0,534907.0
2019-12-04,545300.0,528730.0
2019-12-05,541850.0,529994.0
2019-12-06,543600.0,532283.0
2019-12-07,485600.0,475589.0
2019-12-08,414250.0,416353.0
2019-12-09,522300.0,511586.0
2019-12-10,537450.0,530277.0
2019-12-11,543900.0,537291.0
2019-12-12,548400.0,540479.0
2019-12-13,544800.0,531420.0
2019-12-14,491400.0,473649.0
2019-12-15,419950.0,427800.0
2019-12-16,526500.0,508516.0
2019-12-17,538000.0,519298.0
2019-12-18,532300.0,513150.0
2019-12-19,531800.0,511267.0
2019-12-20,523500.0,494219.0
2019-12-21,472100.0,456049.0
2019-12-22,437800.0,422842.0
2019-12-23,490000.0,473443.0
2019-12-24,399900.0,397692.0
2019-12-25,346355.0,345793.0
2019-12-26,357800.0,348566.0
2019-12-27,426750.0,421223.0
2019-12-28,433000.0,427386.0
2019-12-29,392000.0,403428.0
2019-12-30,448100.0,448762.0
2019-12-31,420500.0,411498.0
2020-01-01,364400.0,358691.0
2020-01-02,458696.0,460853.0
2020-01-03,468807.0,485275.0
2020-01-04,446747.0,451856.0
2020-01-05,404150.0,405299.0
2020-01-06,402650.0,407769.0
2020-01-07,505150.0,507501.0
2020-01-08,533750.0,526153.0
2020-01-09,538400.0,526015.0
2020-01-10,536400.0,519744.0
2020-01-11,482750.0,468157.0
2020-01-12,431200.0,413757.0
2020-01-13,524400.0,511229.0
2020-01-14,534200.0,524888.0
2020-01-15,532000.0,522333.0
2020-01-16,536800.0,521639.0
2020-01-17,532800.0,525864.0
2020-01-18,473800.0,470788.0
2020-01-19,431300.0,416520.0
2020-01-20,527500.0,511921.0
2020-01-21,535300.0,526107.0
2020-01-22,539100.0,532644.0
2020-01-23,541500.0,531773.0
2020-01-24,540900.0,528979.0
2020-01-25,483300.0,475748.0
2020-01-26,410800.0,430414.0
2020-01-27,520600.0,514245.0
2020-01-28,536100.0,528436.0
2020-01-29,538700.0,526945.0
2020-01-30,542500.0,526035.0
2020-01-31,537300.0,517798.0
2020-02-01,474850.0,451632.0
2020-02-02,411000.0,404459.0
2020-02-03,518100.0,502452.0
2020-02-04,535500.0,518855.0
2020-02-05,537600.0,519598.0
2020-02-06,536450.0,530103.0
2020-02-07,537350.0,520384.0
2020-02-08,475200.0,464749.0
2020-02-09,403600.0,408665.0
2020-02-10,517800.0,501893.0
2020-02-11,534800.0,520739.0
2020-02-12,530700.0,521980.0
2020-02-13,530900.0,519620.0
2020-02-14,535200.0,523399.0
2020-02-15,464400.0,458038.0
2020-02-16,401700.0,402916.0
2020-02-17,507250.0,487935.0
2020-02-18,505397.0,503440.0
2020-02-19,522500.0,508464.0
2020-02-20,522950.0,509842.0
2020-02-21,519500.0,515218.0
2020-02-22,456650.0,450978.0
2020-02-23,413950.0,404518.0
2020-02-24,493600.0,494673.0
2020-02-25,518900.0,511495.0
2020-02-26,521700.0,510935.0
2020-02-27,529400.0,515619.0
2020-02-28,526200.0,513950.0
2020-02-29,464100.0,453123.0
2020-03-01,411700.0,399427.0
2020-03-02,502600.0,498332.0
2020-03-03,519600.0,511507.0
2020-03-04,514100.0,512409.0
2020-03-05,514200.0,503009.0
2020-03-06,502800.0,511435.0
2020-03-07,453150.0,454370.0
2020-03-08,403100.0,401565.0
2020-03-09,500250.0,492501.0
2020-03-10,506700.0,501912.0
2020-03-11,510900.0,497018.0
2020-03-12,505100.0,494665.0
2020-03-13,512300.0,495029.0
2020-03-14,459950.0,439411.0
2020-03-15,394800.0,390727.0
2020-03-16,474250.0,470563.0
2020-03-17,480100.0,477439.0
2020-03-18,483350.0,468063.0
2020-03-19,477600.0,466929.0
2020-03-20,477150.0,467835.0
2020-03-21,431600.0,419963.0
2020-03-22,384150.0,382924.0
2020-03-23,463700.0,456020.0
2020-03-24,471150.0,466167.0
2020-03-25,471350.0,460598.0
2020-03-26,458200.0,457954.0
2020-03-27,464000.0,444583.0
2020-03-28,398211.0,394435.0
2020-03-29,358300.0,353282.0
2020-03-30,460900.0,443073.0
2020-03-31,469600.0,456237.0
2020-04-01,465200.0,447388.0
2020-04-02,461300.0,445854.0
2020-04-03,460800.0,441118.0
2020-04-04,395800.0,393082.0
2020-04-05,372200.0,355917.0
2020-04-06,439900.0,416063.0
2020-04-07,446900.0,420349.0
2020-04-08,431300.0,419730.0
2020-04-09,428800.0,412788.0
2020-04-10,409750.0,408174.0
2020-04-11,347700.0,364925.0
2020-04-12,289900.0,301763.0
2020-04-13,306150.0,307153.0
2020-04-14,384200.0,398759.0
2020-04-15,405900.0,431075.0
2020-04-16,415850.0,427690.0
2020-04-17,419100.0,422215.0
2020-04-18,387650.0,382446.0
2020-04-19,358400.0,349318.0
2020-04-20,423200.0,418984.0
2020-04-21,439500.0,430068.0
2020-04-22,421950.0,430261.0
2020-04-23,431450.0,428170.0
2020-04-24,419800.0,422029.0
2020-04-25,390200.0,381768.0
2020-04-26,361350.0,352289.0
2020-04-27,424900.0,416537.0
2020-04-28,436100.0,428644.0
2020-04-29,432900.0,426754.0
2020-04-30,428157.0,411661.0
2020-05-01,357250.0,346495.0
2020-05-02,350050.0,338956.0
2020-05-03,335500.0,322839.0
2020-05-04,420303.0,406206.0
2020-05-05,436690.0,429093.0
2020-05-06,428490.0,435951.0
2020-05-07,424200.0,433087.0
2020-05-08,445200.0,421610.0
2020-05-09,373250.0,374543.0
2020-05-10,339900.0,337349.0
2020-05-11,424200.0,422395.0
2020-05-12,438650.0,438770.0
2020-05-13,444300.0,440053.0
2020-05-14,446000.0,438328.0
2020-05-15,448400.0,428275.0
2020-05-16,375400.0,378804.0
2020-05-17,347450.0,339279.0
2020-05-18,435000.0,421787.0
2020-05-19,444800.0,439842.0
2020-05-20,441400.0,437896.0
2020-05-21,448300.0,433397.0
2020-05-22,425682.0,425325.0
2020-05-23,379650.0,379760.0
2020-05-24,345450.0,343504.0
2020-05-25,432700.0,427610.0
2020-05-26,441000.0,439583.0
2020-05-27,440800.0,436930.0
2020-05-28,442000.0,433681.0
2020-05-29,443200.0,421676.0
2020-05-30,379100.0,378017.0
2020-05-31,351800.0,339287.0
2020-06-01,428100.0,417396.0
2020-06-02,431900.0,435491.0
2020-06-03,431500.0,439526.0
2020-06-04,442300.0,437979.0
2020-06-05,434900.0,438380.0
2020-06-06,385900.0,382611.0
2020-06-07,338400.0,343848.0
2020-06-08,429150.0,428330.0
2020-06-09,445900.0,440518.0
2020-06-10,442200.0,438134.0
2020-06-11,344100.0,343553.0
2020-06-12,388000.0,387160.0
2020-06-13,379600.0,378566.0
2020-06-14,342800.0,336975.0
2020-06-15,428100.0,428696.0
2020-06-16,446400.0,449268.0
2020-06-17,447000.0,458426.0
2020-06-18,451550.0,460038.0
2020-06-19,454450.0,455514.0
2020-06-20,389450.0,402896.0
2020-06-21,353000.0,354393.0
2020-06-22,450700.0,440799.0
2020-06-23,457100.0,450688.0
2020-06-24,460400.0,452797.0
2020-06-25,459050.0,456214.0
2020-06-26,465650.0,451802.0
2020-06-27,404750.0,400393.0
2020-06-28,354250.0,366630.0
2020-06-29,449400.0,448983.0
2020-06-30,461100.0,446940.0
2020-07-01,465600.0,455301.0
2020-07-02,462300.0,462449.0
2020-07-03,459250.0,456118.0
2020-07-04,406550.0,395566.0
2020-07-05,361800.0,351756.0
2020-07-06,449800.0,444575.0
2020-07-07,461200.0,442795.0
2020-07-08,461200.0,443451.0
2020-07-09,457000.0,446797.0
2020-07-10,458500.0,455170.0
2020-07-11,396600.0,394756.0
2020-07-12,359300.0,341769.0
2020-07-13,430839.0,427915.0
2020-07-14,454400.0,447584.0
2020-07-15,457700.0,451460.0
2020-07-16,455600.0,449753.0
2020-07-17,456200.0,443124.0
2020-07-18,398700.0,396807.0
2020-07-19,355500.0,351114.0
2020-07-20,449100.0,441569.0
2020-07-21,456700.0,447266.0
2020-07-22,451400.0,445095.0
2020-07-23,454900.0,445845.0
2020-07-24,450600.0,447319.0
2020-07-25,398700.0,399981.0
2020-07-26,359200.0,352465.0
2020-07-27,444400.0,441418.0
2020-07-28,460500.0,460878.0
2020-07-29,456900.0,456859.0
2020-07-30,454200.0,449371.0
2020-07-31,452050.0,440496.0
2020-08-01,402900.0,394813.0
2020-08-02,356550.0,349570.0
2020-08-03,442050.0,438900.0
2020-08-04,457100.0,447405.0
2020-08-05,461300.0,443636.0
2020-08-06,462600.0,448287.0
2020-08-07,460100.0,458437.0
2020-08-08,418250.0,414335.0
2020-08-09,366400.0,371683.0
2020-08-10,462800.0,457602.0
2020-08-11,472800.0,466075.0
2020-08-12,471100.0,458525.0
2020-08-13,475500.0,461443.0
2020-08-14,458900.0,448051.0
2020-08-15,365400.0,366611.0
2020-08-16,358600.0,349952.0
2020-08-17,464150.0,449739.0
2020-08-18,471550.0,469826.0
2020-08-19,465450.0,468095.0
2020-08-20,470650.0,472622.0
2020-08-21,471800.0,474881.0
2020-08-22,418300.0,425511.0
2020-08-23,378900.0,362926.0
2020-08-24,456300.0,446890.0
2020-08-25,472200.0,458372.0
2020-08-26,477200.0,460053.0
2020-08-27,477800.0,462857.0
2020-08-28,466400.0,455854.0
2020-08-29,425000.0,405814.0
2020-08-30,375300.0,366192.0
2020-08-31,463100.0,447053.0
2020-09-01,480300.0,459716.0
2020-09-02,475000.0,462286.0
2020-09-03,473800.0,455269.0
2020-09-04,473700.0,461246.0
2020-09-05,413650.0,409422.0
2020-09-06,368000.0,356494.0
2020-09-07,461200.0,443390.0
2020-09-08,469850.0,455035.0
2020-09-09,468100.0,462616.0
2020-09-10,469400.0,461793.0
2020-09-11,474000.0,460668.0
2020-09-12,422400.0,410114.0
2020-09-13,360400.0,359387.0
2020-09-14,455300.0,460905.0
2020-09-15,473600.0,478700.0
2020-09-16,484500.0,482380.0
2020-09-17,479700.0,473390.0
2020-09-18,476600.0,465726.0
2020-09-19,418100.0,413517.0
2020-09-20,365350.0,363095.0
2020-09-21,460200.0,459149.0
2020-09-22,482300.0,479446.0
2020-09-23,483000.0,481671.0
2020-09-24,492550.0,482846.0
2020-09-25,486500.0,482830.0
2020-09-26,424300.0,430478.0
2020-09-27,386000.0,380878.0
2020-09-28,476900.0,469142.0
2020-09-29,490300.0,490555.0
2020-09-30,492600.0,485897.0
2020-10-01,497600.0,492664.0
2020-10-02,490400.0,490217.0
2020-10-03,442400.0,424868.0
2020-10-04,381600.0,379401.0
2020-10-05,470600.0,468290.0
2020-10-06,495000.0,483338.0
2020-10-07,492900.0,489968.0
2020-10-08,496100.0,491958.0
2020-10-09,493900.0,491661.0
2020-10-10,432750.0,437546.0
2020-10-11,385250.0,391694.0
2020-10-12,482350.0,489598.0
2020-10-13,502800.0,509641.0
2020-10-14,506800.0,509342.0
2020-10-15,512500.0,507655.0
2020-10-16,507050.0,508118.0
2020-10-17,457300.0,454351.0
2020-10-18,392100.0,403889.0
2020-10-19,497800.0,489871.0
2020-10-20,511050.0,498906.0
2020-10-21,508000.0,503789.0
2020-10-22,504550.0,497968.0
2020-10-23,504350.0,499273.0
2020-10-24,443350.0,445911.0
2020-10-25,425100.0,411606.0
2020-10-26,494300.0,483751.0
2020-10-27,508200.0,500507.0
2020-10-28,502900.0,500763.0
2020-10-29,511700.0,504357.0
2020-10-30,498600.0,503944.0
2020-10-31,441600.0,444605.0
2020-11-01,370600.0,383569.0
2020-11-02,490500.0,483737.0
2020-11-03,507600.0,501607.0
2020-11-04,509600.0,503976.0
2020-11-05,511800.0,505844.0
2020-11-06,510300.0,507315.0
2020-11-07,452400.0,453974.0
2020-11-08,399200.0,405176.0
2020-11-09,494800.0,495590.0
2020-11-10,514400.0,508702.0
2020-11-11,412000.0,436721.0
2020-11-12,503500.0,500384.0
2020-11-13,511900.0,507203.0
2020-11-14,465200.0,455447.0
2020-11-15,409800.0,400087.0
2020-11-16,506200.0,495312.0
2020-11-17,515600.0,508738.0
2020-11-18,519550.0,511592.0
2020-11-19,516750.0,511108.0
2020-11-20,522100.0,516260.0
2020-11-21,466300.0,469736.0
2020-11-22,424850.0,418114.0
2020-11-23,517600.0,512216.0
2020-11-24,529200.0,521283.0
2020-11-25,531600.0,528030.0
2020-11-26,524400.0,535188.0
2020-11-27,539500.0,534305.0
2020-11-28,486800.0,479358.0
2020-11-29,432300.0,430957.0
2020-11-30,530500.0,526200.0
2020-12-01,544400.0,539104.0
2020-12-02,544800.0,551253.0
2020-12-03,552300.0,552619.0
2020-12-04,545100.0,532469.0
2020-12-05,475000.0,469037.0
2020-12-06,426350.0,425771.0
2020-12-07,528600.0,521704.0
2020-12-08,548800.0,542159.0
2020-12-09,554700.0,548547.0
2020-12-10,560700.0,553852.0
2020-12-11,555000.0,545594.0
2020-12-12,482100.0,490062.0
2020-12-13,442200.0,441359.0
2020-12-14,536100.0,527833.0
2020-12-15,555800.0,540506.0
2020-12-16,552800.0,540022.0
2020-12-17,548000.0,535453.0
2020-12-18,542200.0,531520.0
2020-12-19,486300.0,482599.0
2020-12-20,445600.0,440857.0
2020-12-21,535600.0,524837.0
2020-12-22,548000.0,528904.0
2020-12-23,521400.0,512996.0
2020-12-24,404850.0,411563.0
2020-12-25,348800.0,360517.0
2020-12-26,356700.0,366713.0
2020-12-27,392050.0,382779.0
2020-12-28,459200.0,465527.0
2020-12-29,476950.0,468046.0
2020-12-30,479300.0,468156.0
2020-12-31,442056.0,426922.0
2021-01-01,367500.0,376782.0
2021-01-02,429200.0,413130.0
2021-01-03,424750.0,399948.0
2021-01-04,499475.0,491868.0
2021-01-05,493400.0,513478.0
2021-01-06,427950.0,439255.0
2021-01-07,504000.0,515802.0
2021-01-08,524675.0,528434.0
2021-01-09,484625.0,479372.0
2021-01-10,441400.0,430409.0
2021-01-11,525600.0,525935.0
2021-01-12,540500.0,542905.0
2021-01-13,545175.0,543101.0
2021-01-14,556209.0,548626.0
2021-01-15,551200.0,556441.0
2021-01-16,489773.0,502015.0
2021-01-17,460888.0,466197.0
2021-01-18,573550.0,567847.0
2021-01-19,572441.0,567796.0
2021-01-20,552531.0,547041.0
2021-01-21,548571.0,529238.0
2021-01-22,551910.0,522686.0
2021-01-23,485833.0,472192.0
2021-01-24,441319.0,428339.0
2021-01-25,532769.0,525721.0
2021-01-26,547201.0,541027.0
2021-01-27,552728.0,544479.0
2021-01-28,555537.0,541311.0
2021-01-29,556908.0,542322.0
2021-01-30,493439.0,488971.0
2021-01-31,450850.0,448531.0
2021-02-01,542339.0,544439.0
2021-02-02,552361.0,553235.0
2021-02-03,549081.0,542320.0
2021-02-04,550609.0,544772.0
2021-02-05,555263.0,546784.0
2021-02-06,494173.0,491675.0
2021-02-07,465512.0,455645.0
2021-02-08,563131.0,555699.0
2021-02-09,578554.0,576467.0
2021-02-10,590028.0,575675.0
2021-02-11,584018.0,577889.0
2021-02-12,585130.0,578844.0
2021-02-13,502293.0,512641.0
2021-02-14,461329.0,455197.0
2021-02-15,561806.0,551975.0
2021-02-16,569201.0,561160.0
2021-02-17,563893.0,553472.0
2021-02-18,571723.0,550645.0
2021-02-19,566447.0,543871.0
2021-02-20,489258.0,471719.0
2021-02-21,431466.0,416181.0
2021-02-22,534986.0,505823.0
2021-02-23,534245.0,516692.0
2021-02-24,522045.0,508001.0
2021-02-25,520585.0,503248.0
2021-02-26,521454.0,506325.0
2021-02-27,451309.0,454329.0
2021-02-28,402529.0,408813.0
2021-03-01,511464.0,508646.0
2021-03-02,517220.0,514220.0
2021-03-03,517570.0,513380.0
2021-03-04,523839.0,520236.0
2021-03-05,533888.0,523181.0
2021-03-06,485523.0,464212.0
2021-03-07,429778.0,416445.0
2021-03-08,523259.0,512424.0
2021-03-09,528566.0,526683.0
2021-03-10,530548.0,523605.0
2021-03-11,534132.0,529864.0
2021-03-12,531032.0,521431.0
2021-03-13,469551.0,460788.0
2021-03-14,416478.0,410898.0
2021-03-15,516580.0,503947.0
2021-03-16,535482.0,522364.0
2021-03-17,535387.0,523483.0
2021-03-18,534287.0,527952.0
2021-03-19,541616.0,527958.0
2021-03-20,472300.0,477291.0
2021-03-21,427728.0,429300.0
2021-03-22,513963.0,508589.0
2021-03-23,518782.0,518659.0
2021-03-24,518455.0,521106.0
2021-03-25,527720.0,509505.0
2021-03-26,517404.0,500971.0
2021-03-27,441857.0,444430.0
2021-03-28,394299.0,389270.0
2021-03-29,511290.0,492373.0
2021-03-30,511047.0,497168.0
2021-03-31,497442.0,487408.0
2021-04-01,499082.0,479197.0
2021-04-02,492504.0,468129.0
2021-04-03,403620.0,407266.0
2021-04-04,330254.0,344870.0
2021-04-05,343584.0,345822.0
2021-04-06,491391.0,476591.0
2021-04-07,521753.0,504867.0
2021-04-08,520314.0,505409.0
2021-04-09,503512.0,493866.0
2021-04-10,446991.0,438360.0
2021-04-11,392443.0,379749.0
2021-04-12,485588.0,473473.0
2021-04-13,508315.0,503018.0
2021-04-14,510651.0,508893.0
2021-04-15,524132.0,513869.0
2021-04-16,522082.0,511555.0
2021-04-17,458767.0,452522.0
2021-04-18,413905.0,395531.0
2021-04-19,493277.0,475395.0
2021-04-20,516506.0,485385.0
2021-04-21,485586.0,480583.0
2021-04-22,483359.0,484152.0
2021-04-23,506742.0,486422.0
2021-04-24,452872.0,430249.0
2021-04-25,396987.0,387830.0
2021-04-26,482946.0,477946.0
2021-04-27,492072.0,488662.0
2021-04-28,500895.0,480084.0
2021-04-29,496673.0,478135.0
2021-04-30,470234.0,464064.0
2021-05-01,384404.0,392706.0
2021-05-02,386952.0,363636.0
2021-05-03,372989.0,367558.0
2021-05-04,459836.0,442054.0
2021-05-05,477207.0,473318.0
2021-05-06,473810.0,477694.0
2021-05-07,496547.0,484309.0
2021-05-08,433495.0,427094.0
2021-05-09,373220.0,368186.0
2021-05-10,461281.0,453551.0
2021-05-11,466550.0,470439.0
2021-05-12,479300.0,473837.0
2021-05-13,487450.0,471259.0
2021-05-14,491150.0,473032.0
2021-05-15,433847.0,415242.0
2021-05-16,376898.0,368936.0
2021-05-17,466442.0,459157.0
2021-05-18,488601.0,476316.0
2021-05-19,483601.0,474625.0
2021-05-20,484051.0,470488.0
2021-05-21,483701.0,463807.0
2021-05-22,422761.0,419231.0
2021-05-23,370400.0,366196.0
2021-05-24,466082.0,450941.0
2021-05-25,482296.0,475738.0
2021-05-26,480796.0,467627.0
2021-05-27,482096.0,469831.0
2021-05-28,482096.0,470325.0
2021-05-29,426910.0,417085.0
2021-05-30,372915.0,367465.0
2021-05-31,465000.0,451802.0
2021-06-01,477948.0,464594.0
2021-06-02,473800.0,461508.0
2021-06-03,374139.0,369080.0
2021-06-04,426103.0,410744.0
2021-06-05,401297.0,394872.0
2021-06-06,379992.0,361507.0
2021-06-07,466279.0,463695.0
2021-06-08,480798.0,481728.0
2021-06-09,490329.0,482522.0
2021-06-10,496800.0,479757.0
2021-06-11,495250.0,479786.0
2021-06-12,427950.0,422674.0
2021-06-13,372699.0,360376.0
2021-06-14,469460.0,457982.0
2021-06-15,491734.0,477391.0
2021-06-16,495339.0,483144.0
2021-06-17,493939.0,488931.0
2021-06-18,502200.0,495563.0
2021-06-19,449000.0,444130.0
2021-06-20,390450.0,391448.0
2021-06-21,489679.0,492793.0
2021-06-22,511703.0,507831.0
2021-06-23,508358.0,501797.0
2021-06-24,510800.0,502865.0
2021-06-25,500211.0,489666.0
2021-06-26,432000.0,430147.0
2021-06-27,379700.0,387840.0
2021-06-28,500067.0,478237.0
2021-06-29,515704.0,497495.0
2021-06-30,510563.0,490905.0
2021-07-01,497333.0,487581.0
2021-07-02,496500.0,483632.0
2021-07-03,432350.0,426070.0
2021-07-04,388450.0,380384.0
2021-07-05,487649.0,473187.0
2021-07-06,507388.0,495754.0
2021-07-07,514350.0,501181.0
2021-07-08,517000.0,500794.0
2021-07-09,514600.0,499149.0
2021-07-10,438550.0,429117.0
2021-07-11,399200.0,385856.0
2021-07-12,500549.0,483032.0
2021-07-13,519694.0,501060.0
2021-07-14,519700.0,510237.0
2021-07-15,518800.0,508331.0
2021-07-16,519250.0,508282.0
2021-07-17,449700.0,446463.0
2021-07-18,404000.0,386394.0
2021-07-19,492549.0,470856.0
2021-07-20,498862.0,480395.0
2021-07-21,500494.0,480815.0
2021-07-22,495644.0,484776.0
2021-07-23,494544.0,483728.0
2021-07-24,444050.0,429428.0
2021-07-25,394450.0,383922.0
2021-07-26,491649.0,474058.0
2021-07-27,506797.0,492287.0
2021-07-28,505894.0,495610.0
2021-07-29,507894.0,478558.0
2021-07-30,510394.0,471817.0
2021-07-31,436200.0,422669.0
2021-08-01,380702.0,377846.0
2021-08-02,471084.0,444293.0
2021-08-03,470196.0,460996.0
2021-08-04,479698.0,469153.0
2021-08-05,475300.0,467234.0
2021-08-06,480350.0,457789.0
2021-08-07,430462.0,405976.0
2021-08-08,381456.0,366326.0
2021-08-09,459655.0,449739.0
2021-08-10,478650.0,470435.0
2021-08-11,490244.0,469674.0
2021-08-12,488594.0,473090.0
2021-08-13,498994.0,475434.0
2021-08-14,430662.0,420365.0
2021-08-15,379256.0,370524.0
2021-08-16,471770.0,468305.0
2021-08-17,479523.0,471981.0
2021-08-18,483323.0,470895.0
2021-08-19,483273.0,477029.0
2021-08-20,484587.0,481169.0
2021-08-21,422087.0,421620.0
2021-08-22,379203.0,373379.0
2021-08-23,469520.0,464845.0
2021-08-24,486925.0,477091.0
2021-08-25,484966.0,471735.0
2021-08-26,492450.0,482344.0
2021-08-27,486900.0,479491.0
2021-08-28,430944.0,422312.0
2021-08-29,391050.0,386727.0
2021-08-30,474801.0,475156.0
2021-08-31,491550.0,490962.0
2021-09-01,484181.0,487172.0
2021-09-02,489097.0,481144.0
2021-09-03,492761.0,478439.0
2021-09-04,428075.0,426009.0
2021-09-05,381080.0,375062.0
2021-09-06,477529.0,457781.0
2021-09-07,492631.0,480638.0
2021-09-08,486681.0,484633.0
2021-09-09,486981.0,483109.0
2021-09-10,486581.0,480735.0
2021-09-11,427391.0,429827.0
2021-09-12,379847.0,385769.0
2021-09-13,475921.0,474316.0
2021-09-14,492720.0,490766.0
2021-09-15,493699.0,487296.0
2021-09-16,501449.0,496692.0
2021-09-17,505050.0,493879.0
2021-09-18,448987.0,439193.0
2021-09-19,400195.0,389083.0
2021-09-20,484619.0,478233.0
2021-09-21,499731.0,492546.0
2021-09-22,505231.0,498717.0
2021-09-23,501700.0,492124.0
2021-09-24,508431.0,482678.0
2021-09-25,442467.0,439471.0
2021-09-26,396042.0,389837.0
2021-09-27,491614.0,466601.0
2021-09-28,504951.0,488027.0
2021-09-29,498751.0,486694.0
2021-09-30,504051.0,494063.0
2021-10-01,500681.0,483387.0
2021-10-02,444817.0,429038.0
2021-10-03,397659.0,374145.0
2021-10-04,483278.0,475268.0
2021-10-05,499439.0,487161.0
2021-10-06,503056.0,501442.0
2021-10-07,507004.0,497937.0
2021-10-08,501500.0,489043.0
2021-10-09,444400.0,438654.0
2021-10-10,393650.0,396286.0
2021-10-11,492353.0,489993.0
2021-10-12,511700.0,509619.0
2021-10-13,517000.0,515763.0
2021-10-14,514800.0,515510.0
2021-10-15,513350.0,505173.0
2021-10-16,457637.0,453444.0
2021-10-17,406734.0,411047.0
2021-10-18,513095.0,501631.0
2021-10-19,525348.0,506259.0
2021-10-20,515098.0,496708.0
2021-10-21,515198.0,491553.0
2021-10-22,518060.0,489410.0
2021-10-23,463050.0,447874.0
2021-10-24,417600.0,406871.0
2021-10-25,506000.0,491325.0
2021-10-26,516100.0,513047.0
2021-10-27,518400.0,511318.0
2021-10-28,517900.0,509268.0
2021-10-29,519600.0,499221.0
2021-10-30,456667.0,439429.0
2021-10-31,419292.0,397342.0
2021-11-01,385168.0,363708.0
2021-11-02,512673.0,494902.0
2021-11-03,521000.0,514982.0
2021-11-04,523600.0,519197.0
2021-11-05,527670.0,516492.0
2021-11-06,464850.0,462295.0
2021-11-07,419799.0,413226.0
2021-11-08,516500.0,514155.0
2021-11-09,533200.0,530231.0
2021-11-10,531900.0,515484.0
2021-11-11,432050.0,435919.0
2021-11-12,503100.0,487006.0
2021-11-13,468300.0,458880.0
2021-11-14,430850.0,426991.0
2021-11-15,524200.0,527165.0
2021-11-16,540923.0,542785.0
2021-11-17,544200.0,540977.0
2021-11-18,550300.0,529811.0
2021-11-19,547220.0,524725.0
2021-11-20,477400.0,467005.0
2021-11-21,430850.0,419434.0
2021-11-22,540400.0,526177.0
2021-11-23,551900.0,540631.0
2021-11-24,548950.0,540901.0
2021-11-25,550950.0,539715.0
2021-11-26,552950.0,550714.0
2021-11-27,497900.0,497017.0
2021-11-28,445250.0,448289.0
2021-11-29,549650.0,545797.0
2021-11-30,567750.0,555742.0
2021-12-01,568900.0,556076.0
2021-12-02,564550.0,543194.0
2021-12-03,569350.0,544434.0
2021-12-04,503930.0,493874.0
2021-12-05,460000.0,449601.0
2021-12-06,563900.0,553401.0
2021-12-07,570100.0,575663.0
2021-12-08,581950.0,577225.0
2021-12-09,581600.0,579015.0
2021-12-10,579850.0,571959.0
2021-12-11,522800.0,518139.0
2021-12-12,468350.0,472637.0
2021-12-13,561200.0,565310.0
2021-12-14,572224.0,569079.0
2021-12-15,577676.0,559490.0
2021-12-16,571500.0,546517.0
2021-12-17,571426.0,543451.0
2021-12-18,510700.0,493033.0
2021-12-19,464800.0,445091.0
2021-12-20,567900.0,542228.0
2021-12-21,585924.0,570462.0
2021-12-22,582270.0,574664.0
2021-12-23,556400.0,560784.0
2021-12-24,431450.0,446322.0
2021-12-25,386250.0,400163.0
2021-12-26,401900.0,427084.0
2021-12-27,531550.0,520143.0
2021-12-28,542100.0,532982.0
2021-12-29,533300.0,527048.0
2021-12-30,529450.0,506464.0
2021-12-31,443350.0,435531.0
2022-01-01,374950.0,373425.0
2022-01-02,403350.0,390161.0
2022-01-03,504700.0,490791.0
2022-01-04,526100.0,515742.0
2022-01-05,529000.0,515541.0
2022-01-06,452332.0,443895.0
2022-01-07,488935.0,483747.0
2022-01-08,487200.0,474613.0
2022-01-09,449400.0,439063.0
2022-01-10,539400.0,545190.0
2022-01-11,562650.0,568726.0
2022-01-12,570750.0,569536.0
2022-01-13,561450.0,555471.0
2022-01-14,556450.0,545736.0
2022-01-15,493500.0,490193.0
2022-01-16,448850.0,443147.0
2022-01-17,556300.0,532399.0
2022-01-18,569650.0,551896.0
2022-01-19,569800.0,549780.0
2022-01-20,568150.0,550865.0
2022-01-21,573050.0,555485.0
2022-01-22,511600.0,504182.0
2022-01-23,462600.0,456035.0
2022-01-24,565800.0,546419.0
2022-01-25,572050.0,554380.0
2022-01-26,569600.0,550832.0
2022-01-27,563000.0,548038.0
2022-01-28,570400.0,543511.0
2022-01-29,505400.0,488496.0
2022-01-30,447100.0,437347.0
2022-01-31,550752.0,532193.0
2022-02-01,569900.0,549509.0
2022-02-02,555500.0,548931.0
2022-02-03,555500.0,548178.0
2022-02-04,557650.0,542425.0
2022-02-05,478312.0,477491.0
2022-02-06,445249.0,429005.0
2022-02-07,545508.0,522400.0
2022-02-08,552808.0,536504.0
2022-02-09,548558.0,534316.0
2022-02-10,545758.0,528616.0
2022-02-11,553900.0,535316.0
2022-02-12,491450.0,468061.0
2022-02-13,411643.0,411972.0
2022-02-14,506244.0,499138.0
2022-02-15,540308.0,520512.0
2022-02-16,532308.0,513518.0
2022-02-17,538858.0,509068.0
2022-02-18,534708.0,511856.0
2022-02-19,477450.0,444389.0
2022-02-20,432750.0,418180.0
2022-02-21,505932.0,513336.0
2022-02-22,537958.0,531982.0
2022-02-23,547108.0,529959.0
2022-02-24,539258.0,516558.0
2022-02-25,545250.0,523012.0
2022-02-26,482000.0,481038.0
2022-02-27,428950.0,429734.0
2022-02-28,526850.0,520730.0
2022-03-01,541000.0,531747.0
2022-03-02,543050.0,535486.0
2022-03-03,543050.0,543041.0
2022-03-04,544000.0,550342.0
2022-03-05,491750.0,494500.0
2022-03-06,435900.0,447434.0
2022-03-07,541650.0,527765.0
2022-03-08,555000.0,541598.0
2022-03-09,549550.0,537973.0
2022-03-10,550700.0,527381.0
2022-03-11,547950.0,526162.0
2022-03-12,482800.0,470268.0
2022-03-13,425700.0,413972.0
2022-03-14,522200.0,499657.0
2022-03-15,537700.0,518157.0
2022-03-16,535185.0,520299.0
2022-03-17,526600.0,515781.0
2022-03-18,521600.0,510706.0
2022-03-19,477900.0,456040.0
2022-03-20,417100.0,402738.0
2022-03-21,510450.0,490523.0
2022-03-22,518900.0,502358.0
2022-03-23,511750.0,501516.0
2022-03-24,513600.0,500746.0
2022-03-25,512700.0,492048.0
2022-03-26,461900.0,445934.0
2022-03-27,394000.0,380737.0
2022-03-28,499350.0,479108.0
2022-03-29,519350.0,508561.0
2022-03-30,523150.0,509153.0
2022-03-31,530450.0,525062.0
2022-04-01,534650.0,530334.0
2022-04-02,469350.0,477318.0
2022-04-03,418700.0,427603.0
2022-04-04,521900.0,510569.0
2022-04-05,538900.0,528165.0
2022-04-06,539850.0,523492.0
2022-04-07,505127.0,500311.0
2022-04-08,529150.0,504915.0
2022-04-09,469050.0,455641.0
2022-04-10,414900.0,414633.0
2022-04-11,522800.0,505537.0
2022-04-12,522550.0,508067.0
2022-04-13,508750.0,499590.0
2022-04-14,512600.0,494966.0
2022-04-15,508800.0,490444.0
2022-04-16,420400.0,408475.0
2022-04-17,358600.0,346588.0
2022-04-18,351650.0,351982.0
2022-04-19,490200.0,475193.0
2022-04-20,529800.0,517228.0
2022-04-21,521200.0,515171.0
2022-04-22,522900.0,507720.0
2022-04-23,447298.0,451442.0
2022-04-24,426100.0,407125.0
2022-04-25,516050.0,494532.0
2022-04-26,518800.0,507158.0
2022-04-27,514650.0,499418.0
2022-04-28,513850.0,496545.0
2022-04-29,508500.0,490242.0
2022-04-30,440600.0,424225.0
2022-05-01,367951.0,365100.0
2022-05-02,420650.0,401052.0
2022-05-03,380900.0,375853.0
2022-05-04,479250.0,459173.0
2022-05-05,499500.0,474596.0
2022-05-06,496850.0,480966.0
2022-05-07,431550.0,426193.0
2022-05-08,379450.0,371920.0
2022-05-09,472500.0,456073.0
2022-05-10,481300.0,467989.0
2022-05-11,481200.0,476851.0
2022-05-12,490250.0,472975.0
2022-05-13,490000.0,476590.0
2022-05-14,437500.0,419804.0
2022-05-15,381350.0,366327.0
2022-05-16,470250.0,457395.0
2022-05-17,488250.0,472422.0
2022-05-18,482300.0,475615.0
2022-05-19,486300.0,474394.0
2022-05-20,496200.0,475215.0
2022-05-21,444450.0,411769.0
2022-05-22,384250.0,371889.0
2022-05-23,471900.0,456772.0
2022-05-24,486900.0,472301.0
2022-05-25,488901.0,483602.0
2022-05-26,483400.0,470015.0
2022-05-27,488551.0,475135.0
2022-05-28,434700.0,414332.0
2022-05-29,390350.0,372181.0
2022-05-30,476550.0,463711.0
2022-05-31,489599.0,469363.0
2022-06-01,490450.0,473889.0
2022-06-02,472342.0,470590.0
2022-06-03,484001.0,467385.0
2022-06-04,432650.0,421045.0
2022-06-05,381100.0,364743.0
2022-06-06,472900.0,456299.0
2022-06-07,487451.0,480594.0
2022-06-08,487851.0,480913.0
2022-06-09,490151.0,486291.0
2022-06-10,487950.0,481523.0
2022-06-11,425650.0,424532.0
2022-06-12,376200.0,373815.0
2022-06-13,479600.0,464515.0
2022-06-14,481501.0,468384.0
2022-06-15,478601.0,468271.0
2022-06-16,381850.0,376732.0
2022-06-17,425000.0,410830.0
2022-06-18,415100.0,401260.0
2022-06-19,382200.0,374105.0
2022-06-20,481100.0,471610.0
2022-06-21,486101.0,471969.0
2022-06-22,483901.0,470863.0
2022-06-23,496951.0,480865.0
2022-06-24,489151.0,476629.0
2022-06-25,443700.0,432963.0
2022-06-26,395600.0,394067.0
2022-06-27,487750.0,482812.0
2022-06-28,517900.0,495644.0
2022-06-29,515200.0,495796.0
2022-06-30,517950.0,500504.0
2022-07-01,512550.0,499770.0
2022-07-02,437750.0,423555.0
2022-07-03,391800.0,376232.0
2022-07-04,489200.0,471103.0
2022-07-05,499350.0,484591.0
2022-07-06,494000.0,472276.0
2022-07-07,491850.0,469772.0
2022-07-08,483500.0,471989.0
2022-07-09,429800.0,411590.0
2022-07-10,380650.0,363967.0
2022-07-11,473250.0,448327.0
2022-07-12,483000.0,461188.0
2022-07-13,498100.0,470553.0
2022-07-14,488400.0,476398.0
2022-07-15,481300.0,461484.0
2022-07-16,426000.0,411263.0
2022-07-17,375950.0,363029.0
2022-07-18,472950.0,452744.0
2022-07-19,509700.0,478112.0
2022-07-20,511800.0,484694.0
2022-07-21,503600.0,489387.0
2022-07-22,499800.0,492001.0
2022-07-23,451000.0,435135.0
2022-07-24,392200.0,377136.0
2022-07-25,474965.0,457797.0
2022-07-26,476522.0,471804.0
2022-07-27,482402.0,460466.0
2022-07-28,475183.0,456289.0
2022-07-29,466466.0,456462.0
2022-07-30,429650.0,413712.0
2022-07-31,388412.0,370848.0
2022-08-01,462882.0,441288.0
2022-08-02,474432.0,459530.0
2022-08-03,482300.0,465488.0
2022-08-04,491654.0,468824.0
2022-08-05,490700.0,471767.0
2022-08-06,430850.0,411284.0
2022-08-07,376050.0,361303.0
2022-08-08,457023.0,448035.0
2022-08-09,475352.0,462200.0
2022-08-10,473754.0,462044.0
2022-08-11,475000.0,461933.0
2022-08-12,478700.0,463129.0
2022-08-13,429350.0,418364.0
2022-08-14,390000.0,369536.0
2022-08-15,372210.0,368831.0
2022-08-16,474200.0,470668.0
2022-08-17,493000.0,496608.0
2022-08-18,493950.0,497216.0
2022-08-19,500650.0,496369.0
2022-08-20,437550.0,440949.0
2022-08-21,388100.0,382769.0
2022-08-22,471305.0,466671.0
2022-08-23,494250.0,488709.0
2022-08-24,510600.0,494597.0
2022-08-25,513000.0,494543.0
2022-08-26,508850.0,490398.0
2022-08-27,450100.0,428369.0
2022-08-28,392500.0,390922.0
2022-08-29,477000.0,462656.0
2022-08-30,492700.0,475393.0
2022-08-31,493300.0,472509.0
2022-09-01,482200.0,463339.0
2022-09-02,485400.0,462338.0
2022-09-03,425379.0,407707.0
2022-09-04,374200.0,363237.0
2022-09-05,467400.0,442660.0
2022-09-06,478750.0,460133.0
2022-09-07,478200.0,458237.0
2022-09-08,482350.0,464816.0
2022-09-09,478600.0,471379.0
2022-09-10,432937.0,421511.0
2022-09-11,386750.0,369040.0
2022-09-12,469200.0,451497.0
2022-09-13,481350.0,465691.0
2022-09-14,479450.0,467108.0
2022-09-15,486250.0,470876.0
2022-09-16,480400.0,461592.0
2022-09-17,427687.0,415659.0
2022-09-18,385950.0,373960.0
2022-09-19,476909.0,463684.0
2022-09-20,488950.0,476219.0
2022-09-21,485650.0,478837.0
2022-09-22,484950.0,480670.0
2022-09-23,485750.0,474877.0
2022-09-24,441300.0,420524.0
2022-09-25,388850.0,378286.0
2022-09-26,478150.0,462865.0
2022-09-27,495900.0,476983.0
2022-09-28,493850.0,480690.0
2022-09-29,486600.0,484807.0
2022-09-30,491850.0,484034.0
2022-10-01,439350.0,421476.0
2022-10-02,395050.0,378085.0
2022-10-03,466719.0,468111.0
2022-10-04,494650.0,482363.0
2022-10-05,489400.0,482291.0
2022-10-06,484950.0,484014.0
2022-10-07,488150.0,477064.0
2022-10-08,433950.0,424392.0
2022-10-09,391500.0,384860.0
2022-10-10,486350.0,467192.0
2022-10-11,500200.0,487752.0
2022-10-12,497500.0,492899.0
2022-10-13,497500.0,485907.0
2022-10-14,501000.0,489646.0
2022-10-15,445000.0,430734.0
2022-10-16,403750.0,383102.0
2022-10-17,486950.0,468525.0
2022-10-18,498950.0,484485.0
2022-10-19,503250.0,487073.0
2022-10-20,503000.0,492668.0
2022-10-21,506400.0,494053.0
2022-10-22,455750.0,444864.0
2022-10-23,403300.0,391913.0
2022-10-24,489900.0,477818.0
2022-10-25,504850.0,490073.0
2022-10-26,504250.0,491420.0
2022-10-27,499600.0,490527.0
2022-10-28,497900.0,481708.0
2022-10-29,447950.0,425381.0
2022-10-30,412000.0,397207.0
2022-10-31,448700.0,428761.0
2022-11-01,363500.0,369396.0
2022-11-02,479900.0,459038.0
2022-11-03,509100.0,484648.0
2022-11-04,509000.0,491042.0
2022-11-05,462400.0,445792.0
2022-11-06,407300.0,397021.0
2022-11-07,494300.0,486077.0
2022-11-08,503600.0,492795.0
2022-11-09,508050.0,495679.0
2022-11-10,513000.0,497715.0
2022-11-11,426050.0,412751.0
2022-11-12,439150.0,417431.0
2022-11-13,413250.0,402103.0
2022-11-14,502900.0,497018.0
2022-11-15,518750.0,514664.0
2022-11-16,527800.0,520615.0
2022-11-17,536100.0,529349.0
2022-11-18,539500.0,542680.0
2022-11-19,485350.0,492918.0
2022-11-20,446302.0,447598.0
2022-11-21,540100.0,537105.0
2022-11-22,542550.0,546307.0
2022-11-23,555700.0,552058.0
2022-11-24,564850.0,560484.0
2022-11-25,560150.0,552084.0
2022-11-26,486700.0,485250.0
2022-11-27,439000.0,434893.0
2022-11-28,543550.0,522981.0
2022-11-29,558200.0,542472.0
2022-11-30,552000.0,553442.0
2022-12-01,556600.0,554077.0
2022-12-02,563700.0,559135.0
2022-12-03,500250.0,496551.0
2022-12-04,451050.0,436539.0
2022-12-05,549700.0,530832.0
2022-12-06,563550.0,547767.0
2022-12-07,564350.0,544520.0
2022-12-08,558450.0,543824.0
2022-12-09,559250.0,550711.0
2022-12-10,506400.0,495793.0
2022-12-11,462100.0,456500.0
2022-12-12,562500.0,538924.0
2022-12-13,574200.0,562116.0
2022-12-14,579700.0,576352.0
2022-12-15,580400.0,578835.0
2022-12-16,584300.0,574425.0
2022-12-17,519450.0,522182.0
2022-12-18,481950.0,487654.0
2022-12-19,570450.0,558556.0
2022-12-20,582750.0,543919.0
2022-12-21,566100.0,539891.0
2022-12-22,562500.0,524873.0
2022-12-23,530350.0,499825.0
2022-12-24,419600.0,408660.0
2022-12-25,358600.0,354573.0
2022-12-26,362550.0,349622.0
2022-12-27,457400.0,435764.0
2022-12-28,487500.0,460203.0
2022-12-29,486500.0,449809.0
2022-12-30,445777.0,443478.0
2022-12-31,419900.0,388082.0
2023-01-01,340475.0,330536.0
2023-01-02,478400.0,445117.0
2023-01-03,477418.0,483820.0
2023-01-04,504800.0,496714.0
2023-01-05,518600.0,487520.0
2023-01-06,426631.0,423058.0
2023-01-07,454317.0,424082.0
2023-01-08,435600.0,400588.0
2023-01-09,501371.0,495954.0
2023-01-10,528750.0,515720.0
2023-01-11,534450.0,516475.0
2023-01-12,524850.0,506990.0
2023-01-13,532400.0,506508.0
2023-01-14,467700.0,449615.0
2023-01-15,423450.0,402668.0
2023-01-16,504246.0,501991.0
2023-01-17,540950.0,514784.0
2023-01-18,542350.0,530412.0
2023-01-19,548900.0,536682.0
2023-01-20,546200.0,543656.0
2023-01-21,487200.0,476668.0
2023-01-22,438600.0,433192.0
2023-01-23,538100.0,528784.0
2023-01-24,548350.0,542452.0
2023-01-25,555650.0,544242.0
2023-01-26,557250.0,545764.0
2023-01-27,556350.0,540316.0
2023-01-28,497350.0,482837.0
2023-01-29,454000.0,438031.0
2023-01-30,542000.0,522129.0
2023-01-31,549050.0,526421.0
2023-02-01,552250.0,522232.0
2023-02-02,551100.0,525599.0
2023-02-03,552350.0,531547.0
2023-02-04,491000.0,476629.0
2023-02-05,452900.0,444370.0
2023-02-06,552850.0,539642.0
2023-02-07,567900.0,556861.0
2023-02-08,565550.0,546125.0
2023-02-09,563150.0,538701.0
2023-02-10,554900.0,533908.0
2023-02-11,486950.0,473448.0
2023-02-12,436100.0,422771.0
2023-02-13,524300.0,507545.0
2023-02-14,530000.0,519045.0
2023-02-15,526250.0,518869.0
2023-02-16,527650.0,509980.0
2023-02-17,537400.0,509830.0
2023-02-18,474150.0,445645.0
2023-02-19,423050.0,407733.0
2023-02-20,528300.0,493995.0
2023-02-21,524950.0,501672.0
2023-02-22,524200.0,512337.0
2023-02-23,531050.0,507922.0
2023-02-24,525800.0,505914.0
2023-02-25,474400.0,456589.0
2023-02-26,432200.0,419632.0
2023-02-27,521650.0,516062.0
2023-02-28,528800.0,525087.0
2023-03-01,528700.0,522063.0
2023-03-02,532400.0,526228.0
2023-03-03,535300.0,531408.0
2023-03-04,475945.0,467232.0
2023-03-05,434300.0,429422.0
2023-03-06,533800.0,519950.0
2023-03-07,543500.0,521173.0
2023-03-08,539400.0,516601.0
2023-03-09,539850.0,526525.0
2023-03-10,533700.0,505335.0
2023-03-11,474000.0,461189.0
2023-03-12,431150.0,411945.0
2023-03-13,519100.0,484088.0
2023-03-14,516350.0,490709.0
2023-03-15,529900.0,505277.0
2023-03-16,532150.0,505287.0
2023-03-17,520950.0,496028.0
2023-03-18,447250.0,433446.0
2023-03-19,403750.0,391884.0
2023-03-20,500600.0,475271.0
2023-03-21,517200.0,494714.0
2023-03-22,512200.0,486501.0
2023-03-23,503350.0,479014.0
2023-03-24,501850.0,476193.0
2023-03-25,450900.0,421185.0
2023-03-26,375047.0,368559.0
2023-03-27,495396.0,477004.0
2023-03-28,538350.0,500288.0
2023-03-29,525700.0,494718.0
2023-03-30,502100.0,490007.0
2023-03-31,503050.0,479476.0
2023-04-01,445550.0,430873.0
2023-04-02,426250.0,401187.0
2023-04-03,503750.0,483862.0
2023-04-04,521150.0,506733.0
2023-04-05,523600.0,508404.0
2023-04-06,505150.0,507543.0
2023-04-07,499300.0,489289.0
2023-04-08,414950.0,402482.0
2023-04-09,358150.0,333582.0
2023-04-10,350800.0,334293.0
2023-04-11,469600.0,439050.0
2023-04-12,494800.0,474641.0
2023-04-13,485100.0,473188.0
2023-04-14,488300.0,463843.0
2023-04-15,432550.0,418190.0
2023-04-16,388900.0,376251.0
2023-04-17,477450.0,462021.0
2023-04-18,484800.0,465876.0
2023-04-19,493600.0,483172.0
2023-04-20,480250.0,466144.0
2023-04-21,474700.0,450921.0
2023-04-22,418550.0,404099.0
2023-04-23,369600.0,357468.0
2023-04-24,471300.0,437992.0
2023-04-25,484500.0,470001.0
2023-04-26,485350.0,465462.0
2023-04-27,486100.0,473428.0
2023-04-28,481450.0,462210.0
2023-04-29,410385.0,403696.0
2023-04-30,357647.0,353065.0
2023-05-01,363950.0,335310.0
2023-05-02,395550.0,366009.0
2023-05-03,358250.0,353360.0
2023-05-04,426766.0,415811.0
2023-05-05,432519.0,425605.0
2023-05-06,420850.0,404878.0
2023-05-07,374200.0,364361.0
2023-05-08,447250.0,444657.0
2023-05-09,467900.0,450392.0
2023-05-10,463650.0,443081.0
2023-05-11,465550.0,449192.0
2023-05-12,463800.0,443515.0
2023-05-13,412250.0,395627.0
2023-05-14,367200.0,354303.0
2023-05-15,470050.0,447256.0
2023-05-16,452194.0,454643.0
2023-05-17,474450.0,464660.0
2023-05-18,476000.0,461032.0
2023-05-19,478700.0,468727.0
2023-05-20,412150.0,398813.0
2023-05-21,362000.0,343765.0
2023-05-22,445951.0,429070.0
2023-05-23,461600.0,449594.0
2023-05-24,468150.0,452214.0
2023-05-25,466950.0,451562.0
2023-05-26,464500.0,437142.0
2023-05-27,406750.0,382191.0
2023-05-28,355850.0,338186.0
2023-05-29,443501.0,425862.0
2023-05-30,462250.0,433744.0
2023-05-31,451950.0,434059.0
2023-06-01,449400.0,435179.0
2023-06-02,447600.0,434496.0
2023-06-03,395750.0,376708.0
2023-06-04,347550.0,337979.0
2023-06-05,436800.0,424392.0
2023-06-06,453050.0,442402.0
2023-06-07,451100.0,443182.0
2023-06-08,352100.0,358405.0
2023-06-09,390050.0,395652.0
2023-06-10,393600.0,368231.0
2023-06-11,356100.0,333853.0
2023-06-12,439200.0,421121.0
2023-06-13,460200.0,445123.0
2023-06-14,468500.0,451202.0
2023-06-15,468500.0,451134.0
2023-06-16,462150.0,451318.0
2023-06-17,398750.0,397451.0
2023-06-18,354450.0,353040.0
2023-06-19,443000.0,440668.0
2023-06-20,460300.0,462741.0
2023-06-21,467950.0,470380.0
2023-06-22,475150.0,470767.0
2023-06-23,483950.0,463415.0
2023-06-24,412650.0,400893.0
2023-06-25,372350.0,359198.0
2023-06-26,469000.0,447567.0
2023-06-27,449824.0,444557.0
2023-06-28,468550.0,437416.0
2023-06-29,464800.0,445148.0
2023-06-30,468100.0,454732.0
2023-07-01,412000.0,395102.0
2023-07-02,360850.0,339180.0
2023-07-03,434257.0,427447.0
2023-07-04,464950.0,444547.0
2023-07-05,468750.0,452495.0
2023-07-06,458200.0,453651.0
2023-07-07,462250.0,451783.0
2023-07-08,400615.0,395663.0
2023-07-09,380050.0,354359.0
2023-07-10,451275.0,445618.0
2023-07-11,474100.0,456374.0
2023-07-12,472100.0,465300.0
2023-07-13,473200.0,464648.0
2023-07-14,469250.0,447434.0
2023-07-15,415450.0,399212.0
2023-07-16,379200.0,366609.0
2023-07-17,459436.0,454245.0
2023-07-18,457815.0,443384.0
2023-07-19,479050.0,453212.0
2023-07-20,476150.0,447130.0
2023-07-21,467500.0,441858.0
2023-07-22,407942.0,383228.0
2023-07-23,364400.0,348260.0
2023-07-24,461400.0,431966.0
2023-07-25,456825.0,441940.0
2023-07-26,459706.0,436677.0
2023-07-27,454082.0,423588.0
2023-07-28,447830.0,432060.0
2023-07-29,387022.0,388038.0
2023-07-30,349586.0,347526.0
2023-07-31,424887.0,412815.0
2023-08-01,437384.0,431107.0
2023-08-02,436811.0,419155.0
2023-08-03,432378.0,430743.0
2023-08-04,436247.0,428853.0
2023-08-05,409168.0,393689.0
2023-08-06,361419.0,348574.0
2023-08-07,425925.0,411588.0
2023-08-08,419962.0,420637.0
2023-08-09,427687.0,433715.0
2023-08-10,434858.0,431799.0
2023-08-11,435656.0,429655.0
2023-08-12,388171.0,379196.0
2023-08-13,363496.0,346485.0
2023-08-14,399423.0,396939.0
2023-08-15,363824.0,363259.0
2023-08-16,460604.0,454258.0
2023-08-17,468471.0,473174.0
2023-08-18,471138.0,472321.0
2023-08-19,408539.0,423694.0
2023-08-20,376146.0,377650.0
2023-08-21,468483.0,462808.0
2023-08-22,480638.0,473274.0
2023-08-23,478563.0,471625.0
2023-08-24,478583.0,469530.0
2023-08-25,480488.0,473181.0
2023-08-26,416883.0,419621.0
2023-08-27,370941.0,377023.0
2023-08-28,442053.0,455028.0
2023-08-29,454908.0,471992.0
2023-08-30,462601.0,472235.0
2023-08-31,464538.0,455440.0
2023-09-01,461543.0,442759.0
2023-09-02,410951.0,397012.0
2023-09-03,366650.0,355282.0
2023-09-04,456087.0,435782.0
2023-09-05,470230.0,452018.0
2023-09-06,465523.0,458434.0
2023-09-07,465728.0,461401.0
2023-09-08,467908.0,461890.0
2023-09-09,425418.0,408441.0
2023-09-10,366934.0,366030.0
2023-09-11,460031.0,460364.0
2023-09-12,472809.0,480517.0
2023-09-13,479772.0,477346.0
2023-09-14,477045.0,471763.0
2023-09-15,458177.0,454019.0
2023-09-16,404771.0,392851.0
2023-09-17,367161.0,362821.0
2023-09-18,465502.0,449803.0
2023-09-19,473921.0,472970.0
2023-09-20,466864.0,456418.0
2023-09-21,465780.0,460662.0
2023-09-22,476216.0,461614.0
2023-09-23,411657.0,414174.0
2023-09-24,370723.0,362710.0
2023-09-25,454566.0,447883.0
2023-09-26,473708.0,465658.0
2023-09-27,474337.0,461899.0
2023-09-28,470860.0,463122.0
2023-09-29,474443.0,458560.0
2023-09-30,409535.0,404557.0
2023-10-01,372529.0,360516.0
2023-10-02,467695.0,446955.0
2023-10-03,466951.0,457744.0
2023-10-04,457850.0,460845.0
2023-10-05,465648.0,461532.0
2023-10-06,473521.0,463044.0
2023-10-07,419312.0,416687.0
2023-10-08,370955.0,366351.0
2023-10-09,471636.0,475497.0
2023-10-10,483596.0,485876.0
2023-10-11,472047.0,465863.0
2023-10-12,476917.0,476150.0
2023-10-13,474184.0,471987.0
2023-10-14,411857.0,413757.0
2023-10-15,364664.0,376115.0
2023-10-16,466279.0,471247.0
2023-10-17,485187.0,489641.0
2023-10-18,492968.0,489570.0
2023-10-19,493973.0,498090.0
2023-10-20,494214.0,496554.0
2023-10-21,437539.0,435444.0
2023-10-22,393595.0,399033.0
2023-10-23,479333.0,480004.0
2023-10-24,491272.0,487784.0
2023-10-25,515857.0,497649.0
2023-10-26,514312.0,500134.0
2023-10-27,508425.0,505895.0
2023-10-28,436856.0,445773.0
2023-10-29,400347.0,399652.0
2023-10-30,476498.0,466865.0
2023-10-31,493892.0,477946.0
2023-11-01,378384.0,373935.0
2023-11-02,467362.0,446303.0
2023-11-03,486572.0,476535.0
2023-11-04,438281.0,426976.0
2023-11-05,395562.0,391966.0
2023-11-06,482225.0,474375.0
2023-11-07,495473.0,490514.0
2023-11-08,500375.0,498601.0
2023-11-09,496128.0,494246.0
2023-11-10,504284.0,487217.0
2023-11-11,421924.0,420076.0
2023-11-12,406582.0,398064.0
2023-11-13,496497.0,489150.0
2023-11-14,502862.0,502263.0
2023-11-15,508717.0,512946.0
2023-11-16,520926.0,514975.0
2023-11-17,525626.0,524786.0
2023-11-18,471572.0,471552.0
2023-11-19,422627.0,422673.0
2023-11-20,520086.0,512942.0
2023-11-21,530632.0,533734.0
2023-11-22,537129.0,544777.0
2023-11-23,527567.0,532703.0
2023-11-24,532842.0,527190.0
2023-11-25,479045.0,483946.0
2023-11-26,434715.0,443948.0
2023-11-27,542987.0,543161.0
2023-11-28,558525.0,566784.0
2023-11-29,560771.0,566808.0
2023-11-30,570759.0,561921.0
2023-12-01,579351.0,566204.0
2023-12-02,517521.0,514572.0
2023-12-03,459757.0,462995.0
2023-12-04,564905.0,551050.0
2023-12-05,574523.0,565167.0
2023-12-06,577742.0,574577.0
2023-12-07,575793.0,574715.0
2023-12-08,570096.0,566816.0
2023-12-09,506102.0,505490.0
2023-12-10,459204.0,454472.0
2023-12-11,537771.0,525983.0
2023-12-12,551990.0,540579.0
2023-12-13,551352.0,540412.0
2023-12-14,554982.0,545978.0
2023-12-15,548724.0,541737.0
2023-12-16,482703.0,480514.0
2023-12-17,440813.0,434576.0
2023-12-18,523317.0,514660.0
2023-12-19,528515.0,522354.0
2023-12-20,537876.0,525048.0
2023-12-21,534507.0,515278.0
2023-12-22,516476.0,501049.0
2023-12-23,458635.0,459808.0
2023-12-24,394423.0,390209.0
2023-12-25,335890.0,360449.0
2023-12-26,355498.0,358231.0
2023-12-27,439642.0,436030.0
2023-12-28,455669.0,447007.0
2023-12-29,448730.0,435024.0
2023-12-30,427200.0,413964.0
2023-12-31,394138.0,380300.0
2024-01-01,368335.0,361581.0
2024-01-02,478110.0,454226.0
2024-01-03,508805.0,493042.0
2024-01-04,500148.0,504970.0
2024-01-05,506028.0,523646.0
2024-01-06,434113.0,447306.0
2024-01-07,468001.0,451072.0
2024-01-08,563592.0,568032.0
2024-01-09,581987.0,600935.0
2024-01-10,585892.0,599060.0
2024-01-11,585202.0,587549.0
2024-01-12,582879.0,573619.0
2024-01-13,491379.0,508414.0
2024-01-14,437225.0,453760.0
2024-01-15,542663.0,540949.0
2024-01-16,574196.0,568625.0
2024-01-17,571225.0,568027.0
2024-01-18,574145.0,557182.0
2024-01-19,564861.0,557912.0
2024-01-20,493786.0,493744.0
2024-01-21,446438.0,442731.0
2024-01-22,538361.0,527683.0
2024-01-23,545086.0,535498.0
2024-01-24,541511.0,533325.0
2024-01-25,543700.0,529827.0
2024-01-26,546566.0,534061.0
2024-01-27,491910.0,473340.0
2024-01-28,451050.0,433592.0
2024-01-29,514796.0,506087.0
2024-01-30,536663.0,515615.0
2024-01-31,532253.0,528194.0
2024-02-01,527879.0,527956.0
2024-02-02,537991.0,517923.0
2024-02-03,461652.0,458846.0
2024-02-04,421740.0,412359.0
2024-02-05,524152.0,499588.0
2024-02-06,525530.0,507407.0
2024-02-07,532984.0,517536.0
2024-02-08,551383.0,532519.0
2024-02-09,549917.0,527505.0
2024-02-10,480967.0,459603.0
2024-02-11,428204.0,409342.0
2024-02-12,512283.0,493586.0
2024-02-13,515032.0,512605.0
2024-02-14,511923.0,506558.0
2024-02-15,516992.0,508291.0
2024-02-16,499448.0,490836.0
2024-02-17,458822.0,449147.0
2024-02-18,417707.0,413522.0
2024-02-19,508476.0,504878.0
2024-02-20,515278.0,513919.0
2024-02-21,517644.0,508433.0
2024-02-22,514957.0,504876.0
2024-02-23,512965.0,503098.0
2024-02-24,435388.0,442605.0
2024-02-25,399887.0,401580.0
2024-02-26,485259.0,481964.0
2024-02-27,496955.0,495251.0
2024-02-28,504167.0,508659.0
2024-02-29,500073.0,506419.0
2024-03-01,484705.0,491984.0
2024-03-02,437439.0,441352.0
2024-03-03,398214.0,388950.0
2024-03-04,492452.0,480000.0
2024-03-05,514104.0,513500.0
2024-03-06,518433.0,518377.0
2024-03-07,513357.0,515079.0
2024-03-08,509889.0,509328.0
2024-03-09,449685.0,442087.0
2024-03-10,394415.0,383271.0
2024-03-11,504311.0,490907.0
2024-03-12,527204.0,514059.0
2024-03-13,518155.0,512911.0
2024-03-14,508062.0,498177.0
2024-03-15,497507.0,485755.0
2024-03-16,445418.0,429574.0
2024-03-17,408772.0,394512.0
2024-03-18,518838.0,505522.0
2024-03-19,524859.0,510279.0
2024-03-20,506464.0,506069.0
2024-03-21,513358.0,495297.0
2024-03-22,509807.0,497346.0
2024-03-23,444534.0,439988.0
2024-03-24,417775.0,403561.0
2024-03-25,509323.0,493546.0
2024-03-26,491663.0,486522.0
2024-03-27,478601.0,475564.0
2024-03-28,479019.0,477084.0
2024-03-29,456323.0,446748.0
2024-03-30,378576.0,378188.0
2024-03-31,305568.0,308716.0
2024-04-01,323493.0,322982.0
2024-04-02,439152.0,436289.0
2024-04-03,503006.0,472278.0
2024-04-04,467149.0,474453.0
2024-04-05,459690.0,464725.0
2024-04-06,413443.0,412397.0
2024-04-07,365337.0,369470.0
2024-04-08,448967.0,448485.0
2024-04-09,450005.0,460807.0
2024-04-10,469411.0,469008.0
2024-04-11,469658.0,464409.0
2024-04-12,469346.0,462227.0
2024-04-13,416032.0,406650.0
2024-04-14,373671.0,380245.0
2024-04-15,470524.0,462244.0
2024-04-16,479261.0,471099.0
2024-04-17,483707.0,488187.0
2024-04-18,483594.0,488023.0
2024-04-19,485987.0,485216.0
2024-04-20,443754.0,437930.0
2024-04-21,419235.0,402011.0
2024-04-22,497927.0,492850.0
2024-04-23,497063.0,492920.0
2024-04-24,505184.0,495498.0
2024-04-25,504092.0,485338.0
2024-04-26,484250.0,477415.0
2024-04-27,410416.0,416239.0
2024-04-28,359415.0,374558.0
2024-04-29,437334.0,440960.0
2024-04-30,450344.0,433724.0
2024-05-01,366182.0,363030.0
2024-05-02,373850.0,368138.0
2024-05-03,354893.0,343922.0
2024-05-04,371690.0,366409.0
2024-05-05,354958.0,351845.0
2024-05-06,448740.0,431579.0
2024-05-07,468518.0,452302.0
2024-05-08,459079.0,445292.0
2024-05-09,453090.0,453175.0
2024-05-10,458151.0,452466.0
2024-05-11,420577.0,408231.0
2024-05-12,351170.0,360862.0
2024-05-13,440424.0,440452.0
2024-05-14,452446.0,450880.0
2024-05-15,446795.0,448131.0
2024-05-16,443605.0,450228.0
2024-05-17,443484.0,448706.0
2024-05-18,406148.0,407116.0
2024-05-19,375143.0,365563.0
2024-05-20,450235.0,451230.0
2024-05-21,465261.0,459491.0
2024-05-22,467211.0,464142.0
2024-05-23,465961.0,473387.0
2024-05-24,468162.0,466860.0
2024-05-25,417110.0,412109.0
2024-05-26,368406.0,369753.0
2024-05-27,456956.0,443479.0
2024-05-28,470110.0,463192.0
2024-05-29,469026.0,460451.0
2024-05-30,375725.0,369827.0
2024-05-31,414965.0,399363.0
2024-06-01,390458.0,386545.0
2024-06-02,363265.0,359150.0
2024-06-03,455089.0,439110.0
2024-06-04,477725.0,464428.0
2024-06-05,469903.0,454808.0
2024-06-06,471398.0,461888.0
2024-06-07,459131.0,460931.0
2024-06-08,407209.0,394209.0
2024-06-09,361850.0,361456.0
2024-06-10,457172.0,451441.0
2024-06-11,457567.0,458987.0
2024-06-12,462167.0,455843.0
2024-06-13,1799447.0,1781608.0
2024-06-14,1744700.0,1757618.0
2024-06-15,1534725.0,1556456.0
2024-06-16,1418750.0,1407676.0
2024-06-17,1743700.0,1730482.0
2024-06-18,1819000.0,1807203.0
2024-06-19,1799500.0,1819324.0
2024-06-20,1772850.0,1774209.0
2024-06-21,1795550.0,1807197.0
2024-06-22,1589750.0,1597372.0
2024-06-23,1386800.0,1412821.0
2024-06-24,1698050.0,1728489.0
2024-06-25,1773000.0,1805137.0
2024-06-26,1819000.0,1822711.0
2024-06-27,1859800.0,1868154.0
2024-06-28,1854950.0,1858930.0
2024-06-29,1651900.0,1698572.0
2024-06-30,1462250.0,1530030.0
2024-07-01,1758600.0,1756459.0
2024-07-02,1761450.0,1739506.0
2024-07-03,1763950.0,1734184.0
2024-07-04,1736850.0,1738425.0
2024-07-05,1742350.0,1695456.0
2024-07-06,1616700.0,1553235.0
2024-07-07,1436850.0,1398145.0
2024-07-08,1732800.0,1747607.0
2024-07-09,1786850.0,1819600.0
2024-07-10,1816300.0,1868628.0
2024-07-11,1839000.0,1887845.0
2024-07-12,1833150.0,1840305.0
2024-07-13,1621700.0,1579591.0
2024-07-14,1449150.0,1407191.0
2024-07-15,1793950.0,1765158.0
2024-07-16,1866550.0,1841765.0
2024-07-17,1868450.0,1781819.0
2024-07-18,1823000.0,1742112.0
2024-07-19,1771650.0,1734055.0
2024-07-20,1573650.0,1560097.0
2024-07-21,1454550.0,1418429.0
2024-07-22,1796400.0,1716506.0
2024-07-23,1749300.0,1745220.0
2024-07-24,1733600.0,1752695.0
2024-07-25,1714000.0,1705322.0
2024-07-26,1714000.0,1706442.0
2024-07-27,1556750.0,1543700.0
2024-07-28,1388300.0,1358560.0
2024-07-29,1679750.0,1586322.0
2024-07-30,1720950.0,1657616.0
2024-07-31,1733050.0,1702739.0
2024-08-01,1716800.0,1737314.0
2024-08-02,1679400.0,1727941.0
2024-08-03,1534450.0,1508034.0
2024-08-04,1370800.0,1361905.0
2024-08-05,1623600.0,1628399.0
2024-08-06,1707650.0,1669842.0
2024-08-07,1715850.0,1694083.0
2024-08-08,1736250.0,1723041.0
2024-08-09,1717250.0,1711212.0
2024-08-10,1537400.0,1504085.0
2024-08-11,1401300.0,1367537.0
2024-08-12,1612850.0,1630815.0
2024-08-13,1660050.0,1674384.0
2024-08-14,1694700.0,1668316.0
2024-08-15,1403500.0,1414830.0
2024-08-16,1564700.0,1586542.0
2024-08-17,1546000.0,1534762.0
2024-08-18,1412600.0,1407556.0
2024-08-19,1690550.0,1720855.0
2024-08-20,1720900.0,1778879.0
2024-08-21,1815750.0,1784715.0
2024-08-22,1745250.0,1720204.0
2024-08-23,1746450.0,1722084.0
2024-08-24,1610950.0,1548094.0
2024-08-25,1450750.0,1442399.0
2024-08-26,1748650.0,1719982.0
2024-08-27,1767200.0,1782765.0
2024-08-28,1764750.0,1783374.0
2024-08-29,1795524.0,1824145.0
2024-08-30,1790484.0,1837410.0
2024-08-31,1609000.0,1567153.0
2024-09-01,1453000.0,1372490.0
2024-09-02,1748000.0,1703683.0
2024-09-03,1808000.0,1779483.0
2024-09-04,1825350.0,1790295.0
2024-09-05,1813500.0,1773067.0
2024-09-06,1791400.0,1760920.0
2024-09-07,1558400.0,1558550.0
2024-09-08,1400000.0,1399404.0
2024-09-09,1738250.0,1730412.0
2024-09-10,1793800.0,1770539.0
2024-09-11,1778150.0,1725377.0
2024-09-12,1788050.0,1764165.0
2024-09-13,1798250.0,1772141.0
2024-09-14,1573000.0,1562815.0
2024-09-15,1390800.0,1395766.0
2024-09-16,1702600.0,1690428.0
2024-09-17,1736500.0,1725447.0
2024-09-18,1729800.0,1729854.0
2024-09-19,1735000.0,1721662.0
2024-09-20,1728850.0,1696949.0
2024-09-21,1514850.0,1499380.0
2024-09-22,1385600.0,1341446.0
2024-09-23,1688400.0,1666141.0
2024-09-24,1747800.0,1724794.0
2024-09-25,1735000.0,1734811.0
2024-09-26,1766250.0,1751950.0
2024-09-27,1745700.0,1758328.0
2024-09-28,1536800.0,1549285.0
2024-09-29,1382200.0,1380189.0
2024-09-30,1691450.0,1695026.0
2024-10-01,1771450.0,1779923.0
2024-10-02,1814950.0,1870198.0
2024-10-03,1834450.0,1882533.0
2024-10-04,1882350.0,1878219.0
2024-10-05,1642000.0,1674559.0
2024-10-06,1465450.0,1509241.0
2024-10-07,1736700.0,1779649.0
2024-10-08,1803300.0,1807456.0
2024-10-09,1883250.0,1844785.0
2024-10-10,1829750.0,1807034.0
2024-10-11,1825700.0,1819123.0
2024-10-12,1592300.0,1620676.0
2024-10-13,1526600.0,1468089.0
2024-10-14,1805500.0,1781145.0
2024-10-15,1859900.0,1866448.0
2024-10-16,1831550.0,1849668.0
2024-10-17,1887400.0,1834189.0
2024-10-18,1831550.0,1818631.0
2024-10-19,1591050.0,1601622.0
2024-10-20,1423743.0,1445433.0
2024-10-21,1798050.0,1782080.0
2024-10-22,1852350.0,1819154.0
2024-10-23,1842350.0,1845795.0
2024-10-24,1832350.0,1863371.0
2024-10-25,1834850.0,1839664.0
2024-10-26,1641050.0,1644138.0
2024-10-27,1516800.0,1498581.0
2024-10-28,1802900.0,1801234.0
2024-10-29,1894900.0,1880629.0
2024-10-30,1899100.0,1871323.0
2024-10-31,1856950.0,1839967.0
2024-11-01,1390400.0,1403431.0
2024-11-02,1532150.0,1512799.0
2024-11-03,1481100.0,1496494.0
2024-11-04,1843372.0,1861663.0
2024-11-05,1886900.0,1936409.0
2024-11-06,1913150.0,1940871.0
2024-11-07,1961650.0,1988131.0
2024-11-08,1956850.0,1987352.0
2024-11-09,1730400.0,1758066.0
2024-11-10,1533100.0,1583088.0
2024-11-11,1550550.0,1601966.0
2024-11-12,1915450.0,1984176.0
2024-11-13,2011400.0,2042143.0
2024-11-14,2034600.0,1990542.0
2024-11-15,2014450.0,1955890.0
2024-11-16,1752000.0,1712958.0
2024-11-17,1554800.0,1554778.0
2024-11-18,1950900.0,1923755.0
2024-11-19,2011350.0,1988328.0
2024-11-20,1975050.0,1999778.0
2024-11-21,2016850.0,2023885.0
2024-11-22,2043000.0,2064790.0
2024-11-23,1790650.0,1833426.0
2024-11-24,1640050.0,1647252.0
2024-11-25,1880750.0,1906614.0
2024-11-26,1981250.0,1969427.0
2024-11-27,1980000.0,1987825.0
2024-11-28,2011050.0,2005528.0
2024-11-29,1999000.0,2009943.0
2024-11-30,1792500.0,1789678.0
2024-12-01,1629300.0,1623472.0
2024-12-02,1943000.0,1949153.0
2024-12-03,2009600.0,2021640.0
2024-12-04,2010400.0,2034934.0
2024-12-05,2033900.0,2043286.0
2024-12-06,2054500.0,2057069.0
2024-12-07,1845200.0,1819524.0
2024-12-08,1664050.0,1649405.0
2024-12-09,2005400.0,2013398.0
2024-12-10,2076750.0,2099797.0
2024-12-11,2073700.0,2086280.0
2024-12-12,2107100.0,2079363.0
2024-12-13,2122800.0,2067252.0
2024-12-14,1886450.0,1870599.0
2024-12-15,1690750.0,1693986.0
2024-12-16,1987600.0,1959874.0
2024-12-17,2025300.0,1965800.0
2024-12-18,1996300.0,1931428.0
2024-12-19,1946950.0,1926140.0
2024-12-20,1956750.0,1902742.0
2024-12-21,1770550.0,1753105.0
2024-12-22,1648600.0,1669191.0
2024-12-23,1814150.0,1807355.0
2024-12-24,1542900.0,1557267.0
2024-12-25,1338050.0,1363335.0
2024-12-26,1360150.0,1417199.0
2024-12-27,1731465.0,1667767.0
2024-12-28,1642250.0,1649009.0
2024-12-29,1548950.0,1513305.0
2024-12-30,1709250.0,1722619.0
2024-12-31,1604550.0,1608047.0
