Date,Day-ahead Total Load Forecast [MW] - BZN|RO,Actual Total Load [MW] - BZN|RO
2019-01-01,144160.0,142170.0
2019-01-02,150920.0,151519.0
2019-01-03,170260.0,174693.0
2019-01-04,182500.0,183578.0
2019-01-05,177280.0,176938.0
2019-01-06,165220.0,167710.0
2019-01-07,190030.0,190086.0
2019-01-08,200390.0,201531.0
2019-01-09,199570.0,200133.0
2019-01-10,198830.0,201614.0
2019-01-11,201520.0,199647.0
2019-01-12,190000.0,186329.0
2019-01-13,175870.0,172868.0
2019-01-14,198500.0,194704.0
2019-01-15,200960.0,196520.0
2019-01-16,198510.0,197593.0
2019-01-17,195470.0,193765.0
2019-01-18,192970.0,191747.0
2019-01-19,182690.0,183335.0
2019-01-20,172040.0,170493.0
2019-01-21,195380.0,193057.0
2019-01-22,198790.0,197933.0
2019-01-23,194390.0,195694.0
2019-01-24,186150.0,189570.0
2019-01-25,193520.0,193966.0
2019-01-26,184450.0,183034.0
2019-01-27,169160.0,167279.0
2019-01-28,189650.0,193286.0
2019-01-29,193880.0,193221.0
2019-01-30,189530.0,190844.0
2019-01-31,191700.0,193077.0
2019-02-01,190420.0,189481.0
2019-02-02,174710.0,169928.0
2019-02-03,161060.0,159020.0
2019-02-04,183970.0,180417.0
2019-02-05,186230.0,186465.0
2019-02-06,188850.0,190159.0
2019-02-07,191190.0,190770.0
2019-02-08,190930.0,191165.0
2019-02-09,176430.0,177694.0
2019-02-10,165200.0,156736.0
2019-02-11,188550.0,185599.0
2019-02-12,193970.0,192854.0
2019-02-13,192940.0,190478.0
2019-02-14,189870.0,192456.0
2019-02-15,189510.0,191491.0
2019-02-16,177800.0,175749.0
2019-02-17,160370.0,159845.0
2019-02-18,182690.0,181333.0
2019-02-19,183950.0,183575.0
2019-02-20,181480.0,183178.0
2019-02-21,184580.0,183284.0
2019-02-22,191300.0,190025.0
2019-02-23,182280.0,180765.0
2019-02-24,168000.0,167008.0
2019-02-25,184180.0,189160.0
2019-02-26,191690.0,191844.0
2019-02-27,191420.0,188877.0
2019-02-28,186490.0,184821.0
2019-03-01,181050.0,180405.0
2019-03-02,171570.0,168196.0
2019-03-03,157050.0,157038.0
2019-03-04,177250.0,177369.0
2019-03-05,179430.0,179687.0
2019-03-06,180910.0,179152.0
2019-03-07,180230.0,180270.0
2019-03-08,175430.0,173156.0
2019-03-09,160260.0,158996.0
2019-03-10,145560.0,147341.0
2019-03-11,176490.0,167738.0
2019-03-12,176400.0,177687.0
2019-03-13,174700.0,175060.0
2019-03-14,174790.0,175993.0
2019-03-15,172740.0,176005.0
2019-03-16,163420.0,167181.0
2019-03-17,149420.0,147180.0
2019-03-18,167130.0,167096.0
2019-03-19,171000.0,171881.0
2019-03-20,171960.0,173927.0
2019-03-21,175190.0,173930.0
2019-03-22,171520.0,169071.0
2019-03-23,158590.0,159058.0
2019-03-24,147490.0,143030.0
2019-03-25,159710.0,162033.0
2019-03-26,172410.0,174461.0
2019-03-27,173140.0,171303.0
2019-03-28,173120.0,171483.0
2019-03-29,170360.0,170215.0
2019-03-30,157530.0,156566.0
2019-03-31,136950.0,135528.0
2019-04-01,162150.0,162961.0
2019-04-02,168970.0,170276.0
2019-04-03,168680.0,169321.0
2019-04-04,168540.0,169792.0
2019-04-05,167000.0,169223.0
2019-04-06,155930.0,159116.0
2019-04-07,143560.0,144895.0
2019-04-08,165340.0,166301.0
2019-04-09,169410.0,168704.0
2019-04-10,168570.0,166228.0
2019-04-11,168080.0,171811.0
2019-04-12,169460.0,169269.0
2019-04-13,161710.0,162238.0
2019-04-14,147290.0,148741.0
2019-04-15,167690.0,168344.0
2019-04-16,170810.0,172032.0
2019-04-17,171750.0,173666.0
2019-04-18,173250.0,175003.0
2019-04-19,170710.0,170863.0
2019-04-20,159900.0,157874.0
2019-04-21,140320.0,140837.0
2019-04-22,164890.0,165014.0
2019-04-23,164590.0,171291.0
2019-04-24,166050.0,171438.0
2019-04-25,166210.0,165584.0
2019-04-26,150990.0,145761.0
2019-04-27,140440.0,140699.0
2019-04-28,115880.0,117984.0
2019-04-29,121050.0,118634.0
2019-04-30,142340.0,134883.0
2019-05-01,134630.0,142103.0
2019-05-02,158290.0,152711.0
2019-05-03,148480.0,150847.0
2019-05-04,141790.0,145345.0
2019-05-05,137140.0,135257.0
2019-05-06,157590.0,158286.0
2019-05-07,164690.0,166587.0
2019-05-08,162770.0,164055.0
2019-05-09,160260.0,164066.0
2019-05-10,163190.0,166206.0
2019-05-11,150190.0,150402.0
2019-05-12,135240.0,133670.0
2019-05-13,154030.0,154749.0
2019-05-14,159000.0,163838.0
2019-05-15,161010.0,163292.0
2019-05-16,163490.0,163985.0
2019-05-17,158790.0,160809.0
2019-05-18,145440.0,147118.0
2019-05-19,130450.0,132648.0
2019-05-20,155810.0,154390.0
2019-05-21,152070.0,154210.0
2019-05-22,156340.0,155311.0
2019-05-23,154800.0,157028.0
2019-05-24,156230.0,156096.0
2019-05-25,142990.0,143555.0
2019-05-26,128210.0,128706.0
2019-05-27,150370.0,151526.0
2019-05-28,156000.0,156928.0
2019-05-29,157290.0,158113.0
2019-05-30,157570.0,158649.0
2019-05-31,156450.0,156929.0
2019-06-01,143640.0,140462.0
2019-06-02,126860.0,130330.0
2019-06-03,150810.0,153825.0
2019-06-04,157590.0,156734.0
2019-06-05,156310.0,158719.0
2019-06-06,153380.0,155914.0
2019-06-07,156840.0,158986.0
2019-06-08,146350.0,147595.0
2019-06-09,133550.0,134521.0
2019-06-10,156120.0,157564.0
2019-06-11,161170.0,162910.0
2019-06-12,163300.0,164448.0
2019-06-13,165030.0,167342.0
2019-06-14,167550.0,167513.0
2019-06-15,153640.0,153131.0
2019-06-16,136840.0,138162.0
2019-06-17,144150.0,143384.0
2019-06-18,162730.0,166651.0
2019-06-19,169150.0,169381.0
2019-06-20,169730.0,168536.0
2019-06-21,169140.0,166130.0
2019-06-22,153840.0,154436.0
2019-06-23,139920.0,142058.0
2019-06-24,161510.0,161200.0
2019-06-25,170880.0,167815.0
2019-06-26,170820.0,169508.0
2019-06-27,169090.0,170131.0
2019-06-28,166250.0,163095.0
2019-06-29,143920.0,142662.0
2019-06-30,135020.0,135241.0
2019-07-01,161280.0,165724.0
2019-07-02,170590.0,175081.0
2019-07-03,172120.0,172007.0
2019-07-04,167700.0,167691.0
2019-07-05,165120.0,165502.0
2019-07-06,154110.0,152250.0
2019-07-07,138230.0,140526.0
2019-07-08,161280.0,160241.0
2019-07-09,161620.0,160964.0
2019-07-10,161780.0,159787.0
2019-07-11,160050.0,157843.0
2019-07-12,155780.0,156138.0
2019-07-13,144300.0,146296.0
2019-07-14,134370.0,133360.0
2019-07-15,152980.0,154602.0
2019-07-16,159530.0,158286.0
2019-07-17,159450.0,160463.0
2019-07-18,161340.0,161823.0
2019-07-19,161630.0,162963.0
2019-07-20,147220.0,146134.0
2019-07-21,139280.0,138652.0
2019-07-22,162360.0,164105.0
2019-07-23,163150.0,163624.0
2019-07-24,162630.0,162967.0
2019-07-25,163460.0,164456.0
2019-07-26,165790.0,165551.0
2019-07-27,155340.0,153814.0
2019-07-28,141530.0,143301.0
2019-07-29,158930.0,161002.0
2019-07-30,164530.0,166242.0
2019-07-31,167000.0,168881.0
2019-08-01,165250.0,165480.0
2019-08-02,163070.0,163337.0
2019-08-03,149340.0,150695.0
2019-08-04,136520.0,134105.0
2019-08-05,157260.0,153407.0
2019-08-06,154320.0,155700.0
2019-08-07,161430.0,162228.0
2019-08-08,164150.0,166411.0
2019-08-09,166110.0,165412.0
2019-08-10,151530.0,154425.0
2019-08-11,144010.0,145229.0
2019-08-12,170410.0,166805.0
2019-08-13,171480.0,171180.0
2019-08-14,164000.0,166877.0
2019-08-15,145800.0,142065.0
2019-08-16,146450.0,145825.0
2019-08-17,138710.0,141553.0
2019-08-18,133180.0,133029.0
2019-08-19,157590.0,156279.0
2019-08-20,160410.0,162664.0
2019-08-21,163790.0,165439.0
2019-08-22,166560.0,167699.0
2019-08-23,167310.0,168751.0
2019-08-24,155800.0,158215.0
2019-08-25,147000.0,146008.0
2019-08-26,164810.0,168756.0
2019-08-27,172000.0,171554.0
2019-08-28,170460.0,171604.0
2019-08-29,168060.0,167776.0
2019-08-30,169260.0,169233.0
2019-08-31,156200.0,153555.0
2019-09-01,141760.0,139915.0
2019-09-02,163600.0,162119.0
2019-09-03,165660.0,166091.0
2019-09-04,164240.0,163408.0
2019-09-05,160720.0,161120.0
2019-09-06,160580.0,159349.0
2019-09-07,148560.0,148517.0
2019-09-08,135240.0,136819.0
2019-09-09,156870.0,157208.0
2019-09-10,161520.0,160615.0
2019-09-11,160860.0,162112.0
2019-09-12,162140.0,162206.0
2019-09-13,160630.0,161909.0
2019-09-14,146150.0,143567.0
2019-09-15,134860.0,134701.0
2019-09-16,156290.0,158224.0
2019-09-17,160980.0,162355.0
2019-09-18,161560.0,160215.0
2019-09-19,160770.0,155912.0
2019-09-20,155910.0,155470.0
2019-09-21,144350.0,144218.0
2019-09-22,132070.0,131723.0
2019-09-23,154220.0,155751.0
2019-09-24,159950.0,161330.0
2019-09-25,162190.0,160612.0
2019-09-26,162830.0,162026.0
2019-09-27,159550.0,158844.0
2019-09-28,145080.0,145133.0
2019-09-29,132030.0,132725.0
2019-09-30,156090.0,154880.0
2019-10-01,155320.0,154658.0
2019-10-02,156990.0,159490.0
2019-10-03,160530.0,161244.0
2019-10-04,165630.0,162403.0
2019-10-05,151210.0,150286.0
2019-10-06,138200.0,141159.0
2019-10-07,161460.0,163496.0
2019-10-08,168030.0,166720.0
2019-10-09,164660.0,166068.0
2019-10-10,163800.0,166328.0
2019-10-11,164190.0,162743.0
2019-10-12,151100.0,150682.0
2019-10-13,137830.0,136319.0
2019-10-14,155740.0,155079.0
2019-10-15,162520.0,163760.0
2019-10-16,164550.0,164841.0
2019-10-17,165080.0,165073.0
2019-10-18,163170.0,163759.0
2019-10-19,150960.0,150852.0
2019-10-20,137990.0,138192.0
2019-10-21,161330.0,159535.0
2019-10-22,164290.0,163762.0
2019-10-23,163490.0,165504.0
2019-10-24,165550.0,166793.0
2019-10-25,166990.0,168280.0
2019-10-26,151330.0,148692.0
2019-10-27,145540.0,144748.0
2019-10-28,163670.0,164914.0
2019-10-29,170920.0,172252.0
2019-10-30,175100.0,175786.0
2019-10-31,178570.0,179100.0
2019-11-01,176310.0,174409.0
2019-11-02,160070.0,162354.0
2019-11-03,147860.0,148118.0
2019-11-04,169060.0,167389.0
2019-11-05,170200.0,166752.0
2019-11-06,169300.0,168504.0
2019-11-07,169880.0,170058.0
2019-11-08,164980.0,168108.0
2019-11-09,155620.0,160080.0
2019-11-10,143990.0,143244.0
2019-11-11,167140.0,164980.0
2019-11-12,167800.0,170108.0
2019-11-13,170560.0,171823.0
2019-11-14,174260.0,173087.0
2019-11-15,172660.0,172455.0
2019-11-16,159890.0,160661.0
2019-11-17,148590.0,148150.0
2019-11-18,170100.0,170701.0
2019-11-19,173320.0,172753.0
2019-11-20,174420.0,175536.0
2019-11-21,176760.0,176552.0
2019-11-22,181920.0,183445.0
2019-11-23,174310.0,171764.0
2019-11-24,158240.0,157031.0
2019-11-25,178530.0,180325.0
2019-11-26,183540.0,182855.0
2019-11-27,182870.0,182582.0
2019-11-28,183440.0,183166.0
2019-11-29,179920.0,181589.0
2019-11-30,164310.0,161475.0
2019-12-01,156820.0,153878.0
2019-12-02,182620.0,184299.0
2019-12-03,188400.0,188682.0
2019-12-04,191110.0,189463.0
2019-12-05,191600.0,191582.0
2019-12-06,187220.0,190574.0
2019-12-07,179670.0,181541.0
2019-12-08,167620.0,164541.0
2019-12-09,189170.0,187491.0
2019-12-10,192210.0,189954.0
2019-12-11,192010.0,191503.0
2019-12-12,191960.0,191668.0
2019-12-13,189180.0,189870.0
2019-12-14,176080.0,172511.0
2019-12-15,158680.0,157902.0
2019-12-16,182790.0,181010.0
2019-12-17,184580.0,181566.0
2019-12-18,181200.0,181389.0
2019-12-19,182930.0,180097.0
2019-12-20,176630.0,178951.0
2019-12-21,164510.0,167965.0
2019-12-22,152130.0,153211.0
2019-12-23,170110.0,166333.0
2019-12-24,159120.0,158263.0
2019-12-25,139100.0,136416.0
2019-12-26,139080.0,140341.0
2019-12-27,152860.0,152124.0
2019-12-28,149120.0,160297.0
2019-12-29,151140.0,155212.0
2019-12-30,166270.0,166978.0
2019-12-31,166740.0,164017.0
2020-01-01,143540.0,140105.0
2020-01-02,151230.0,147527.0
2020-01-03,161490.0,160221.0
2020-01-04,158940.0,162573.0
2020-01-05,157440.0,155086.0
2020-01-06,173230.0,177628.0
2020-01-07,182650.0,184795.0
2020-01-08,191500.0,192346.0
2020-01-09,193120.0,192909.0
2020-01-10,189780.0,186643.0
2020-01-11,175130.0,173659.0
2020-01-12,162770.0,161234.0
2020-01-13,185580.0,187990.0
2020-01-14,192360.0,193292.0
2020-01-15,193060.0,195474.0
2020-01-16,195820.0,196727.0
2020-01-17,195070.0,196314.0
2020-01-18,184180.0,182429.0
2020-01-19,170870.0,168717.0
2020-01-20,192040.0,191862.0
2020-01-21,195790.0,193643.0
2020-01-22,194600.0,192431.0
2020-01-23,190280.0,190685.0
2020-01-24,183570.0,176071.0
2020-01-25,172870.0,170271.0
2020-01-26,160110.0,159625.0
2020-01-27,186180.0,186056.0
2020-01-28,188370.0,186426.0
2020-01-29,188430.0,186315.0
2020-01-30,184950.0,183048.0
2020-01-31,185830.0,186662.0
2020-02-01,170060.0,167133.0
2020-02-02,155600.0,152145.0
2020-02-03,177250.0,177079.0
2020-02-04,183720.0,182317.0
2020-02-05,188370.0,184615.0
2020-02-06,193140.0,185218.0
2020-02-07,189230.0,189172.0
2020-02-08,177600.0,177030.0
2020-02-09,164170.0,161355.0
2020-02-10,187460.0,187020.0
2020-02-11,190140.0,188203.0
2020-02-12,187690.0,184104.0
2020-02-13,186980.0,183273.0
2020-02-14,184760.0,185137.0
2020-02-15,169980.0,168623.0
2020-02-16,156650.0,152432.0
2020-02-17,177150.0,176321.0
2020-02-18,180260.0,178390.0
2020-02-19,180610.0,179958.0
2020-02-20,182960.0,182608.0
2020-02-21,180010.0,182225.0
2020-02-22,166550.0,165606.0
2020-02-23,155540.0,153616.0
2020-02-24,174530.0,173048.0
2020-02-25,177210.0,175550.0
2020-02-26,174990.0,173876.0
2020-02-27,177860.0,177379.0
2020-02-28,179290.0,179423.0
2020-02-29,163070.0,165354.0
2020-03-01,151690.0,151406.0
2020-03-02,173940.0,174342.0
2020-03-03,176370.0,174437.0
2020-03-04,173380.0,175355.0
2020-03-05,177250.0,178088.0
2020-03-06,175050.0,173209.0
2020-03-07,159830.0,158529.0
2020-03-08,150260.0,148507.0
2020-03-09,171690.0,172407.0
2020-03-10,176710.0,175985.0
2020-03-11,174470.0,174319.0
2020-03-12,171760.0,168649.0
2020-03-13,168630.0,167277.0
2020-03-14,156350.0,155270.0
2020-03-15,146760.0,147121.0
2020-03-16,172590.0,168445.0
2020-03-17,172390.0,169862.0
2020-03-18,168900.0,167561.0
2020-03-19,167680.0,164997.0
2020-03-20,163590.0,160536.0
2020-03-21,154390.0,145688.0
2020-03-22,141080.0,141726.0
2020-03-23,164170.0,168758.0
2020-03-24,173610.0,170265.0
2020-03-25,165420.0,166080.0
2020-03-26,165550.0,164033.0
2020-03-27,162620.0,156006.0
2020-03-28,146870.0,141818.0
2020-03-29,125260.0,123570.0
2020-03-30,148990.0,147945.0
2020-03-31,157050.0,159498.0
2020-04-01,162440.0,157436.0
2020-04-02,155500.0,155034.0
2020-04-03,153100.0,150856.0
2020-04-04,138050.0,142151.0
2020-04-05,127930.0,131427.0
2020-04-06,149840.0,146590.0
2020-04-07,149270.0,146932.0
2020-04-08,145860.0,145172.0
2020-04-09,143530.0,143778.0
2020-04-10,140260.0,141106.0
2020-04-11,128760.0,134338.0
2020-04-12,115340.0,122494.0
2020-04-13,141230.0,138468.0
2020-04-14,146070.0,144722.0
2020-04-15,145420.0,145749.0
2020-04-16,142010.0,140283.0
2020-04-17,130590.0,126942.0
2020-04-18,121830.0,127441.0
2020-04-19,107440.0,108317.0
2020-04-20,111560.0,110731.0
2020-04-21,130600.0,128559.0
2020-04-22,133605.0,138251.0
2020-04-23,136430.0,133601.0
2020-04-24,134120.0,132160.0
2020-04-25,126420.0,130081.0
2020-04-26,118020.0,119597.0
2020-04-27,136340.0,134671.0
2020-04-28,138310.0,138482.0
2020-04-29,137860.0,137859.0
2020-04-30,138800.0,136524.0
2020-05-01,123360.0,124005.0
2020-05-02,125020.0,122349.0
2020-05-03,117880.0,119285.0
2020-05-04,139580.0,139591.0
2020-05-05,141070.0,140812.0
2020-05-06,142940.0,143434.0
2020-05-07,141910.0,144079.0
2020-05-08,140260.0,140207.0
2020-05-09,127070.0,129405.0
2020-05-10,115600.0,118209.0
2020-05-11,138080.0,137652.0
2020-05-12,140160.0,141950.0
2020-05-13,140370.0,140579.0
2020-05-14,142140.0,143514.0
2020-05-15,142430.0,139848.0
2020-05-16,128800.0,129251.0
2020-05-17,118130.0,121799.0
2020-05-18,140420.0,139807.0
2020-05-19,143660.0,142997.0
2020-05-20,147230.0,146830.0
2020-05-21,144900.0,142022.0
2020-05-22,140860.0,141634.0
2020-05-23,129720.0,128280.0
2020-05-24,122330.0,121813.0
2020-05-25,138190.0,141774.0
2020-05-26,144930.0,145455.0
2020-05-27,144590.0,147329.0
2020-05-28,142900.0,142947.0
2020-05-29,144690.0,144421.0
2020-05-30,129480.0,131132.0
2020-05-31,119950.0,119687.0
2020-06-01,125950.0,128103.0
2020-06-02,142960.0,144909.0
2020-06-03,143030.0,146559.0
2020-06-04,144320.0,145190.0
2020-06-05,141970.0,146552.0
2020-06-06,129340.0,132434.0
2020-06-07,117630.0,117939.0
2020-06-08,122620.0,121939.0
2020-06-09,140670.0,147430.0
2020-06-10,149450.0,152306.0
2020-06-11,149420.0,151326.0
2020-06-12,149760.0,149443.0
2020-06-13,136280.0,137219.0
2020-06-14,122700.0,124802.0
2020-06-15,144920.0,148074.0
2020-06-16,151840.0,150139.0
2020-06-17,150540.0,151233.0
2020-06-18,151010.0,150922.0
2020-06-19,148400.0,150074.0
2020-06-20,137450.0,137746.0
2020-06-21,124850.0,124394.0
2020-06-22,147800.0,146453.0
2020-06-23,150230.0,151683.0
2020-06-24,148390.0,149138.0
2020-06-25,149730.0,152950.0
2020-06-26,152270.0,152309.0
2020-06-27,140570.0,139731.0
2020-06-28,126950.0,129263.0
2020-06-29,146480.0,153262.0
2020-06-30,157950.0,159300.0
2020-07-01,162260.0,162490.0
2020-07-02,162190.0,166459.0
2020-07-03,166030.0,164981.0
2020-07-04,152090.0,149606.0
2020-07-05,139240.0,136758.0
2020-07-06,160490.0,166177.0
2020-07-07,163980.0,164274.0
2020-07-08,161420.0,156266.0
2020-07-09,156210.0,159500.0
2020-07-10,160530.0,160274.0
2020-07-11,147320.0,146929.0
2020-07-12,133150.0,133730.0
2020-07-13,156210.0,150657.0
2020-07-14,156570.0,153186.0
2020-07-15,155800.0,156578.0
2020-07-16,156190.0,157910.0
2020-07-17,157570.0,157407.0
2020-07-18,144205.0,145369.0
2020-07-19,131790.0,132696.0
2020-07-20,151170.0,148942.0
2020-07-21,156230.0,158215.0
2020-07-22,158630.0,159770.0
2020-07-23,158880.0,159526.0
2020-07-24,158890.0,158716.0
2020-07-25,146120.0,144311.0
2020-07-26,133440.0,131835.0
2020-07-27,155880.0,154163.0
2020-07-28,160440.0,161311.0
2020-07-29,164340.0,166316.0
2020-07-30,167100.0,170882.0
2020-07-31,170930.0,168882.0
2020-08-01,152420.0,148483.0
2020-08-02,131820.0,133355.0
2020-08-03,153220.0,155760.0
2020-08-04,159180.0,159789.0
2020-08-05,159670.0,160680.0
2020-08-06,157440.0,158905.0
2020-08-07,162410.0,164271.0
2020-08-08,148560.0,153175.0
2020-08-09,135570.0,140690.0
2020-08-10,156090.0,159866.0
2020-08-11,164130.0,161149.0
2020-08-12,161530.0,161211.0
2020-08-13,161840.0,160345.0
2020-08-14,159260.0,161380.0
2020-08-15,138770.0,139171.0
2020-08-16,134610.0,132293.0
2020-08-17,154690.0,154822.0
2020-08-18,158570.0,158230.0
2020-08-19,156960.0,158076.0
2020-08-20,156940.0,157055.0
2020-08-21,159540.0,157170.0
2020-08-22,147350.0,148230.0
2020-08-23,136160.0,137973.0
2020-08-24,156410.0,161122.0
2020-08-25,161460.0,161455.0
2020-08-26,160070.0,158749.0
2020-08-27,159510.0,160147.0
2020-08-28,159440.0,159588.0
2020-08-29,145120.0,145295.0
2020-08-30,136950.0,137802.0
2020-08-31,161580.0,164277.0
2020-09-01,164930.0,164554.0
2020-09-02,161820.0,162242.0
2020-09-03,159900.0,162072.0
2020-09-04,157140.0,157169.0
2020-09-05,144190.0,143838.0
2020-09-06,132860.0,131712.0
2020-09-07,158150.0,158628.0
2020-09-08,155970.0,156205.0
2020-09-09,160650.0,159967.0
2020-09-10,160070.0,162418.0
2020-09-11,161000.0,161418.0
2020-09-12,149020.0,148739.0
2020-09-13,136510.0,135868.0
2020-09-14,155460.0,155227.0
2020-09-15,161340.0,163200.0
2020-09-16,162330.0,162317.0
2020-09-17,161390.0,162371.0
2020-09-18,160160.0,157413.0
2020-09-19,146530.0,143725.0
2020-09-20,132810.0,130783.0
2020-09-21,156920.0,154131.0
2020-09-22,158110.0,158193.0
2020-09-23,158530.0,159308.0
2020-09-24,160190.0,160749.0
2020-09-25,160310.0,159909.0
2020-09-26,150960.0,150315.0
2020-09-27,135360.0,130966.0
2020-09-28,154470.0,155829.0
2020-09-29,160930.0,160688.0
2020-09-30,160020.0,160610.0
2020-10-01,157760.0,159760.0
2020-10-02,159120.0,158653.0
2020-10-03,145230.0,146665.0
2020-10-04,132810.0,133269.0
2020-10-05,155670.0,157110.0
2020-10-06,161550.0,160863.0
2020-10-07,160610.0,159304.0
2020-10-08,162640.0,162801.0
2020-10-09,161720.0,158764.0
2020-10-10,147570.0,147777.0
2020-10-11,135200.0,134278.0
2020-10-12,156340.0,157134.0
2020-10-13,163390.0,165089.0
2020-10-14,160740.0,157989.0
2020-10-15,161970.0,162088.0
2020-10-16,161350.0,161430.0
2020-10-17,148690.0,150199.0
2020-10-18,137500.0,137994.0
2020-10-19,158700.0,160663.0
2020-10-20,164030.0,165619.0
2020-10-21,165050.0,166935.0
2020-10-22,166640.0,167394.0
2020-10-23,165860.0,167420.0
2020-10-24,155720.0,156817.0
2020-10-25,149020.0,149065.0
2020-10-26,161250.0,161089.0
2020-10-27,163240.0,166517.0
2020-10-28,167720.0,169722.0
2020-10-29,169420.0,167969.0
2020-10-30,170740.0,170104.0
2020-10-31,160500.0,159267.0
2020-11-01,147990.0,146049.0
2020-11-02,168930.0,170606.0
2020-11-03,174370.0,174832.0
2020-11-04,173940.0,173060.0
2020-11-05,174890.0,174602.0
2020-11-06,173130.0,173411.0
2020-11-07,161490.0,160704.0
2020-11-08,145770.0,146368.0
2020-11-09,171590.0,174069.0
2020-11-10,178080.0,179332.0
2020-11-11,179150.0,178910.0
2020-11-12,178620.0,179607.0
2020-11-13,178250.0,178509.0
2020-11-14,164130.0,166532.0
2020-11-15,152230.0,151844.0
2020-11-16,174350.0,178634.0
2020-11-17,181730.0,183240.0
2020-11-18,184030.0,181703.0
2020-11-19,182170.0,182807.0
2020-11-20,184420.0,182571.0
2020-11-21,170270.0,167995.0
2020-11-22,158640.0,156851.0
2020-11-23,182970.0,182510.0
2020-11-24,186300.0,183279.0
2020-11-25,185480.0,185701.0
2020-11-26,186180.0,188361.0
2020-11-27,187380.0,188891.0
2020-11-28,176250.0,177975.0
2020-11-29,162400.0,161851.0
2020-11-30,165580.0,170258.0
2020-12-01,174640.0,176532.0
2020-12-02,189510.0,191967.0
2020-12-03,191650.0,194195.0
2020-12-04,189860.0,190512.0
2020-12-05,175520.0,174617.0
2020-12-06,160560.0,160906.0
2020-12-07,186180.0,190047.0
2020-12-08,196000.0,196644.0
2020-12-09,195310.0,194383.0
2020-12-10,193830.0,194671.0
2020-12-11,190970.0,191442.0
2020-12-12,178340.0,175847.0
2020-12-13,162950.0,161918.0
2020-12-14,187000.0,188474.0
2020-12-15,191890.0,191165.0
2020-12-16,192565.0,192165.0
2020-12-17,192950.0,193271.0
2020-12-18,193130.0,191927.0
2020-12-19,180230.0,178316.0
2020-12-20,166120.0,164040.0
2020-12-21,188380.0,187686.0
2020-12-22,191420.0,188331.0
2020-12-23,183450.0,183813.0
2020-12-24,167140.0,166200.0
2020-12-25,145090.0,140533.0
2020-12-26,144340.0,144662.0
2020-12-27,148710.0,150428.0
2020-12-28,164270.0,165124.0
2020-12-29,167270.0,163057.0
2020-12-30,163590.0,162444.0
2020-12-31,164910.0,157699.0
2021-01-01,138300.0,134562.0
2021-01-02,144270.0,143517.0
2021-01-03,147810.0,145425.0
2021-01-04,176090.0,173597.0
2021-01-05,181080.0,180335.0
2021-01-06,178750.0,174810.0
2021-01-07,176830.0,177038.0
2021-01-08,184790.0,185399.0
2021-01-09,175380.0,172931.0
2021-01-10,162210.0,162846.0
2021-01-11,190840.0,189833.0
2021-01-12,193240.0,192576.0
2021-01-13,194500.0,192802.0
2021-01-14,195130.0,194295.0
2021-01-15,196300.0,195665.0
2021-01-16,186280.0,185410.0
2021-01-17,175870.0,172937.0
2021-01-18,200460.0,199857.0
2021-01-19,206290.0,203585.0
2021-01-20,200550.0,199477.0
2021-01-21,195370.0,194337.0
2021-01-22,193520.0,191546.0
2021-01-23,177550.0,174452.0
2021-01-24,163600.0,157238.0
2021-01-25,189440.0,186482.0
2021-01-26,193600.0,192466.0
2021-01-27,195280.0,192768.0
2021-01-28,195480.0,193278.0
2021-01-29,194500.0,194430.0
2021-01-30,176630.0,169921.0
2021-01-31,627910.0,630680.0
2021-02-01,737810.0,766491.0
2021-02-02,750290.0,755082.0
2021-02-03,760510.0,764105.0
2021-02-04,753650.0,749682.0
2021-02-05,758670.0,737950.0
2021-02-06,685400.0,692205.0
2021-02-07,644510.0,647176.0
2021-02-08,740700.0,746631.0
2021-02-09,754920.0,741291.0
2021-02-10,736660.0,733350.0
2021-02-11,745860.0,750893.0
2021-02-12,776490.0,784976.0
2021-02-13,749400.0,710480.0
2021-02-14,685700.0,607606.0
2021-02-15,784810.0,774111.0
2021-02-16,799630.0,793066.0
2021-02-17,797160.0,793288.0
2021-02-18,781140.0,777654.0
2021-02-19,785770.0,672981.0
2021-02-20,731990.0,648046.0
2021-02-21,667180.0,623168.0
2021-02-22,745320.0,663779.0
2021-02-23,765550.0,673363.0
2021-02-24,754750.0,661593.0
2021-02-25,741590.0,725131.0
2021-02-26,718490.0,602949.0
2021-02-27,665280.0,562555.0
2021-02-28,616300.0,608007.0
2021-03-01,713970.0,720996.0
2021-03-02,729550.0,725448.0
2021-03-03,720990.0,719481.0
2021-03-04,719270.0,693972.0
2021-03-05,719300.0,686724.0
2021-03-06,674090.0,598042.0
2021-03-07,629730.0,502699.0
2021-03-08,719150.0,643783.0
2021-03-09,726460.0,730386.0
2021-03-10,751200.0,711569.0
2021-03-11,760390.0,666621.0
2021-03-12,759520.0,741614.0
2021-03-13,698090.0,680013.0
2021-03-14,633750.0,614531.0
2021-03-15,736700.0,725184.0
2021-03-16,751620.0,749522.0
2021-03-17,750190.0,748322.0
2021-03-18,748730.0,712488.0
2021-03-19,747770.0,632961.0
2021-03-20,691150.0,627167.0
2021-03-21,627930.0,534473.0
2021-03-22,737520.0,704343.0
2021-03-23,750070.0,749161.0
2021-03-24,756560.0,757375.0
2021-03-25,740140.0,724847.0
2021-03-26,736000.0,709610.0
2021-03-27,667560.0,652024.0
2021-03-28,567730.0,571815.0
2021-03-29,694870.0,691871.0
2021-03-30,703570.0,699900.0
2021-03-31,702810.0,690418.0
2021-04-01,687670.0,674835.0
2021-04-02,679220.0,652674.0
2021-04-03,634820.0,636073.0
2021-04-04,590270.0,589941.0
2021-04-05,675490.0,668343.0
2021-04-06,688030.0,691428.0
2021-04-07,699360.0,725508.0
2021-04-08,711290.0,724124.0
2021-04-09,707060.0,708677.0
2021-04-10,650620.0,642922.0
2021-04-11,591810.0,581621.0
2021-04-12,662840.0,660140.0
2021-04-13,676620.0,680389.0
2021-04-14,691090.0,719721.0
2021-04-15,709320.0,702479.0
2021-04-16,711830.0,702465.0
2021-04-17,651100.0,649363.0
2021-04-18,597130.0,606618.0
2021-04-19,681930.0,650576.0
2021-04-20,708070.0,707451.0
2021-04-21,702010.0,697078.0
2021-04-22,687820.0,686612.0
2021-04-23,668070.0,648541.0
2021-04-24,628430.0,630499.0
2021-04-25,564860.0,563363.0
2021-04-26,660860.0,665750.0
2021-04-27,691440.0,693671.0
2021-04-28,696020.0,703263.0
2021-04-29,672500.0,674246.0
2021-04-30,586810.0,592834.0
2021-05-01,561100.0,572045.0
2021-05-02,469010.0,467973.0
2021-05-03,474240.0,480047.0
2021-05-04,577270.0,577007.0
2021-05-05,616360.0,639461.0
2021-05-06,635630.0,637994.0
2021-05-07,619480.0,633841.0
2021-05-08,598870.0,597118.0
2021-05-09,531500.0,534862.0
2021-05-10,623340.0,617802.0
2021-05-11,627270.0,634581.0
2021-05-12,628350.0,637776.0
2021-05-13,643580.0,646724.0
2021-05-14,638080.0,635614.0
2021-05-15,578970.0,588240.0
2021-05-16,532800.0,538770.0
2021-05-17,614840.0,625416.0
2021-05-18,635040.0,647254.0
2021-05-19,643030.0,641543.0
2021-05-20,657040.0,665994.0
2021-05-21,632200.0,623002.0
2021-05-22,587090.0,588012.0
2021-05-23,536520.0,531438.0
2021-05-24,609220.0,614963.0
2021-05-25,624440.0,630724.0
2021-05-26,635540.0,631872.0
2021-05-27,636250.0,635797.0
2021-05-28,647950.0,635437.0
2021-05-29,584910.0,581562.0
2021-05-30,529990.0,524646.0
2021-05-31,620720.0,604149.0
2021-06-01,586770.0,606133.0
2021-06-02,636640.0,637905.0
2021-06-03,639770.0,639605.0
2021-06-04,627900.0,628157.0
2021-06-05,577500.0,582428.0
2021-06-06,531720.0,525242.0
2021-06-07,611790.0,614796.0
2021-06-08,630190.0,631729.0
2021-06-09,630410.0,637953.0
2021-06-10,617960.0,622480.0
2021-06-11,634100.0,631690.0
2021-06-12,585630.0,589469.0
2021-06-13,531780.0,536097.0
2021-06-14,621460.0,615248.0
2021-06-15,634190.0,636392.0
2021-06-16,634800.0,646750.0
2021-06-17,635760.0,646435.0
2021-06-18,639080.0,651520.0
2021-06-19,598470.0,589591.0
2021-06-20,518530.0,520640.0
2021-06-21,534490.0,548255.0
2021-06-22,622930.0,648738.0
2021-06-23,667840.0,674680.0
2021-06-24,669090.0,678994.0
2021-06-25,689510.0,700444.0
2021-06-26,625590.0,626026.0
2021-06-27,554590.0,571265.0
2021-06-28,659850.0,662816.0
2021-06-29,675180.0,683194.0
2021-06-30,701160.0,713551.0
2021-07-01,695860.0,692706.0
2021-07-02,669640.0,663342.0
2021-07-03,597550.0,598479.0
2021-07-04,536660.0,548715.0
2021-07-05,646380.0,645001.0
2021-07-06,666600.0,677340.0
2021-07-07,682700.0,689121.0
2021-07-08,696750.0,697015.0
2021-07-09,699220.0,695721.0
2021-07-10,635550.0,628222.0
2021-07-11,580700.0,568707.0
2021-07-12,660870.0,671836.0
2021-07-13,699090.0,701844.0
2021-07-14,708830.0,715045.0
2021-07-15,711820.0,717647.0
2021-07-16,710270.0,703591.0
2021-07-17,646790.0,647204.0
2021-07-18,602390.0,607696.0
2021-07-19,680570.0,705452.0
2021-07-20,692470.0,685792.0
2021-07-21,684770.0,673735.0
2021-07-22,686240.0,666485.0
2021-07-23,665990.0,661966.0
2021-07-24,611070.0,596142.0
2021-07-25,564650.0,564356.0
2021-07-26,665080.0,669543.0
2021-07-27,699290.0,703993.0
2021-07-28,719700.0,723188.0
2021-07-29,744700.0,720255.0
2021-07-30,720400.0,709374.0
2021-07-31,655580.0,658527.0
2021-08-01,608670.0,610345.0
2021-08-02,710380.0,701283.0
2021-08-03,707000.0,681669.0
2021-08-04,685900.0,681175.0
2021-08-05,686920.0,692407.0
2021-08-06,678750.0,648049.0
2021-08-07,615540.0,606850.0
2021-08-08,558780.0,568906.0
2021-08-09,671200.0,662772.0
2021-08-10,688110.0,673588.0
2021-08-11,678790.0,673808.0
2021-08-12,668510.0,663331.0
2021-08-13,654680.0,648759.0
2021-08-14,601520.0,607827.0
2021-08-15,540320.0,562623.0
2021-08-16,667850.0,663369.0
2021-08-17,668160.0,671867.0
2021-08-18,657200.0,648717.0
2021-08-19,638580.0,632362.0
2021-08-20,627770.0,629766.0
2021-08-21,589510.0,566751.0
2021-08-22,539510.0,545303.0
2021-08-23,639680.0,640786.0
2021-08-24,645450.0,655608.0
2021-08-25,644110.0,652371.0
2021-08-26,643230.0,642502.0
2021-08-27,640630.0,639735.0
2021-08-28,595410.0,585310.0
2021-08-29,545100.0,532669.0
2021-08-30,630190.0,619493.0
2021-08-31,634660.0,632018.0
2021-09-01,638420.0,634200.0
2021-09-02,636090.0,636584.0
2021-09-03,631700.0,621689.0
2021-09-04,574740.0,571299.0
2021-09-05,528030.0,524976.0
2021-09-06,615530.0,585970.0
2021-09-07,627240.0,610901.0
2021-09-08,616900.0,616127.0
2021-09-09,627780.0,632952.0
2021-09-10,633870.0,632592.0
2021-09-11,585490.0,581434.0
2021-09-12,533700.0,535856.0
2021-09-13,621280.0,624906.0
2021-09-14,628730.0,626180.0
2021-09-15,640760.0,645629.0
2021-09-16,644400.0,648644.0
2021-09-17,653380.0,649385.0
2021-09-18,593810.0,588913.0
2021-09-19,536760.0,528330.0
2021-09-20,626060.0,619681.0
2021-09-21,633950.0,635679.0
2021-09-22,648280.0,649291.0
2021-09-23,643380.0,660240.0
2021-09-24,652610.0,658241.0
2021-09-25,597330.0,593062.0
2021-09-26,536760.0,542625.0
2021-09-27,622470.0,625354.0
2021-09-28,650760.0,647034.0
2021-09-29,651390.0,653953.0
2021-09-30,651390.0,654881.0
2021-10-01,645540.0,638268.0
2021-10-02,603820.0,593828.0
2021-10-03,549320.0,539272.0
2021-10-04,634480.0,629919.0
2021-10-05,650150.0,642417.0
2021-10-06,654250.0,651653.0
2021-10-07,661100.0,672102.0
2021-10-08,677980.0,677644.0
2021-10-09,634470.0,628042.0
2021-10-10,573150.0,574332.0
2021-10-11,649180.0,672749.0
2021-10-12,691310.0,685453.0
2021-10-13,684620.0,692949.0
2021-10-14,676950.0,687926.0
2021-10-15,695320.0,692984.0
2021-10-16,646710.0,640872.0
2021-10-17,581880.0,580342.0
2021-10-18,665860.0,671475.0
2021-10-19,685970.0,674285.0
2021-10-20,674200.0,671422.0
2021-10-21,671920.0,675744.0
2021-10-22,678650.0,667025.0
2021-10-23,623890.0,613085.0
2021-10-24,579930.0,563250.0
2021-10-25,661690.0,659768.0
2021-10-26,662360.0,667308.0
2021-10-27,673410.0,679169.0
2021-10-28,690840.0,687508.0
2021-10-29,684600.0,682322.0
2021-10-30,628480.0,626028.0
2021-10-31,596640.0,594215.0
2021-11-01,666920.0,667484.0
2021-11-02,686780.0,693198.0
2021-11-03,684420.0,687589.0
2021-11-04,680000.0,672675.0
2021-11-05,678810.0,668235.0
2021-11-06,630270.0,619195.0
2021-11-07,582590.0,568131.0
2021-11-08,654650.0,654996.0
2021-11-09,693870.0,703270.0
2021-11-10,708910.0,700075.0
2021-11-11,719710.0,703677.0
2021-11-12,707800.0,704241.0
2021-11-13,656630.0,656678.0
2021-11-14,606690.0,583449.0
2021-11-15,698460.0,697159.0
2021-11-16,717780.0,712713.0
2021-11-17,724430.0,722227.0
2021-11-18,726610.0,723883.0
2021-11-19,720970.0,718806.0
2021-11-20,659590.0,653164.0
2021-11-21,613090.0,602673.0
2021-11-22,708170.0,706316.0
2021-11-23,727290.0,726819.0
2021-11-24,729500.0,726599.0
2021-11-25,731800.0,692308.0
2021-11-26,732230.0,731436.0
2021-11-27,674080.0,671601.0
2021-11-28,618510.0,602244.0
2021-11-29,655760.0,695086.0
2021-11-30,674940.0,655711.0
2021-12-01,673000.0,671979.0
2021-12-02,733870.0,722251.0
2021-12-03,728310.0,736122.0
2021-12-04,693630.0,683711.0
2021-12-05,640240.0,632616.0
2021-12-06,718440.0,734144.0
2021-12-07,763420.0,768472.0
2021-12-08,775340.0,772476.0
2021-12-09,770920.0,771691.0
2021-12-10,762200.0,759378.0
2021-12-11,717780.0,707057.0
2021-12-12,647370.0,643028.0
2021-12-13,750850.0,751321.0
2021-12-14,770840.0,755934.0
2021-12-15,774830.0,776464.0
2021-12-16,782630.0,778806.0
2021-12-17,778120.0,760826.0
2021-12-18,727720.0,705980.0
2021-12-19,660830.0,598804.0
2021-12-20,757950.0,687690.0
2021-12-21,776970.0,769841.0
2021-12-22,789640.0,770615.0
2021-12-23,773080.0,764069.0
2021-12-24,715380.0,694208.0
2021-12-25,589170.0,561884.0
2021-12-26,592440.0,593303.0
2021-12-27,659290.0,665277.0
2021-12-28,715330.0,698469.0
2021-12-29,703560.0,694754.0
2021-12-30,684060.0,691281.0
2021-12-31,663800.0,635414.0
2022-01-01,560140.0,541118.0
2022-01-02,577620.0,554080.0
2022-01-03,664620.0,676055.0
2022-01-04,699640.0,691002.0
2022-01-05,685540.0,697591.0
2022-01-06,687690.0,693334.0
2022-01-07,707910.0,699495.0
2022-01-08,677510.0,680066.0
2022-01-09,640120.0,626837.0
2022-01-10,751470.0,738765.0
2022-01-11,780150.0,770328.0
2022-01-12,795230.0,780527.0
2022-01-13,791180.0,782132.0
2022-01-14,769310.0,767313.0
2022-01-15,716570.0,702636.0
2022-01-16,659780.0,642721.0
2022-01-17,744270.0,750141.0
2022-01-18,771940.0,761059.0
2022-01-19,770420.0,758990.0
2022-01-20,765710.0,764011.0
2022-01-21,761870.0,751481.0
2022-01-22,713210.0,700834.0
2022-01-23,635380.0,655912.0
2022-01-24,696340.0,708201.0
2022-01-25,759190.0,770217.0
2022-01-26,772580.0,776837.0
2022-01-27,767340.0,768923.0
2022-01-28,760710.0,753489.0
2022-01-29,703680.0,695317.0
2022-01-30,641090.0,632170.0
2022-01-31,746540.0,725737.0
2022-02-01,751450.0,743337.0
2022-02-02,736210.0,734205.0
2022-02-03,743590.0,742490.0
2022-02-04,741450.0,727495.0
2022-02-05,681960.0,675556.0
2022-02-06,631200.0,616177.0
2022-02-07,711080.0,726918.0
2022-02-08,738120.0,728303.0
2022-02-09,727580.0,722523.0
2022-02-10,722070.0,707535.0
2022-02-11,706650.0,699292.0
2022-02-12,660980.0,658146.0
2022-02-13,610690.0,605489.0
2022-02-14,701200.0,702502.0
2022-02-15,709600.0,712776.0
2022-02-16,707140.0,710278.0
2022-02-17,706080.0,703596.0
2022-02-18,695980.0,693646.0
2022-02-19,646630.0,640241.0
2022-02-20,599360.0,591888.0
2022-02-21,683080.0,679585.0
2022-02-22,704110.0,689169.0
2022-02-23,699030.0,699476.0
2022-02-24,694760.0,696912.0
2022-02-25,695390.0,692898.0
2022-02-26,646640.0,643503.0
2022-02-27,595560.0,596602.0
2022-02-28,693770.0,715548.0
2022-03-01,724480.0,729018.0
2022-03-02,725940.0,721350.0
2022-03-03,710070.0,721534.0
2022-03-04,709860.0,715328.0
2022-03-05,664370.0,658564.0
2022-03-06,618060.0,606268.0
2022-03-07,711760.0,715802.0
2022-03-08,727990.0,716190.0
2022-03-09,727240.0,725715.0
2022-03-10,734730.0,733126.0
2022-03-11,732770.0,730360.0
2022-03-12,677630.0,668198.0
2022-03-13,621650.0,603258.0
2022-03-14,696030.0,692771.0
2022-03-15,706950.0,697118.0
2022-03-16,713040.0,715899.0
2022-03-17,708720.0,711509.0
2022-03-18,711170.0,701579.0
2022-03-19,659670.0,643806.0
2022-03-20,598590.0,589999.0
2022-03-21,678990.0,671765.0
2022-03-22,680130.0,664248.0
2022-03-23,660860.0,659220.0
2022-03-24,656120.0,651997.0
2022-03-25,640390.0,643146.0
2022-03-26,594190.0,598997.0
2022-03-27,516060.0,512369.0
2022-03-28,621640.0,628837.0
2022-03-29,635740.0,638564.0
2022-03-30,634620.0,638010.0
2022-03-31,643110.0,644145.0
2022-04-01,644450.0,633117.0
2022-04-02,589910.0,584821.0
2022-04-03,543470.0,549147.0
2022-04-04,636710.0,647466.0
2022-04-05,653140.0,648371.0
2022-04-06,641970.0,635570.0
2022-04-07,650750.0,654730.0
2022-04-08,626990.0,635487.0
2022-04-09,578660.0,579921.0
2022-04-10,549840.0,552879.0
2022-04-11,645580.0,644816.0
2022-04-12,653820.0,655964.0
2022-04-13,650810.0,649452.0
2022-04-14,639550.0,642440.0
2022-04-15,628250.0,633615.0
2022-04-16,573810.0,581437.0
2022-04-17,550140.0,557124.0
2022-04-18,641250.0,638511.0
2022-04-19,655650.0,670586.0
2022-04-20,655890.0,665791.0
2022-04-21,640140.0,651892.0
2022-04-22,576670.0,579190.0
2022-04-23,557570.0,544561.0
2022-04-24,454640.0,439495.0
2022-04-25,451110.0,459663.0
2022-04-26,537430.0,549856.0
2022-04-27,593490.0,611189.0
2022-04-28,620840.0,631574.0
2022-04-29,605780.0,609142.0
2022-04-30,568720.0,564465.0
2022-05-01,513350.0,497989.0
2022-05-02,607630.0,595629.0
2022-05-03,620710.0,616153.0
2022-05-04,614910.0,618065.0
2022-05-05,612920.0,616318.0
2022-05-06,609160.0,612156.0
2022-05-07,563100.0,564308.0
2022-05-08,509210.0,505492.0
2022-05-09,601840.0,594636.0
2022-05-10,614650.0,605410.0
2022-05-11,599590.0,604489.0
2022-05-12,603800.0,606721.0
2022-05-13,605750.0,605932.0
2022-05-14,558540.0,556945.0
2022-05-15,502310.0,508237.0
2022-05-16,595620.0,590587.0
2022-05-17,608700.0,605010.0
2022-05-18,606750.0,590810.0
2022-05-19,591520.0,593573.0
2022-05-20,594810.0,602138.0
2022-05-21,536770.0,534450.0
2022-05-22,502270.0,497973.0
2022-05-23,581900.0,584993.0
2022-05-24,602470.0,594877.0
2022-05-25,604890.0,601457.0
2022-05-26,607130.0,600978.0
2022-05-27,607470.0,601104.0
2022-05-28,554880.0,559452.0
2022-05-29,508380.0,507536.0
2022-05-30,586660.0,582354.0
2022-05-31,601490.0,596168.0
2022-06-01,572670.0,570905.0
2022-06-02,589580.0,589565.0
2022-06-03,600300.0,606840.0
2022-06-04,561220.0,568406.0
2022-06-05,515440.0,517382.0
2022-06-06,593160.0,589813.0
2022-06-07,603230.0,608770.0
2022-06-08,618390.0,617255.0
2022-06-09,614580.0,620738.0
2022-06-10,612200.0,609732.0
2022-06-11,551340.0,551553.0
2022-06-12,491700.0,492298.0
2022-06-13,521850.0,513727.0
2022-06-14,601140.0,591147.0
2022-06-15,605020.0,597705.0
2022-06-16,604370.0,609209.0
2022-06-17,609770.0,607889.0
2022-06-18,559540.0,557756.0
2022-06-19,509790.0,502640.0
2022-06-20,594530.0,606531.0
2022-06-21,628360.0,624894.0
2022-06-22,621330.0,612273.0
2022-06-23,613490.0,616281.0
2022-06-24,610760.0,612947.0
2022-06-25,575540.0,576760.0
2022-06-26,517450.0,524443.0
2022-06-27,608640.0,622050.0
2022-06-28,639740.0,646775.0
2022-06-29,646210.0,640281.0
2022-06-30,665630.0,667337.0
2022-07-01,664890.0,666678.0
2022-07-02,614120.0,613258.0
2022-07-03,556610.0,558871.0
2022-07-04,649170.0,661213.0
2022-07-05,676060.0,661332.0
2022-07-06,663290.0,661101.0
2022-07-07,646290.0,632470.0
2022-07-08,626580.0,624850.0
2022-07-09,571650.0,572421.0
2022-07-10,515970.0,516701.0
2022-07-11,615690.0,593069.0
2022-07-12,612690.0,605320.0
2022-07-13,612930.0,610868.0
2022-07-14,627850.0,630310.0
2022-07-15,639530.0,640229.0
2022-07-16,588100.0,586841.0
2022-07-17,524770.0,522579.0
2022-07-18,599540.0,605073.0
2022-07-19,627190.0,630421.0
2022-07-20,635290.0,625697.0
2022-07-21,658070.0,649321.0
2022-07-22,652490.0,645774.0
2022-07-23,604840.0,607102.0
2022-07-24,561710.0,562243.0
2022-07-25,637900.0,641487.0
2022-07-26,658460.0,659819.0
2022-07-27,661540.0,656973.0
2022-07-28,649250.0,641736.0
2022-07-29,635920.0,640582.0
2022-07-30,597240.0,585557.0
2022-07-31,534070.0,518337.0
2022-08-01,611560.0,581970.0
2022-08-02,610000.0,598062.0
2022-08-03,605360.0,609481.0
2022-08-04,614860.0,613558.0
2022-08-05,616270.0,623038.0
2022-08-06,563100.0,558674.0
2022-08-07,527330.0,538320.0
2022-08-08,607280.0,610168.0
2022-08-09,618020.0,617262.0
2022-08-10,602220.0,594666.0
2022-08-11,592260.0,588889.0
2022-08-12,587640.0,586320.0
2022-08-13,537810.0,547758.0
2022-08-14,493600.0,505209.0
2022-08-15,507770.0,509149.0
2022-08-16,581430.0,586220.0
2022-08-17,604450.0,607684.0
2022-08-18,613870.0,619915.0
2022-08-19,620200.0,626193.0
2022-08-20,579170.0,578210.0
2022-08-21,516690.0,525730.0
2022-08-22,592470.0,607008.0
2022-08-23,622600.0,617849.0
2022-08-24,623280.0,614199.0
2022-08-25,618790.0,619654.0
2022-08-26,619760.0,613727.0
2022-08-27,565960.0,564877.0
2022-08-28,515530.0,522216.0
2022-08-29,602080.0,610592.0
2022-08-30,625300.0,633314.0
2022-08-31,633710.0,620895.0
2022-09-01,618650.0,613141.0
2022-09-02,611410.0,605627.0
2022-09-03,563790.0,535710.0
2022-09-04,502210.0,480326.0
2022-09-05,566520.0,563345.0
2022-09-06,581210.0,580056.0
2022-09-07,579550.0,582271.0
2022-09-08,565850.0,576373.0
2022-09-09,582070.0,595493.0
2022-09-10,543470.0,547822.0
2022-09-11,491340.0,483370.0
2022-09-12,571560.0,564361.0
2022-09-13,583970.0,573110.0
2022-09-14,564590.0,568270.0
2022-09-15,582490.0,594301.0
2022-09-16,590140.0,586280.0
2022-09-17,545880.0,534968.0
2022-09-18,486250.0,477241.0
2022-09-19,568600.0,556602.0
2022-09-20,575090.0,573350.0
2022-09-21,587500.0,581973.0
2022-09-22,584660.0,589216.0
2022-09-23,590930.0,589708.0
2022-09-24,537040.0,533151.0
2022-09-25,484410.0,485321.0
2022-09-26,564030.0,579605.0
2022-09-27,590900.0,592251.0
2022-09-28,587240.0,585126.0
2022-09-29,588450.0,591550.0
2022-09-30,583940.0,576478.0
2022-10-01,517320.0,513086.0
2022-10-02,478620.0,466568.0
2022-10-03,561870.0,558162.0
2022-10-04,579600.0,575711.0
2022-10-05,570480.0,572980.0
2022-10-06,573830.0,574633.0
2022-10-07,567250.0,577291.0
2022-10-08,525210.0,524260.0
2022-10-09,478760.0,478085.0
2022-10-10,566380.0,559718.0
2022-10-11,581390.0,585596.0
2022-10-12,586850.0,587579.0
2022-10-13,591840.0,594958.0
2022-10-14,582460.0,575297.0
2022-10-15,538530.0,537064.0
2022-10-16,488090.0,484717.0
2022-10-17,567100.0,575895.0
2022-10-18,591050.0,592458.0
2022-10-19,592630.0,595287.0
2022-10-20,601550.0,593784.0
2022-10-21,602850.0,592948.0
2022-10-22,541400.0,550413.0
2022-10-23,493370.0,494788.0
2022-10-24,583900.0,578149.0
2022-10-25,591730.0,598241.0
2022-10-26,583450.0,578513.0
2022-10-27,587660.0,583020.0
2022-10-28,590410.0,592189.0
2022-10-29,542350.0,538358.0
2022-10-30,514480.0,506557.0
2022-10-31,581810.0,581473.0
2022-11-01,591120.0,590776.0
2022-11-02,592740.0,597191.0
2022-11-03,599980.0,602181.0
2022-11-04,595260.0,600711.0
2022-11-05,548760.0,546998.0
2022-11-06,496040.0,510000.0
2022-11-07,596780.0,601919.0
2022-11-08,600020.0,608806.0
2022-11-09,620510.0,617653.0
2022-11-10,621640.0,625080.0
2022-11-11,636200.0,630420.0
2022-11-12,576730.0,570949.0
2022-11-13,529490.0,521688.0
2022-11-14,615500.0,628726.0
2022-11-15,639130.0,645502.0
2022-11-16,647330.0,647837.0
2022-11-17,656530.0,650901.0
2022-11-18,649970.0,643360.0
2022-11-19,592400.0,588322.0
2022-11-20,548210.0,553155.0
2022-11-21,644330.0,635724.0
2022-11-22,658840.0,653834.0
2022-11-23,653690.0,658074.0
2022-11-24,659800.0,661713.0
2022-11-25,659560.0,653654.0
2022-11-26,606540.0,614985.0
2022-11-27,567250.0,556992.0
2022-11-28,652000.0,652163.0
2022-11-29,664170.0,665996.0
2022-11-30,604200.0,604429.0
2022-12-01,612520.0,600801.0
2022-12-02,620990.0,616762.0
2022-12-03,598230.0,598755.0
2022-12-04,551030.0,565004.0
2022-12-05,656190.0,674178.0
2022-12-06,676960.0,674358.0
2022-12-07,684310.0,680866.0
2022-12-08,675940.0,690103.0
2022-12-09,678500.0,676015.0
2022-12-10,618540.0,611579.0
2022-12-11,563010.0,561340.0
2022-12-12,667550.0,667493.0
2022-12-13,693190.0,689390.0
2022-12-14,697720.0,703298.0
2022-12-15,691240.0,687910.0
2022-12-16,683370.0,675553.0
2022-12-17,625940.0,613624.0
2022-12-18,574360.0,575604.0
2022-12-19,677730.0,679916.0
2022-12-20,700420.0,688100.0
2022-12-21,676920.0,691579.0
2022-12-22,677030.0,682280.0
2022-12-23,654900.0,636079.0
2022-12-24,593110.0,576978.0
2022-12-25,493130.0,476498.0
2022-12-26,489010.0,492389.0
2022-12-27,553370.0,545949.0
2022-12-28,582850.0,581784.0
2022-12-29,580700.0,579405.0
2022-12-30,569860.0,570899.0
2022-12-31,545070.0,537623.0
2023-01-01,460520.0,452723.0
2023-01-02,471660.0,486966.0
2023-01-03,588790.0,573111.0
2023-01-04,602100.0,616349.0
2023-01-05,622070.0,629137.0
2023-01-06,606460.0,596450.0
2023-01-07,565540.0,554533.0
2023-01-08,532030.0,538608.0
2023-01-09,638280.0,647300.0
2023-01-10,679820.0,662430.0
2023-01-11,676300.0,664336.0
2023-01-12,675870.0,672751.0
2023-01-13,675660.0,664272.0
2023-01-14,618350.0,611960.0
2023-01-15,563210.0,550625.0
2023-01-16,656640.0,655384.0
2023-01-17,661550.0,659129.0
2023-01-18,653480.0,650191.0
2023-01-19,648110.0,649353.0
2023-01-20,658610.0,653191.0
2023-01-21,598920.0,595872.0
2023-01-22,535250.0,548358.0
2023-01-23,613840.0,621667.0
2023-01-24,612720.0,620878.0
2023-01-25,669620.0,673550.0
2023-01-26,689490.0,683678.0
2023-01-27,695100.0,695903.0
2023-01-28,642100.0,637136.0
2023-01-29,587540.0,578078.0
2023-01-30,662130.0,658156.0
2023-01-31,685410.0,686442.0
2023-02-01,686920.0,677167.0
2023-02-02,667550.0,669321.0
2023-02-03,677630.0,675392.0
2023-02-04,629020.0,632388.0
2023-02-05,585580.0,593409.0
2023-02-06,693550.0,697099.0
2023-02-07,715320.0,703106.0
2023-02-08,711490.0,706410.0
2023-02-09,711600.0,704506.0
2023-02-10,703740.0,702191.0
2023-02-11,648570.0,645789.0
2023-02-12,594700.0,591280.0
2023-02-13,681720.0,677435.0
2023-02-14,690510.0,682356.0
2023-02-15,680790.0,670761.0
2023-02-16,674760.0,671051.0
2023-02-17,662990.0,664314.0
2023-02-18,611810.0,591949.0
2023-02-19,553350.0,528119.0
2023-02-20,628190.0,627948.0
2023-02-21,631530.0,632148.0
2023-02-22,636370.0,624184.0
2023-02-23,637370.0,640229.0
2023-02-24,638880.0,644483.0
2023-02-25,591190.0,590763.0
2023-02-26,539920.0,546056.0
2023-02-27,641650.0,651864.0
2023-02-28,663800.0,669796.0
2023-03-01,666440.0,657951.0
2023-03-02,667880.0,655722.0
2023-03-03,651880.0,649872.0
2023-03-04,588780.0,576679.0
2023-03-05,531360.0,536299.0
2023-03-06,631660.0,631854.0
2023-03-07,644710.0,638390.0
2023-03-08,625950.0,621981.0
2023-03-09,631260.0,625130.0
2023-03-10,620110.0,610810.0
2023-03-11,570470.0,573797.0
2023-03-12,538940.0,518159.0
2023-03-13,605330.0,602031.0
2023-03-14,615140.0,610128.0
2023-03-15,619470.0,622387.0
2023-03-16,636770.0,652502.0
2023-03-17,626630.0,632668.0
2023-03-18,577980.0,569855.0
2023-03-19,510100.0,511457.0
2023-03-20,606320.0,602460.0
2023-03-21,625150.0,615383.0
2023-03-22,621660.0,622021.0
2023-03-23,610100.0,602241.0
2023-03-24,597210.0,587147.0
2023-03-25,539830.0,526742.0
2023-03-26,471870.0,476789.0
2023-03-27,595370.0,611956.0
2023-03-28,636150.0,637799.0
2023-03-29,641440.0,640020.0
2023-03-30,636660.0,630827.0
2023-03-31,629500.0,629736.0
2023-04-01,581900.0,582179.0
2023-04-02,520850.0,520723.0
2023-04-03,621160.0,613457.0
2023-04-04,645430.0,686754.0
2023-04-05,683600.0,672857.0
2023-04-06,674370.0,669428.0
2023-04-07,660730.0,658622.0
2023-04-08,597150.0,594111.0
2023-04-09,526550.0,522111.0
2023-04-10,605810.0,604103.0
2023-04-11,624260.0,634384.0
2023-04-12,628620.0,638848.0
2023-04-13,610930.0,593523.0
2023-04-14,537340.0,534175.0
2023-04-15,506190.0,507764.0
2023-04-16,423840.0,430413.0
2023-04-17,440600.0,459945.0
2023-04-18,552400.0,543216.0
2023-04-19,599160.0,599111.0
2023-04-20,600130.0,600958.0
2023-04-21,591830.0,582355.0
2023-04-22,541580.0,534092.0
2023-04-23,475640.0,473100.0
2023-04-24,575590.0,569106.0
2023-04-25,597700.0,600093.0
2023-04-26,600360.0,597311.0
2023-04-27,604180.0,596375.0
2023-04-28,590290.0,576504.0
2023-04-29,528460.0,522682.0
2023-04-30,461120.0,464047.0
2023-05-01,460450.0,470874.0
2023-05-02,568480.0,536310.0
2023-05-03,575760.0,562670.0
2023-05-04,582730.0,595548.0
2023-05-05,566740.0,565823.0
2023-05-06,517710.0,508577.0
2023-05-07,456070.0,467161.0
2023-05-08,575400.0,578350.0
2023-05-09,590990.0,579598.0
2023-05-10,569060.0,571434.0
2023-05-11,568880.0,570953.0
2023-05-12,568350.0,591206.0
2023-05-13,536460.0,525805.0
2023-05-14,477830.0,468393.0
2023-05-15,573530.0,555452.0
2023-05-16,572800.0,576089.0
2023-05-17,586000.0,583128.0
2023-05-18,573840.0,569852.0
2023-05-19,564660.0,553447.0
2023-05-20,496240.0,498042.0
2023-05-21,453360.0,446470.0
2023-05-22,542510.0,533973.0
2023-05-23,542720.0,551284.0
2023-05-24,549810.0,559062.0
2023-05-25,553300.0,546399.0
2023-05-26,566580.0,555620.0
2023-05-27,503840.0,500455.0
2023-05-28,452500.0,442811.0
2023-05-29,535280.0,528089.0
2023-05-30,543150.0,548305.0
2023-05-31,546340.0,551984.0
2023-06-01,512130.0,503931.0
2023-06-02,494960.0,502366.0
2023-06-03,470090.0,468224.0
2023-06-04,422400.0,419085.0
2023-06-05,433100.0,442819.0
2023-06-06,527450.0,540327.0
2023-06-07,552920.0,562457.0
2023-06-08,566520.0,566183.0
2023-06-09,568940.0,569705.0
2023-06-10,524130.0,521131.0
2023-06-11,473830.0,470433.0
2023-06-12,554670.0,555408.0
2023-06-13,574210.0,572230.0
2023-06-14,569390.0,577968.0
2023-06-15,580400.0,589948.0
2023-06-16,585830.0,595427.0
2023-06-17,540770.0,543258.0
2023-06-18,488010.0,481672.0
2023-06-19,563770.0,562324.0
2023-06-20,580620.0,573979.0
2023-06-21,587260.0,586563.0
2023-06-22,599630.0,598815.0
2023-06-23,603610.0,611007.0
2023-06-24,555130.0,536454.0
2023-06-25,492510.0,494093.0
2023-06-26,574950.0,565879.0
2023-06-27,585150.0,582060.0
2023-06-28,577220.0,582280.0
2023-06-29,561990.0,547573.0
2023-06-30,565800.0,557258.0
2023-07-01,512490.0,515915.0
2023-07-02,469170.0,473043.0
2023-07-03,558490.0,572507.0
2023-07-04,588580.0,603397.0
2023-07-05,607040.0,610747.0
2023-07-06,610680.0,618492.0
2023-07-07,608100.0,599630.0
2023-07-08,527260.0,531636.0
2023-07-09,477210.0,480144.0
2023-07-10,570250.0,588622.0
2023-07-11,610240.0,612363.0
2023-07-12,626970.0,616370.0
2023-07-13,633920.0,646446.0
2023-07-14,630700.0,622606.0
2023-07-15,562370.0,569226.0
2023-07-16,519180.0,529722.0
2023-07-17,626260.0,644285.0
2023-07-18,650230.0,653588.0
2023-07-19,656030.0,653519.0
2023-07-20,638150.0,626529.0
2023-07-21,644830.0,615957.0
2023-07-22,569670.0,560376.0
2023-07-23,519620.0,505959.0
2023-07-24,616960.0,602486.0
2023-07-25,640690.0,638898.0
2023-07-26,626620.0,638071.0
2023-07-27,605010.0,578651.0
2023-07-28,589320.0,556571.0
2023-07-29,515830.0,521441.0
2023-07-30,483900.0,480229.0
2023-07-31,581730.0,559962.0
2023-08-01,573930.0,569214.0
2023-08-02,583760.0,581453.0
2023-08-03,602910.0,594268.0
2023-08-04,603220.0,612011.0
2023-08-05,559920.0,558737.0
2023-08-06,502530.0,505006.0
2023-08-07,562100.0,536533.0
2023-08-08,555840.0,545224.0
2023-08-09,540490.0,541923.0
2023-08-10,552700.0,552601.0
2023-08-11,536910.0,546299.0
2023-08-12,485530.0,497703.0
2023-08-13,448040.0,452318.0
2023-08-14,484040.0,513084.0
2023-08-15,467030.0,498554.0
2023-08-16,557340.0,577592.0
2023-08-17,590910.0,591600.0
2023-08-18,588290.0,595695.0
2023-08-19,534060.0,552077.0
2023-08-20,489040.0,514685.0
2023-08-21,581980.0,611538.0
2023-08-22,630460.0,637976.0
2023-08-23,636480.0,646139.0
2023-08-24,638970.0,637856.0
2023-08-25,628010.0,627061.0
2023-08-26,568810.0,575149.0
2023-08-27,530750.0,527530.0
2023-08-28,626910.0,622778.0
2023-08-29,619100.0,624375.0
2023-08-30,607920.0,611786.0
2023-08-31,610360.0,588148.0
2023-09-01,580860.0,569932.0
2023-09-02,520500.0,513223.0
2023-09-03,471470.0,473965.0
2023-09-04,556190.0,556968.0
2023-09-05,567710.0,561083.0
2023-09-06,557800.0,559613.0
2023-09-07,561230.0,566881.0
2023-09-08,550990.0,554786.0
2023-09-09,519080.0,505490.0
2023-09-10,464930.0,461694.0
2023-09-11,551690.0,549465.0
2023-09-12,572390.0,569654.0
2023-09-13,577630.0,575828.0
2023-09-14,568850.0,572707.0
2023-09-15,582380.0,581734.0
2023-09-16,529580.0,528670.0
2023-09-17,483110.0,469901.0
2023-09-18,549960.0,551771.0
2023-09-19,579400.0,575858.0
2023-09-20,574420.0,567507.0
2023-09-21,565290.0,573810.0
2023-09-22,574560.0,573475.0
2023-09-23,518170.0,526509.0
2023-09-24,479030.0,477018.0
2023-09-25,564680.0,561713.0
2023-09-26,572540.0,568459.0
2023-09-27,572740.0,542185.0
2023-09-28,571000.0,563150.0
2023-09-29,561760.0,564643.0
2023-09-30,515110.0,502935.0
2023-10-01,468140.0,456650.0
2023-10-02,551610.0,534176.0
2023-10-03,558250.0,543840.0
2023-10-04,550380.0,552069.0
2023-10-05,554920.0,560258.0
2023-10-06,556770.0,551816.0
2023-10-07,501510.0,501584.0
2023-10-08,457200.0,472827.0
2023-10-09,558440.0,556907.0
2023-10-10,566480.0,568447.0
2023-10-11,568690.0,573075.0
2023-10-12,567350.0,566184.0
2023-10-13,565790.0,588451.0
2023-10-14,501710.0,497941.0
2023-10-15,478570.0,483508.0
2023-10-16,575960.0,572511.0
2023-10-17,607970.0,591173.0
2023-10-18,589640.0,594011.0
2023-10-19,596120.0,604199.0
2023-10-20,590810.0,598827.0
2023-10-21,509780.0,538803.0
2023-10-22,480180.0,488720.0
2023-10-23,569520.0,574430.0
2023-10-24,591960.0,591556.0
2023-10-25,592450.0,602209.0
2023-10-26,588380.0,587819.0
2023-10-27,591750.0,601175.0
2023-10-28,542160.0,538997.0
2023-10-29,506250.0,493854.0
2023-10-30,567220.0,563334.0
2023-10-31,580040.0,589534.0
2023-11-01,591660.0,582869.0
2023-11-02,600020.0,600664.0
2023-11-03,592440.0,606060.0
2023-11-04,552870.0,557625.0
2023-11-05,505770.0,493393.0
2023-11-06,579120.0,582190.0
2023-11-07,607960.0,606588.0
2023-11-08,611640.0,613689.0
2023-11-09,616720.0,605145.0
2023-11-10,619300.0,624339.0
2023-11-11,573390.0,578479.0
2023-11-12,524780.0,522046.0
2023-11-13,616700.0,618752.0
2023-11-14,637600.0,633522.0
2023-11-15,641800.0,640410.0
2023-11-16,635630.0,629039.0
2023-11-17,641260.0,651160.0
2023-11-18,602260.0,609822.0
2023-11-19,558450.0,539160.0
2023-11-20,641680.0,650465.0
2023-11-21,656140.0,640187.0
2023-11-22,667080.0,671425.0
2023-11-23,668370.0,669008.0
2023-11-24,671130.0,663896.0
2023-11-25,627020.0,626144.0
2023-11-26,572670.0,563759.0
2023-11-27,675990.0,667750.0
2023-11-28,688510.0,697655.0
2023-11-29,679840.0,687034.0
2023-11-30,622240.0,612795.0
2023-12-01,602160.0,600520.0
2023-12-02,587290.0,582212.0
2023-12-03,551410.0,563097.0
2023-12-04,672080.0,684440.0
2023-12-05,701570.0,710955.0
2023-12-06,697020.0,694565.0
2023-12-07,715010.0,726970.0
2023-12-08,722380.0,712530.0
2023-12-09,664740.0,630063.0
2023-12-10,607000.0,582082.0
2023-12-11,700710.0,696755.0
2023-12-12,695460.0,702452.0
2023-12-13,713550.0,717919.0
2023-12-14,706030.0,706399.0
2023-12-15,708880.0,700651.0
2023-12-16,650800.0,636904.0
2023-12-17,592970.0,601764.0
2023-12-18,689880.0,688746.0
2023-12-19,701590.0,690524.0
2023-12-20,698420.0,698577.0
2023-12-21,701310.0,682258.0
2023-12-22,659860.0,663739.0
2023-12-23,610770.0,628381.0
2023-12-24,557310.0,562954.0
2023-12-25,485170.0,488466.0
2023-12-26,499580.0,492569.0
2023-12-27,556310.0,545539.0
2023-12-28,563500.0,584017.0
2023-12-29,559510.0,571465.0
2023-12-30,551510.0,559966.0
2023-12-31,526070.0,524615.0
2024-01-01,471720.0,475841.0
2024-01-02,502260.0,512383.0
2024-01-03,603910.0,605626.0
2024-01-04,631280.0,623527.0
2024-01-05,627440.0,615434.0
2024-01-06,563610.0,564259.0
2024-01-07,524230.0,559419.0
2024-01-08,679680.0,691887.0
2024-01-09,727600.0,717421.0
2024-01-10,722140.0,714554.0
2024-01-11,712220.0,714113.0
2024-01-12,713710.0,723632.0
2024-01-13,668770.0,664341.0
2024-01-14,613130.0,603233.0
2024-01-15,693250.0,703519.0
2024-01-16,708240.0,696713.0
2024-01-17,714180.0,702880.0
2024-01-18,702340.0,699452.0
2024-01-19,698210.0,690427.0
2024-01-20,642490.0,658302.0
2024-01-21,593850.0,613531.0
2024-01-22,721490.0,716617.0
2024-01-23,734160.0,729883.0
2024-01-24,690120.0,688211.0
2024-01-25,710840.0,689416.0
2024-01-26,698980.0,676558.0
2024-01-27,636470.0,644578.0
2024-01-28,590430.0,589309.0
2024-01-29,682200.0,687650.0
2024-01-30,689730.0,683889.0
2024-01-31,694580.0,699886.0
2024-02-01,691320.0,697455.0
2024-02-02,697150.0,689324.0
2024-02-03,645140.0,632927.0
2024-02-04,586270.0,567723.0
2024-02-05,660620.0,649738.0
2024-02-06,656890.0,632456.0
2024-02-07,647990.0,636603.0
2024-02-08,639210.0,640075.0
2024-02-09,636770.0,636929.0
2024-02-10,588100.0,577103.0
2024-02-11,511420.0,528462.0
2024-02-12,633520.0,628653.0
2024-02-13,654480.0,646653.0
2024-02-14,651610.0,651882.0
2024-02-15,645060.0,641079.0
2024-02-16,633410.0,634014.0
2024-02-17,587180.0,596968.0
2024-02-18,544690.0,552483.0
2024-02-19,648750.0,647015.0
2024-02-20,660790.0,654449.0
2024-02-21,654330.0,653664.0
2024-02-22,645650.0,637934.0
2024-02-23,628710.0,630490.0
2024-02-24,579760.0,572602.0
2024-02-25,527110.0,526038.0
2024-02-26,622670.0,610419.0
2024-02-27,633420.0,609612.0
2024-02-28,615020.0,617379.0
2024-02-29,626840.0,645863.0
2024-03-01,631320.0,648657.0
2024-03-02,598190.0,582162.0
2024-03-03,533240.0,528748.0
2024-03-04,610490.0,605763.0
2024-03-05,620730.0,635906.0
2024-03-06,647850.0,651356.0
2024-03-07,657100.0,660102.0
2024-03-08,649570.0,663768.0
2024-03-09,583490.0,568130.0
2024-03-10,530520.0,522567.0
2024-03-11,624700.0,648058.0
2024-03-12,664070.0,662429.0
2024-03-13,668110.0,668939.0
2024-03-14,665060.0,664575.0
2024-03-15,653550.0,655291.0
2024-03-16,571690.0,570301.0
2024-03-17,520930.0,524170.0
2024-03-18,627440.0,617093.0
2024-03-19,647780.0,652657.0
2024-03-20,645680.0,632845.0
2024-03-21,637870.0,634855.0
2024-03-22,628290.0,618286.0
2024-03-23,562400.0,545826.0
2024-03-24,508410.0,510414.0
2024-03-25,626580.0,610162.0
2024-03-26,618360.0,605189.0
2024-03-27,611650.0,618450.0
2024-03-28,614320.0,605011.0
2024-03-29,587800.0,563724.0
2024-03-30,519800.0,514372.0
2024-03-31,455310.0,443197.0
2024-04-01,575090.0,536638.0
2024-04-02,561270.0,560067.0
2024-04-03,567640.0,560988.0
2024-04-04,572660.0,587614.0
2024-04-05,559490.0,569233.0
2024-04-06,521470.0,527790.0
2024-04-07,460600.0,454898.0
2024-04-08,536050.0,541735.0
2024-04-09,555210.0,548200.0
2024-04-10,551130.0,550058.0
2024-04-11,549760.0,551681.0
2024-04-12,543280.0,559303.0
2024-04-13,509320.0,502862.0
2024-04-14,451260.0,455413.0
2024-04-15,538040.0,551407.0
2024-04-16,574750.0,571570.0
2024-04-17,595630.0,607781.0
2024-04-18,612530.0,604490.0
2024-04-19,592790.0,579393.0
2024-04-20,535030.0,528011.0
2024-04-21,471710.0,472760.0
2024-04-22,581490.0,609427.0
2024-04-23,594170.0,617216.0
2024-04-24,604790.0,600944.0
2024-04-25,623230.0,616181.0
2024-04-26,573480.0,578811.0
2024-04-27,520190.0,516198.0
2024-04-28,458810.0,442133.0
2024-04-29,524650.0,537606.0
2024-04-30,538890.0,553416.0
2024-05-01,506200.0,489390.0
2024-05-02,506420.0,495528.0
2024-05-03,487700.0,478226.0
2024-05-04,464040.0,460449.0
2024-05-05,376640.0,367338.0
2024-05-06,386420.0,375641.0
2024-05-07,461020.0,497577.0
2024-05-08,554440.0,575990.0
2024-05-09,581600.0,582125.0
2024-05-10,542040.0,536358.0
2024-05-11,499670.0,509211.0
2024-05-12,468680.0,472247.0
2024-05-13,550780.0,541435.0
2024-05-14,556890.0,553340.0
2024-05-15,552040.0,570232.0
2024-05-16,568340.0,561182.0
2024-05-17,578150.0,583607.0
2024-05-18,522660.0,522978.0
2024-05-19,458430.0,465553.0
2024-05-20,562110.0,551967.0
2024-05-21,549740.0,533501.0
2024-05-22,578640.0,566427.0
2024-05-23,572340.0,576560.0
2024-05-24,564880.0,554093.0
2024-05-25,495770.0,500486.0
2024-05-26,435790.0,443744.0
2024-05-27,535430.0,550169.0
2024-05-28,573410.0,565432.0
2024-05-29,577580.0,570380.0
2024-05-30,565130.0,556212.0
2024-05-31,552100.0,548276.0
2024-06-01,494690.0,490215.0
2024-06-02,431220.0,442332.0
2024-06-03,556740.0,556814.0
2024-06-04,566940.0,572554.0
2024-06-05,571930.0,572989.0
2024-06-06,571090.0,577155.0
2024-06-07,580790.0,586348.0
2024-06-08,529030.0,535022.0
2024-06-09,468210.0,493416.0
2024-06-10,578590.0,603008.0
2024-06-11,609920.0,618796.0
2024-06-12,601400.0,609836.0
2024-06-13,584850.0,599737.0
2024-06-14,599520.0,574163.0
2024-06-15,519020.0,502017.0
2024-06-16,443160.0,461410.0
2024-06-17,567790.0,578064.0
2024-06-18,595780.0,606368.0
2024-06-19,611890.0,619826.0
2024-06-20,625420.0,637365.0
2024-06-21,630590.0,622640.0
2024-06-22,572810.0,562879.0
2024-06-23,499330.0,493119.0
2024-06-24,510120.0,523615.0
2024-06-25,604080.0,612116.0
2024-06-26,621110.0,625628.0
2024-06-27,627590.0,629739.0
2024-06-28,626550.0,614067.0
2024-06-29,554450.0,546763.0
2024-06-30,494950.0,522186.0
2024-07-01,621620.0,636479.0
2024-07-02,630090.0,645479.0
2024-07-03,615830.0,621872.0
2024-07-04,602230.0,592043.0
2024-07-05,582630.0,587748.0
2024-07-06,536660.0,539751.0
2024-07-07,493250.0,510862.0
2024-07-08,613900.0,626154.0
2024-07-09,647220.0,649162.0
2024-07-10,655350.0,663508.0
2024-07-11,672740.0,679395.0
2024-07-12,681010.0,678131.0
2024-07-13,623390.0,619010.0
2024-07-14,570320.0,579470.0
2024-07-15,677910.0,682048.0
2024-07-16,699080.0,706574.0
2024-07-17,718460.0,713995.0
2024-07-18,704000.0,707386.0
2024-07-19,695240.0,684280.0
2024-07-20,608190.0,592995.0
2024-07-21,553640.0,547023.0
2024-07-22,656480.0,627491.0
2024-07-23,655350.0,635506.0
2024-07-24,639210.0,638142.0
2024-07-25,644780.0,608673.0
2024-07-26,596190.0,584047.0
2024-07-27,530180.0,527827.0
2024-07-28,495540.0,504843.0
2024-07-29,607110.0,587155.0
2024-07-30,598630.0,578384.0
2024-07-31,584210.0,579576.0
2024-08-01,592120.0,596525.0
2024-08-02,605630.0,607875.0
2024-08-03,541060.0,556849.0
2024-08-04,514240.0,491303.0
2024-08-05,593180.0,564054.0
2024-08-06,569610.0,553655.0
2024-08-07,571150.0,545946.0
2024-08-08,559670.0,563925.0
2024-08-09,573410.0,579993.0
2024-08-10,528890.0,517679.0
2024-08-11,478160.0,483277.0
2024-08-12,559790.0,575064.0
2024-08-13,590200.0,596094.0
2024-08-14,594150.0,603070.0
2024-08-15,510470.0,538716.0
2024-08-16,538670.0,570555.0
2024-08-17,550170.0,545054.0
2024-08-18,501930.0,505172.0
2024-08-19,581710.0,590017.0
2024-08-20,622780.0,608037.0
2024-08-21,609250.0,604160.0
2024-08-22,606250.0,602840.0
2024-08-23,590000.0,587797.0
2024-08-24,542840.0,536263.0
2024-08-25,492200.0,487303.0
2024-08-26,579410.0,608255.0
2024-08-27,615820.0,618572.0
2024-08-28,603540.0,612508.0
2024-08-29,592870.0,591971.0
2024-08-30,597950.0,592709.0
2024-08-31,535030.0,529794.0
2024-09-01,480840.0,479851.0
2024-09-02,570310.0,564522.0
2024-09-03,582310.0,584404.0
2024-09-04,583340.0,583055.0
2024-09-05,571900.0,573868.0
2024-09-06,579360.0,570818.0
2024-09-07,523240.0,509946.0
2024-09-08,470800.0,450753.0
2024-09-09,557920.0,545516.0
2024-09-10,589040.0,590848.0
2024-09-11,606890.0,597509.0
2024-09-12,586470.0,567126.0
2024-09-13,574920.0,575657.0
2024-09-14,526820.0,510850.0
2024-09-15,480860.0,464415.0
2024-09-16,547910.0,542755.0
2024-09-17,565850.0,550595.0
2024-09-18,550720.0,560624.0
2024-09-19,556910.0,559364.0
2024-09-20,553990.0,530800.0
2024-09-21,491530.0,480483.0
2024-09-22,431250.0,441875.0
2024-09-23,520590.0,530100.0
2024-09-24,537100.0,551988.0
2024-09-25,558760.0,567738.0
2024-09-26,549710.0,561099.0
2024-09-27,548610.0,556157.0
2024-09-28,494830.0,510923.0
2024-09-29,489050.0,508305.0
2024-09-30,595010.0,568611.0
2024-10-01,571950.0,562424.0
2024-10-02,570950.0,565097.0
2024-10-03,565620.0,574014.0
2024-10-04,569330.0,588899.0
2024-10-05,537630.0,548987.0
2024-10-06,490640.0,496822.0
2024-10-07,569020.0,563106.0
2024-10-08,574870.0,565308.0
2024-10-09,586830.0,584155.0
2024-10-10,564770.0,570355.0
2024-10-11,589170.0,587107.0
2024-10-12,548360.0,543040.0
2024-10-13,500220.0,477734.0
2024-10-14,550910.0,544083.0
2024-10-15,582640.0,598751.0
2024-10-16,588850.0,598837.0
2024-10-17,603080.0,570992.0
2024-10-18,595130.0,589052.0
2024-10-19,547610.0,545354.0
2024-10-20,503950.0,496142.0
2024-10-21,587340.0,593289.0
2024-10-22,599690.0,604000.0
2024-10-23,603060.0,608287.0
2024-10-24,618330.0,621007.0
2024-10-25,607090.0,615649.0
2024-10-26,549790.0,543707.0
2024-10-27,519470.0,526716.0
2024-10-28,592050.0,602780.0
2024-10-29,612570.0,618591.0
2024-10-30,627600.0,629101.0
2024-10-31,624190.0,620948.0
2024-11-01,622320.0,600951.0
2024-11-02,562370.0,558871.0
2024-11-03,529610.0,533396.0
2024-11-04,622200.0,629747.0
2024-11-05,650760.0,634984.0
2024-11-06,633580.0,643510.0
2024-11-07,637730.0,646289.0
2024-11-08,633900.0,627837.0
2024-11-09,605940.0,613697.0
2024-11-10,577330.0,578054.0
2024-11-11,674810.0,683313.0
2024-11-12,705180.0,709352.0
2024-11-13,691430.0,696970.0
2024-11-14,701160.0,695408.0
2024-11-15,695070.0,693839.0
2024-11-16,629940.0,622674.0
2024-11-17,578340.0,567794.0
2024-11-18,674820.0,685753.0
2024-11-19,688360.0,686251.0
2024-11-20,691440.0,681140.0
2024-11-21,694490.0,685812.0
2024-11-22,708820.0,716586.0
2024-11-23,634020.0,650229.0
2024-11-24,586300.0,580495.0
2024-11-25,684210.0,674614.0
2024-11-26,687400.0,689929.0
2024-11-27,702840.0,700706.0
2024-11-28,698430.0,700752.0
2024-11-29,709260.0,712128.0
2024-11-30,644010.0,623178.0
2024-12-01,585130.0,579054.0
2024-12-02,687710.0,704204.0
2024-12-03,716660.0,719227.0
2024-12-04,722490.0,726774.0
2024-12-05,730010.0,730469.0
2024-12-06,717630.0,715875.0
2024-12-07,667500.0,663595.0
2024-12-08,602670.0,603127.0
2024-12-09,708240.0,708194.0
2024-12-10,722080.0,724287.0
2024-12-11,725500.0,722305.0
2024-12-12,722630.0,710055.0
2024-12-13,708740.0,716721.0
2024-12-14,661570.0,659263.0
2024-12-15,593150.0,603126.0
2024-12-16,690990.0,706606.0
2024-12-17,707390.0,697803.0
2024-12-18,709180.0,689087.0
2024-12-19,687910.0,686046.0
2024-12-20,689310.0,681568.0
2024-12-21,654690.0,651273.0
2024-12-22,577190.0,599328.0
2024-12-23,657770.0,657299.0
2024-12-24,635690.0,625370.0
2024-12-25,543510.0,521487.0
2024-12-26,533360.0,532630.0
2024-12-27,575760.0,590641.0
2024-12-28,613520.0,614631.0
2024-12-29,591210.0,580927.0
2024-12-30,622970.0,630177.0
2024-12-31,596400.0,607897.0
