Date,Day-ahead Total Load Forecast [MW] - BZN|SI,Actual Total Load [MW] - BZN|SI
2019-01-01,31600.0,30928.0
2019-01-02,33930.0,33079.0
2019-01-03,38489.0,40821.0
2019-01-04,39562.0,42619.0
2019-01-05,39638.0,40491.0
2019-01-06,37723.0,38370.0
2019-01-07,43529.0,45858.0
2019-01-08,46032.0,47769.0
2019-01-09,47192.0,47396.0
2019-01-10,47212.0,47266.0
2019-01-11,46658.0,46552.0
2019-01-12,42428.0,41573.0
2019-01-13,40048.0,38565.0
2019-01-14,44484.0,43929.0
2019-01-15,45144.0,45502.0
2019-01-16,45977.0,45469.0
2019-01-17,45605.0,45200.0
2019-01-18,45617.0,45414.0
2019-01-19,41289.0,41130.0
2019-01-20,38876.0,38844.0
2019-01-21,44480.0,45920.0
2019-01-22,46078.0,47108.0
2019-01-23,48043.0,48455.0
2019-01-24,47788.0,47658.0
2019-01-25,47034.0,46828.0
2019-01-26,42454.0,42672.0
2019-01-27,39809.0,39594.0
2019-01-28,45596.0,45072.0
2019-01-29,46471.0,45213.0
2019-01-30,46458.0,45840.0
2019-01-31,45683.0,46238.0
2019-02-01,45894.0,45256.0
2019-02-02,42313.0,38908.0
2019-02-03,38068.0,36456.0
2019-02-04,43749.0,42698.0
2019-02-05,44565.0,44519.0
2019-02-06,46130.0,43980.0
2019-02-07,45174.0,43763.0
2019-02-08,40106.0,37329.0
2019-02-09,37091.0,36067.0
2019-02-10,35471.0,36364.0
2019-02-11,41500.0,42909.0
2019-02-12,44742.0,43718.0
2019-02-13,44528.0,43463.0
2019-02-14,44247.0,43295.0
2019-02-15,43813.0,42510.0
2019-02-16,37557.0,37534.0
2019-02-17,36481.0,34505.0
2019-02-18,42816.0,41707.0
2019-02-19,43213.0,42187.0
2019-02-20,43780.0,42975.0
2019-02-21,43364.0,43198.0
2019-02-22,42785.0,43021.0
2019-02-23,40000.0,39118.0
2019-02-24,36429.0,37213.0
2019-02-25,43121.0,42677.0
2019-02-26,44046.0,42810.0
2019-02-27,44032.0,41998.0
2019-02-28,42787.0,41666.0
2019-03-01,42195.0,42136.0
2019-03-02,37803.0,37310.0
2019-03-03,36062.0,34142.0
2019-03-04,41417.0,41060.0
2019-03-05,38092.0,42018.0
2019-03-06,43024.0,42009.0
2019-03-07,43107.0,43017.0
2019-03-08,43375.0,40855.0
2019-03-09,37861.0,35778.0
2019-03-10,33182.0,33829.0
2019-03-11,42259.0,42600.0
2019-03-12,42188.0,41898.0
2019-03-13,42612.0,43203.0
2019-03-14,39762.0,42673.0
2019-03-15,42063.0,42066.0
2019-03-16,37772.0,37408.0
2019-03-17,35561.0,34469.0
2019-03-18,40804.0,41422.0
2019-03-19,42861.0,42371.0
2019-03-20,44021.0,42743.0
2019-03-21,42414.0,42740.0
2019-03-22,41458.0,41233.0
2019-03-23,37837.0,36056.0
2019-03-24,35747.0,34163.0
2019-03-25,42604.0,41110.0
2019-03-26,41758.0,40752.0
2019-03-27,41662.0,42376.0
2019-03-28,42468.0,42367.0
2019-03-29,41022.0,40543.0
2019-03-30,36508.0,35260.0
2019-03-31,29031.0,31343.0
2019-04-01,39701.0,39026.0
2019-04-02,39978.0,40465.0
2019-04-03,40511.0,40660.0
2019-04-04,41604.0,41611.0
2019-04-05,41992.0,41928.0
2019-04-06,36796.0,36353.0
2019-04-07,34037.0,34485.0
2019-04-08,40183.0,40761.0
2019-04-09,40999.0,42165.0
2019-04-10,41546.0,41631.0
2019-04-11,41304.0,42256.0
2019-04-12,41187.0,41867.0
2019-04-13,37175.0,36844.0
2019-04-14,34194.0,34760.0
2019-04-15,40419.0,39868.0
2019-04-16,40627.0,40056.0
2019-04-17,40507.0,40328.0
2019-04-18,40593.0,41041.0
2019-04-19,40519.0,39498.0
2019-04-20,36497.0,32946.0
2019-04-21,31268.0,28727.0
2019-04-22,30239.0,29924.0
2019-04-23,38491.0,40608.0
2019-04-24,41047.0,39781.0
2019-04-25,37678.0,39164.0
2019-04-26,40124.0,39813.0
2019-04-27,31820.0,33296.0
2019-04-28,30545.0,31618.0
2019-04-29,37910.0,36209.0
2019-04-30,36701.0,35709.0
2019-05-01,27027.0,27110.0
2019-05-02,28717.0,26883.0
2019-05-03,32656.0,31580.0
2019-05-04,31454.0,31985.0
2019-05-05,31753.0,32539.0
2019-05-06,38151.0,39515.0
2019-05-07,40093.0,39701.0
2019-05-08,40102.0,40988.0
2019-05-09,40613.0,41673.0
2019-05-10,40541.0,39425.0
2019-05-11,36359.0,34956.0
2019-05-12,33157.0,34116.0
2019-05-13,39750.0,39946.0
2019-05-14,41397.0,41523.0
2019-05-15,41603.0,42090.0
2019-05-16,41821.0,40946.0
2019-05-17,37252.0,39847.0
2019-05-18,34960.0,35441.0
2019-05-19,33129.0,32668.0
2019-05-20,39636.0,38705.0
2019-05-21,39779.0,40347.0
2019-05-22,40671.0,40329.0
2019-05-23,40924.0,39914.0
2019-05-24,39454.0,39090.0
2019-05-25,34577.0,34290.0
2019-05-26,32601.0,32080.0
2019-05-27,38388.0,39658.0
2019-05-28,40290.0,40246.0
2019-05-29,40899.0,41367.0
2019-05-30,40393.0,41400.0
2019-05-31,39488.0,39554.0
2019-06-01,34889.0,33978.0
2019-06-02,31860.0,30820.0
2019-06-03,38896.0,37909.0
2019-06-04,38551.0,39781.0
2019-06-05,39986.0,40041.0
2019-06-06,39688.0,40614.0
2019-06-07,38944.0,39767.0
2019-06-08,34854.0,34500.0
2019-06-09,32135.0,32015.0
2019-06-10,38779.0,40730.0
2019-06-11,40732.0,42240.0
2019-06-12,41746.0,42528.0
2019-06-13,41812.0,42499.0
2019-06-14,42469.0,41526.0
2019-06-15,36179.0,36843.0
2019-06-16,32702.0,34011.0
2019-06-17,39650.0,40745.0
2019-06-18,41198.0,41597.0
2019-06-19,41780.0,42224.0
2019-06-20,42156.0,42171.0
2019-06-21,41103.0,41765.0
2019-06-22,36650.0,36795.0
2019-06-23,33092.0,33006.0
2019-06-24,34902.0,36048.0
2019-06-25,32590.0,33708.0
2019-06-26,39196.0,40961.0
2019-06-27,41265.0,42969.0
2019-06-28,41203.0,41116.0
2019-06-29,36946.0,34991.0
2019-06-30,34500.0,33110.0
2019-07-01,40012.0,40742.0
2019-07-02,41025.0,42268.0
2019-07-03,41929.0,41469.0
2019-07-04,41353.0,41089.0
2019-07-05,40393.0,40681.0
2019-07-06,35921.0,36222.0
2019-07-07,33254.0,33414.0
2019-07-08,38896.0,39048.0
2019-07-09,40218.0,39238.0
2019-07-10,39533.0,38764.0
2019-07-11,39313.0,39118.0
2019-07-12,38937.0,39150.0
2019-07-13,34821.0,34210.0
2019-07-14,32071.0,31282.0
2019-07-15,38045.0,37430.0
2019-07-16,38047.0,38688.0
2019-07-17,38865.0,38874.0
2019-07-18,38976.0,39213.0
2019-07-19,38557.0,36244.0
2019-07-20,34439.0,34277.0
2019-07-21,31665.0,32190.0
2019-07-22,37617.0,38976.0
2019-07-23,39742.0,40386.0
2019-07-24,40007.0,41352.0
2019-07-25,40499.0,42180.0
2019-07-26,41568.0,41126.0
2019-07-27,36741.0,34974.0
2019-07-28,33233.0,31923.0
2019-07-29,38890.0,33150.0
2019-07-30,38266.0,34828.0
2019-07-31,37641.0,37889.0
2019-08-01,37386.0,36993.0
2019-08-02,36679.0,35925.0
2019-08-03,31911.0,30456.0
2019-08-04,30587.0,28606.0
2019-08-05,36226.0,34186.0
2019-08-06,35915.0,35705.0
2019-08-07,35959.0,36468.0
2019-08-08,36374.0,36192.0
2019-08-09,35758.0,35864.0
2019-08-10,31690.0,32983.0
2019-08-11,28744.0,31174.0
2019-08-12,36615.0,37508.0
2019-08-13,36639.0,37592.0
2019-08-14,36929.0,36061.0
2019-08-15,32310.0,30278.0
2019-08-16,34508.0,33225.0
2019-08-17,31707.0,31073.0
2019-08-18,28962.0,30687.0
2019-08-19,37451.0,38255.0
2019-08-20,38082.0,40175.0
2019-08-21,39345.0,40737.0
2019-08-22,40671.0,40122.0
2019-08-23,39166.0,39835.0
2019-08-24,35402.0,34256.0
2019-08-25,32467.0,31416.0
2019-08-26,38615.0,39214.0
2019-08-27,39538.0,40553.0
2019-08-28,40103.0,41249.0
2019-08-29,40821.0,41498.0
2019-08-30,40938.0,40561.0
2019-08-31,35725.0,35426.0
2019-09-01,32456.0,32787.0
2019-09-02,39749.0,39321.0
2019-09-03,39461.0,38708.0
2019-09-04,39299.0,39108.0
2019-09-05,38956.0,39111.0
2019-09-06,39092.0,40142.0
2019-09-07,34951.0,34710.0
2019-09-08,32365.0,32590.0
2019-09-09,38599.0,37186.0
2019-09-10,39084.0,38793.0
2019-09-11,38886.0,39334.0
2019-09-12,39362.0,38980.0
2019-09-13,38728.0,37763.0
2019-09-14,34106.0,33283.0
2019-09-15,31059.0,31760.0
2019-09-16,36691.0,38529.0
2019-09-17,38738.0,40125.0
2019-09-18,40059.0,40583.0
2019-09-19,40217.0,39487.0
2019-09-20,39182.0,38523.0
2019-09-21,34548.0,32687.0
2019-09-22,32191.0,31250.0
2019-09-23,37630.0,38846.0
2019-09-24,39684.0,39240.0
2019-09-25,39717.0,40751.0
2019-09-26,40100.0,39757.0
2019-09-27,38918.0,39218.0
2019-09-28,34597.0,34483.0
2019-09-29,32121.0,31310.0
2019-09-30,38157.0,37236.0
2019-10-01,38453.0,38861.0
2019-10-02,39536.0,40487.0
2019-10-03,39654.0,39756.0
2019-10-04,39382.0,39408.0
2019-10-05,34499.0,34676.0
2019-10-06,32197.0,33353.0
2019-10-07,38071.0,39656.0
2019-10-08,39653.0,40086.0
2019-10-09,40434.0,40959.0
2019-10-10,40880.0,41683.0
2019-10-11,39711.0,39564.0
2019-10-12,34579.0,34431.0
2019-10-13,32491.0,32137.0
2019-10-14,39109.0,38587.0
2019-10-15,39449.0,39974.0
2019-10-16,40287.0,39308.0
2019-10-17,39528.0,39492.0
2019-10-18,38745.0,39476.0
2019-10-19,34826.0,34622.0
2019-10-20,32402.0,32530.0
2019-10-21,38625.0,38665.0
2019-10-22,38946.0,39462.0
2019-10-23,39667.0,39538.0
2019-10-24,39904.0,38888.0
2019-10-25,39023.0,39293.0
2019-10-26,35002.0,34625.0
2019-10-27,34118.0,33201.0
2019-10-28,37862.0,37472.0
2019-10-29,38402.0,39594.0
2019-10-30,39736.0,38955.0
2019-10-31,35010.0,31330.0
2019-11-01,32354.0,29424.0
2019-11-02,30621.0,32469.0
2019-11-03,30317.0,31096.0
2019-11-04,36707.0,38243.0
2019-11-05,39555.0,40419.0
2019-11-06,40533.0,40916.0
2019-11-07,40886.0,40481.0
2019-11-08,40302.0,40543.0
2019-11-09,36328.0,34462.0
2019-11-10,34519.0,33461.0
2019-11-11,40026.0,41222.0
2019-11-12,41250.0,42244.0
2019-11-13,42312.0,42124.0
2019-11-14,42196.0,42275.0
2019-11-15,41660.0,41736.0
2019-11-16,36977.0,36993.0
2019-11-17,34529.0,34009.0
2019-11-18,41434.0,40011.0
2019-11-19,40893.0,41243.0
2019-11-20,41609.0,42440.0
2019-11-21,41898.0,41791.0
2019-11-22,41711.0,41168.0
2019-11-23,36178.0,36454.0
2019-11-24,34998.0,34041.0
2019-11-25,40751.0,41262.0
2019-11-26,41991.0,42535.0
2019-11-27,42327.0,42626.0
2019-11-28,41665.0,42036.0
2019-11-29,41537.0,41294.0
2019-11-30,37195.0,37566.0
2019-12-01,35617.0,37110.0
2019-12-02,41882.0,43006.0
2019-12-03,47728.0,43996.0
2019-12-04,43247.0,45781.0
2019-12-05,44344.0,45966.0
2019-12-06,44655.0,45225.0
2019-12-07,40562.0,39701.0
2019-12-08,37888.0,37676.0
2019-12-09,43894.0,43955.0
2019-12-10,43957.0,44740.0
2019-12-11,44263.0,45957.0
2019-12-12,46350.0,47796.0
2019-12-13,47201.0,46881.0
2019-12-14,41448.0,40585.0
2019-12-15,39428.0,38356.0
2019-12-16,45477.0,43088.0
2019-12-17,44958.0,41926.0
2019-12-18,42271.0,41233.0
2019-12-19,41533.0,40700.0
2019-12-20,40249.0,38363.0
2019-12-21,36243.0,35334.0
2019-12-22,35959.0,34184.0
2019-12-23,38445.0,35706.0
2019-12-24,35354.0,34118.0
2019-12-25,32177.0,29728.0
2019-12-26,32111.0,30590.0
2019-12-27,34830.0,33950.0
2019-12-28,31702.0,33655.0
2019-12-29,32973.0,33308.0
2019-12-30,34074.0,35276.0
2019-12-31,33578.0,34354.0
2020-01-01,30117.0,30685.0
2020-01-02,31326.0,32908.0
2020-01-03,38937.0,36263.0
2020-01-04,36633.0,36112.0
2020-01-05,35790.0,35365.0
2020-01-06,42253.0,43636.0
2020-01-07,44283.0,45552.0
2020-01-08,45631.0,45871.0
2020-01-09,45788.0,45227.0
2020-01-10,44881.0,44764.0
2020-01-11,40522.0,39444.0
2020-01-12,38771.0,37521.0
2020-01-13,44804.0,44822.0
2020-01-14,45150.0,45699.0
2020-01-15,46030.0,46034.0
2020-01-16,46197.0,45792.0
2020-01-17,45424.0,45565.0
2020-01-18,41269.0,41895.0
2020-01-19,38871.0,38174.0
2020-01-20,45169.0,44909.0
2020-01-21,45588.0,45707.0
2020-01-22,45564.0,46039.0
2020-01-23,45750.0,46445.0
2020-01-24,45520.0,46222.0
2020-01-25,41018.0,40669.0
2020-01-26,38793.0,38412.0
2020-01-27,45105.0,44431.0
2020-01-28,45218.0,44256.0
2020-01-29,45106.0,43851.0
2020-01-30,44480.0,44404.0
2020-01-31,43965.0,43000.0
2020-02-01,39675.0,38166.0
2020-02-02,36850.0,35588.0
2020-02-03,42472.0,41635.0
2020-02-04,43137.0,42909.0
2020-02-05,43423.0,43949.0
2020-02-06,44147.0,44004.0
2020-02-07,43205.0,44116.0
2020-02-08,37173.0,37522.0
2020-02-09,36795.0,35784.0
2020-02-10,42828.0,42249.0
2020-02-11,43541.0,42582.0
2020-02-12,43424.0,42912.0
2020-02-13,43069.0,43248.0
2020-02-14,43139.0,41679.0
2020-02-15,38487.0,37539.0
2020-02-16,35863.0,34874.0
2020-02-17,41631.0,40736.0
2020-02-18,42275.0,41774.0
2020-02-19,42615.0,41944.0
2020-02-20,42417.0,42589.0
2020-02-21,41827.0,41891.0
2020-02-22,37864.0,37003.0
2020-02-23,35343.0,35648.0
2020-02-24,40952.0,41148.0
2020-02-25,42263.0,42580.0
2020-02-26,43262.0,43982.0
2020-02-27,43354.0,42895.0
2020-02-28,42577.0,42012.0
2020-02-29,37866.0,38073.0
2020-03-01,34676.0,35678.0
2020-03-02,41827.0,39951.0
2020-03-03,42010.0,41009.0
2020-03-04,42397.0,42828.0
2020-03-05,42521.0,42578.0
2020-03-06,43219.0,43849.0
2020-03-07,38339.0,37871.0
2020-03-08,35408.0,35104.0
2020-03-09,41793.0,41524.0
2020-03-10,42066.0,42360.0
2020-03-11,41902.0,41606.0
2020-03-12,42119.0,41302.0
2020-03-13,41470.0,42382.0
2020-03-14,37706.0,36797.0
2020-03-15,35259.0,34424.0
2020-03-16,40862.0,39295.0
2020-03-17,39636.0,39145.0
2020-03-18,39018.0,38208.0
2020-03-19,38454.0,37670.0
2020-03-20,36096.0,36781.0
2020-03-21,33847.0,32956.0
2020-03-22,32101.0,33087.0
2020-03-23,38084.0,38423.0
2020-03-24,39282.0,40479.0
2020-03-25,40537.0,41700.0
2020-03-26,42080.0,42219.0
2020-03-27,41054.0,38665.0
2020-03-28,33995.0,33265.0
2020-03-29,27402.0,29899.0
2020-03-30,37813.0,36812.0
2020-03-31,38773.0,37247.0
2020-04-01,37661.0,37766.0
2020-04-02,37663.0,37448.0
2020-04-03,36756.0,36372.0
2020-04-04,32714.0,32052.0
2020-04-05,30299.0,30322.0
2020-04-06,36199.0,34318.0
2020-04-07,35329.0,34759.0
2020-04-08,34999.0,35203.0
2020-04-09,35175.0,35249.0
2020-04-10,34912.0,34392.0
2020-04-11,29751.0,29837.0
2020-04-12,26176.0,26359.0
2020-04-13,27076.0,27090.0
2020-04-14,35192.0,34703.0
2020-04-15,35272.0,35175.0
2020-04-16,35366.0,35441.0
2020-04-17,31972.0,34253.0
2020-04-18,27897.0,29909.0
2020-04-19,26276.0,28306.0
2020-04-20,34002.0,33539.0
2020-04-21,34741.0,34252.0
2020-04-22,31793.0,34558.0
2020-04-23,31460.0,34386.0
2020-04-24,30810.0,33249.0
2020-04-25,30168.0,27815.0
2020-04-26,27916.0,25790.0
2020-04-27,27705.0,26450.0
2020-04-28,31016.0,30682.0
2020-04-29,31638.0,31428.0
2020-04-30,30511.0,29420.0
2020-05-01,25099.0,24453.0
2020-05-02,24342.0,24148.0
2020-05-03,25402.0,24864.0
2020-05-04,32209.0,31661.0
2020-05-05,32339.0,34761.0
2020-05-06,33324.0,34082.0
2020-05-07,34046.0,33799.0
2020-05-08,32879.0,33091.0
2020-05-09,28915.0,28510.0
2020-05-10,27432.0,27680.0
2020-05-11,34464.0,34290.0
2020-05-12,35211.0,36223.0
2020-05-13,35986.0,35131.0
2020-05-14,35538.0,34835.0
2020-05-15,34581.0,35218.0
2020-05-16,30524.0,29938.0
2020-05-17,28456.0,27996.0
2020-05-18,34129.0,33478.0
2020-05-19,35636.0,36844.0
2020-05-20,35570.0,35875.0
2020-05-21,35240.0,34652.0
2020-05-22,34321.0,34588.0
2020-05-23,30449.0,30918.0
2020-05-24,28745.0,29485.0
2020-05-25,34589.0,33178.0
2020-05-26,35145.0,34882.0
2020-05-27,34007.0,34082.0
2020-05-28,33697.0,34653.0
2020-05-29,33713.0,33825.0
2020-05-30,29298.0,29038.0
2020-05-31,27244.0,27679.0
2020-06-01,32962.0,34031.0
2020-06-02,35530.0,35054.0
2020-06-03,34934.0,35193.0
2020-06-04,35347.0,35579.0
2020-06-05,35404.0,34761.0
2020-06-06,31639.0,29366.0
2020-06-07,28388.0,27325.0
2020-06-08,34859.0,35843.0
2020-06-09,37088.0,36791.0
2020-06-10,37417.0,36431.0
2020-06-11,36708.0,36242.0
2020-06-12,35274.0,34850.0
2020-06-13,30884.0,29978.0
2020-06-14,28027.0,28510.0
2020-06-15,34488.0,35776.0
2020-06-16,35787.0,36381.0
2020-06-17,36824.0,37170.0
2020-06-18,37391.0,37025.0
2020-06-19,35582.0,35829.0
2020-06-20,29901.0,30257.0
2020-06-21,25456.0,28051.0
2020-06-22,35183.0,34788.0
2020-06-23,36037.0,34836.0
2020-06-24,34137.0,33954.0
2020-06-25,28022.0,28764.0
2020-06-26,31236.0,29587.0
2020-06-27,27575.0,28070.0
2020-06-28,27047.0,27617.0
2020-06-29,33770.0,34650.0
2020-06-30,36452.0,35465.0
2020-07-01,35325.0,36739.0
2020-07-02,35781.0,36762.0
2020-07-03,35976.0,35586.0
2020-07-04,31666.0,29089.0
2020-07-05,28610.0,27151.0
2020-07-06,35391.0,36519.0
2020-07-07,35985.0,35770.0
2020-07-08,35829.0,35774.0
2020-07-09,35943.0,36961.0
2020-07-10,35475.0,37358.0
2020-07-11,31235.0,32071.0
2020-07-12,29412.0,28458.0
2020-07-13,34751.0,34671.0
2020-07-14,35844.0,35876.0
2020-07-15,35923.0,36188.0
2020-07-16,35998.0,36232.0
2020-07-17,35293.0,35497.0
2020-07-18,31095.0,30668.0
2020-07-19,28729.0,28038.0
2020-07-20,34255.0,34859.0
2020-07-21,35543.0,36798.0
2020-07-22,36379.0,37610.0
2020-07-23,36779.0,36409.0
2020-07-24,36113.0,35696.0
2020-07-25,30679.0,29767.0
2020-07-26,28312.0,27863.0
2020-07-27,34019.0,34201.0
2020-07-28,35595.0,35590.0
2020-07-29,34995.0,35853.0
2020-07-30,35207.0,35440.0
2020-07-31,34588.0,34817.0
2020-08-01,29575.0,29435.0
2020-08-02,26969.0,27747.0
2020-08-03,32674.0,31553.0
2020-08-04,33232.0,31226.0
2020-08-05,32543.0,31438.0
2020-08-06,31861.0,31691.0
2020-08-07,30807.0,31173.0
2020-08-08,26675.0,27994.0
2020-08-09,25696.0,27145.0
2020-08-10,32392.0,33298.0
2020-08-11,33734.0,35366.0
2020-08-12,35294.0,35459.0
2020-08-13,35280.0,36375.0
2020-08-14,35098.0,35501.0
2020-08-15,29620.0,28620.0
2020-08-16,28462.0,29429.0
2020-08-17,34805.0,35773.0
2020-08-18,36234.0,36535.0
2020-08-19,37019.0,36355.0
2020-08-20,36665.0,36796.0
2020-08-21,35850.0,37516.0
2020-08-22,31969.0,33281.0
2020-08-23,30731.0,30814.0
2020-08-24,36286.0,36085.0
2020-08-25,37735.0,36336.0
2020-08-26,36895.0,37797.0
2020-08-27,37413.0,37707.0
2020-08-28,37027.0,37606.0
2020-08-29,32505.0,32585.0
2020-08-30,31054.0,30228.0
2020-08-31,36803.0,36661.0
2020-09-01,37163.0,36740.0
2020-09-02,37214.0,37438.0
2020-09-03,37279.0,38332.0
2020-09-04,37644.0,37728.0
2020-09-05,32764.0,32582.0
2020-09-06,30123.0,30712.0
2020-09-07,36753.0,37400.0
2020-09-08,37429.0,37790.0
2020-09-09,37524.0,38492.0
2020-09-10,38162.0,38956.0
2020-09-11,37824.0,38120.0
2020-09-12,33369.0,33296.0
2020-09-13,30863.0,30934.0
2020-09-14,36750.0,37714.0
2020-09-15,37763.0,38630.0
2020-09-16,38767.0,39201.0
2020-09-17,39042.0,39389.0
2020-09-18,38075.0,37944.0
2020-09-19,33144.0,32470.0
2020-09-20,30681.0,30178.0
2020-09-21,37261.0,36120.0
2020-09-22,38156.0,38509.0
2020-09-23,38825.0,38876.0
2020-09-24,39095.0,38859.0
2020-09-25,38090.0,38879.0
2020-09-26,33775.0,33277.0
2020-09-27,31647.0,31149.0
2020-09-28,36697.0,38744.0
2020-09-29,38838.0,38774.0
2020-09-30,38700.0,38261.0
2020-10-01,38114.0,38756.0
2020-10-02,37836.0,39186.0
2020-10-03,33359.0,34384.0
2020-10-04,31255.0,31717.0
2020-10-05,36744.0,37996.0
2020-10-06,38553.0,38573.0
2020-10-07,39137.0,39860.0
2020-10-08,38809.0,39220.0
2020-10-09,38368.0,39151.0
2020-10-10,34187.0,34346.0
2020-10-11,32745.0,33822.0
2020-10-12,38496.0,39859.0
2020-10-13,39686.0,40582.0
2020-10-14,41024.0,40551.0
2020-10-15,41151.0,42294.0
2020-10-16,40038.0,40446.0
2020-10-17,34733.0,35702.0
2020-10-18,33135.0,32981.0
2020-10-19,38308.0,39313.0
2020-10-20,40691.0,40674.0
2020-10-21,40673.0,40281.0
2020-10-22,40650.0,39784.0
2020-10-23,39290.0,39415.0
2020-10-24,34779.0,35049.0
2020-10-25,34772.0,33026.0
2020-10-26,38307.0,37235.0
2020-10-27,39522.0,39347.0
2020-10-28,38651.0,39076.0
2020-10-29,37408.0,39322.0
2020-10-30,38039.0,38263.0
2020-10-31,31162.0,31561.0
2020-11-01,28355.0,30477.0
2020-11-02,37409.0,37196.0
2020-11-03,38853.0,38446.0
2020-11-04,39424.0,40376.0
2020-11-05,40043.0,39280.0
2020-11-06,38432.0,39016.0
2020-11-07,34634.0,35703.0
2020-11-08,32909.0,33428.0
2020-11-09,38734.0,40414.0
2020-11-10,40554.0,41521.0
2020-11-11,41785.0,42018.0
2020-11-12,41602.0,41645.0
2020-11-13,40962.0,40551.0
2020-11-14,35684.0,35865.0
2020-11-15,33496.0,33885.0
2020-11-16,39678.0,40066.0
2020-11-17,41144.0,40170.0
2020-11-18,40189.0,40944.0
2020-11-19,40437.0,41778.0
2020-11-20,41299.0,41528.0
2020-11-21,36613.0,37581.0
2020-11-22,34433.0,35788.0
2020-11-23,41320.0,41882.0
2020-11-24,42109.0,42629.0
2020-11-25,42581.0,44578.0
2020-11-26,44370.0,44675.0
2020-11-27,44281.0,43945.0
2020-11-28,39038.0,39379.0
2020-11-29,37006.0,36358.0
2020-11-30,41843.0,42875.0
2020-12-01,43947.0,45291.0
2020-12-02,45562.0,46654.0
2020-12-03,46270.0,46227.0
2020-12-04,45673.0,44779.0
2020-12-05,40573.0,40437.0
2020-12-06,37133.0,37001.0
2020-12-07,43241.0,42259.0
2020-12-08,43135.0,44140.0
2020-12-09,44460.0,44481.0
2020-12-10,44446.0,44006.0
2020-12-11,43670.0,43590.0
2020-12-12,38788.0,38995.0
2020-12-13,36570.0,36401.0
2020-12-14,42271.0,42954.0
2020-12-15,44012.0,44325.0
2020-12-16,43940.0,43302.0
2020-12-17,42964.0,42695.0
2020-12-18,42358.0,41959.0
2020-12-19,37449.0,37424.0
2020-12-20,34788.0,35120.0
2020-12-21,40173.0,39590.0
2020-12-22,40649.0,39683.0
2020-12-23,39135.0,37702.0
2020-12-24,35802.0,33324.0
2020-12-25,30317.0,29193.0
2020-12-26,30429.0,30546.0
2020-12-27,29707.0,32526.0
2020-12-28,36875.0,35747.0
2020-12-29,36364.0,34790.0
2020-12-30,39159.0,33361.0
2020-12-31,33025.0,32272.0
2021-01-01,29776.0,28985.0
2021-01-02,29575.0,30649.0
2021-01-03,32670.0,31632.0
2021-01-04,39969.0,39751.0
2021-01-05,41706.0,42177.0
2021-01-06,41707.0,43901.0
2021-01-07,39530.0,44214.0
2021-01-08,38441.0,43926.0
2021-01-09,36122.0,40214.0
2021-01-10,34084.0,38524.0
2021-01-11,39291.0,44680.0
2021-01-12,41265.0,45993.0
2021-01-13,45947.0,46025.0
2021-01-14,45408.0,45860.0
2021-01-15,44906.0,45478.0
2021-01-16,40842.0,41537.0
2021-01-17,39071.0,39787.0
2021-01-18,45148.0,44930.0
2021-01-19,45278.0,45891.0
2021-01-20,45372.0,44586.0
2021-01-21,44767.0,43473.0
2021-01-22,42074.0,42236.0
2021-01-23,38448.0,37912.0
2021-01-24,36605.0,36644.0
2021-01-25,43861.0,43270.0
2021-01-26,44428.0,44739.0
2021-01-27,44262.0,45538.0
2021-01-28,43761.0,45464.0
2021-01-29,43827.0,44457.0
2021-01-30,39468.0,38282.0
2021-01-31,36651.0,37030.0
2021-02-01,43371.0,42405.0
2021-02-02,44191.0,43857.0
2021-02-03,44275.0,43545.0
2021-02-04,43372.0,41680.0
2021-02-05,40793.0,41108.0
2021-02-06,35901.0,36345.0
2021-02-07,34505.0,32974.0
2021-02-08,34344.0,35043.0
2021-02-09,40475.0,41788.0
2021-02-10,43398.0,43494.0
2021-02-11,42983.0,45289.0
2021-02-12,44530.0,46153.0
2021-02-13,40407.0,41239.0
2021-02-14,38419.0,37909.0
2021-02-15,44118.0,44555.0
2021-02-16,44158.0,44305.0
2021-02-17,44444.0,44555.0
2021-02-18,44258.0,43832.0
2021-02-19,43204.0,42453.0
2021-02-20,37722.0,37197.0
2021-02-21,35297.0,34671.0
2021-02-22,40774.0,39945.0
2021-02-23,41662.0,41387.0
2021-02-24,41371.0,41409.0
2021-02-25,40832.0,40653.0
2021-02-26,40091.0,39569.0
2021-02-27,34982.0,35327.0
2021-02-28,33296.0,33435.0
2021-03-01,39493.0,40095.0
2021-03-02,41231.0,40989.0
2021-03-03,41190.0,40795.0
2021-03-04,41059.0,40997.0
2021-03-05,40756.0,40559.0
2021-03-06,37303.0,37447.0
2021-03-07,34748.0,34734.0
2021-03-08,40338.0,40620.0
2021-03-09,40940.0,41528.0
2021-03-10,41358.0,42202.0
2021-03-11,42584.0,42613.0
2021-03-12,41836.0,41816.0
2021-03-13,37821.0,36548.0
2021-03-14,34718.0,35753.0
2021-03-15,40316.0,40488.0
2021-03-16,41151.0,42190.0
2021-03-17,41878.0,42461.0
2021-03-18,42350.0,42933.0
2021-03-19,42116.0,42600.0
2021-03-20,37516.0,38912.0
2021-03-21,36017.0,35968.0
2021-03-22,41678.0,41848.0
2021-03-23,43337.0,42590.0
2021-03-24,43020.0,41718.0
2021-03-25,41886.0,40116.0
2021-03-26,40552.0,39535.0
2021-03-27,35936.0,35305.0
2021-03-28,31874.0,32755.0
2021-03-29,39528.0,38239.0
2021-03-30,39414.0,39168.0
2021-03-31,40127.0,38948.0
2021-04-01,38821.0,38154.0
2021-04-02,38016.0,38577.0
2021-04-03,33724.0,33229.0
2021-04-04,29381.0,28941.0
2021-04-05,30321.0,30493.0
2021-04-06,40464.0,41614.0
2021-04-07,41715.0,42980.0
2021-04-08,42031.0,41612.0
2021-04-09,41088.0,40097.0
2021-04-10,36235.0,35714.0
2021-04-11,32703.0,33840.0
2021-04-12,38969.0,39354.0
2021-04-13,40852.0,42117.0
2021-04-14,42198.0,42144.0
2021-04-15,41807.0,41975.0
2021-04-16,41552.0,40238.0
2021-04-17,35958.0,36585.0
2021-04-18,32865.0,33213.0
2021-04-19,39450.0,38444.0
2021-04-20,40537.0,39231.0
2021-04-21,40239.0,39446.0
2021-04-22,39343.0,39611.0
2021-04-23,38711.0,38501.0
2021-04-24,35040.0,33621.0
2021-04-25,31740.0,30731.0
2021-04-26,35829.0,34563.0
2021-04-27,32563.0,34816.0
2021-04-28,35862.0,38278.0
2021-04-29,38048.0,37574.0
2021-04-30,37537.0,35641.0
2021-05-01,28603.0,27866.0
2021-05-02,26787.0,28772.0
2021-05-03,37722.0,36362.0
2021-05-04,38374.0,37696.0
2021-05-05,37913.0,39148.0
2021-05-06,38650.0,40543.0
2021-05-07,40282.0,40574.0
2021-05-08,35034.0,33646.0
2021-05-09,33167.0,30055.0
2021-05-10,36819.0,36449.0
2021-05-11,37544.0,37237.0
2021-05-12,38640.0,38423.0
2021-05-13,38582.0,38379.0
2021-05-14,37906.0,38000.0
2021-05-15,33245.0,33017.0
2021-05-16,31041.0,30361.0
2021-05-17,37253.0,37623.0
2021-05-18,38798.0,37646.0
2021-05-19,38378.0,39743.0
2021-05-20,38506.0,38360.0
2021-05-21,37866.0,37659.0
2021-05-22,31955.0,33557.0
2021-05-23,30180.0,31308.0
2021-05-24,35913.0,38580.0
2021-05-25,38944.0,39373.0
2021-05-26,38580.0,38353.0
2021-05-27,38368.0,38202.0
2021-05-28,36706.0,37077.0
2021-05-29,33498.0,33219.0
2021-05-30,30630.0,30036.0
2021-05-31,37027.0,36043.0
2021-06-01,37965.0,37031.0
2021-06-02,37215.0,37361.0
2021-06-03,37312.0,38021.0
2021-06-04,36401.0,36572.0
2021-06-05,32879.0,32361.0
2021-06-06,30249.0,30693.0
2021-06-07,35733.0,36173.0
2021-06-08,37371.0,36740.0
2021-06-09,37268.0,37579.0
2021-06-10,37574.0,38371.0
2021-06-11,37023.0,37647.0
2021-06-12,32944.0,32754.0
2021-06-13,30795.0,30419.0
2021-06-14,36983.0,36056.0
2021-06-15,36643.0,37061.0
2021-06-16,37668.0,38146.0
2021-06-17,38780.0,39043.0
2021-06-18,37708.0,38736.0
2021-06-19,33578.0,33893.0
2021-06-20,31361.0,32162.0
2021-06-21,37683.0,40083.0
2021-06-22,39853.0,40723.0
2021-06-23,41112.0,41185.0
2021-06-24,40696.0,40271.0
2021-06-25,33251.0,32645.0
2021-06-26,31447.0,30925.0
2021-06-27,28425.0,29679.0
2021-06-28,38404.0,39060.0
2021-06-29,39668.0,41047.0
2021-06-30,40746.0,40217.0
2021-07-01,39738.0,38551.0
2021-07-02,38432.0,37574.0
2021-07-03,33198.0,32803.0
2021-07-04,30964.0,30167.0
2021-07-05,37097.0,36672.0
2021-07-06,39385.0,38736.0
2021-07-07,39777.0,40449.0
2021-07-08,39778.0,40540.0
2021-07-09,39098.0,39495.0
2021-07-10,33365.0,33590.0
2021-07-11,30841.0,30606.0
2021-07-12,37248.0,37428.0
2021-07-13,36977.0,39124.0
2021-07-14,38622.0,38481.0
2021-07-15,39193.0,37831.0
2021-07-16,37297.0,37184.0
2021-07-17,33106.0,32573.0
2021-07-18,30568.0,30184.0
2021-07-19,36745.0,36112.0
2021-07-20,38267.0,37241.0
2021-07-21,38028.0,37497.0
2021-07-22,37126.0,37554.0
2021-07-23,36662.0,36608.0
2021-07-24,32492.0,32058.0
2021-07-25,29605.0,30119.0
2021-07-26,35627.0,35560.0
2021-07-27,36557.0,36680.0
2021-07-28,36470.0,36116.0
2021-07-29,36435.0,35992.0
2021-07-30,35542.0,35432.0
2021-07-31,31023.0,30541.0
2021-08-01,28450.0,28566.0
2021-08-02,33644.0,31173.0
2021-08-03,31729.0,32223.0
2021-08-04,31468.0,32339.0
2021-08-05,32959.0,32055.0
2021-08-06,32156.0,31248.0
2021-08-07,28871.0,28725.0
2021-08-08,27301.0,27454.0
2021-08-09,32610.0,32837.0
2021-08-10,34382.0,34660.0
2021-08-11,34718.0,35718.0
2021-08-12,35744.0,35612.0
2021-08-13,35622.0,36222.0
2021-08-14,31736.0,33144.0
2021-08-15,30235.0,30918.0
2021-08-16,35626.0,37797.0
2021-08-17,37191.0,37017.0
2021-08-18,38050.0,36707.0
2021-08-19,36848.0,36294.0
2021-08-20,35846.0,36485.0
2021-08-21,32074.0,31981.0
2021-08-22,29958.0,29583.0
2021-08-23,35422.0,36702.0
2021-08-24,38021.0,37336.0
2021-08-25,37571.0,37364.0
2021-08-26,37172.0,37442.0
2021-08-27,36691.0,37274.0
2021-08-28,31851.0,31950.0
2021-08-29,30060.0,28946.0
2021-08-30,35569.0,35766.0
2021-08-31,36421.0,36601.0
2021-09-01,36940.0,36405.0
2021-09-02,36750.0,36795.0
2021-09-03,36795.0,37020.0
2021-09-04,32339.0,32277.0
2021-09-05,30167.0,29755.0
2021-09-06,35953.0,36685.0
2021-09-07,37147.0,37992.0
2021-09-08,37969.0,38118.0
2021-09-09,38012.0,38378.0
2021-09-10,37496.0,37442.0
2021-09-11,32313.0,32212.0
2021-09-12,29490.0,29097.0
2021-09-13,36228.0,36058.0
2021-09-14,37613.0,38113.0
2021-09-15,38143.0,38508.0
2021-09-16,38515.0,39469.0
2021-09-17,38165.0,38580.0
2021-09-18,33485.0,32484.0
2021-09-19,30041.0,30135.0
2021-09-20,35872.0,36994.0
2021-09-21,38415.0,38021.0
2021-09-22,38272.0,38490.0
2021-09-23,38486.0,37902.0
2021-09-24,37469.0,37537.0
2021-09-25,32857.0,32820.0
2021-09-26,30109.0,30178.0
2021-09-27,37074.0,37759.0
2021-09-28,39022.0,38396.0
2021-09-29,38536.0,38516.0
2021-09-30,38379.0,38956.0
2021-10-01,38293.0,38467.0
2021-10-02,32958.0,33065.0
2021-10-03,30386.0,31129.0
2021-10-04,36701.0,37378.0
2021-10-05,37838.0,39170.0
2021-10-06,39106.0,40242.0
2021-10-07,39822.0,40439.0
2021-10-08,39048.0,39813.0
2021-10-09,34283.0,33664.0
2021-10-10,30765.0,33296.0
2021-10-11,38437.0,39836.0
2021-10-12,40279.0,40864.0
2021-10-13,40512.0,40520.0
2021-10-14,41186.0,41176.0
2021-10-15,39422.0,40204.0
2021-10-16,34920.0,35507.0
2021-10-17,31377.0,32754.0
2021-10-18,39029.0,39836.0
2021-10-19,40429.0,40410.0
2021-10-20,40689.0,40481.0
2021-10-21,40710.0,41231.0
2021-10-22,39995.0,40013.0
2021-10-23,35543.0,35715.0
2021-10-24,33615.0,33084.0
2021-10-25,39334.0,39776.0
2021-10-26,40732.0,41748.0
2021-10-27,40427.0,40821.0
2021-10-28,41288.0,41103.0
2021-10-29,39673.0,40946.0
2021-10-30,34474.0,35317.0
2021-10-31,34516.0,33213.0
2021-11-01,31576.0,32011.0
2021-11-02,38519.0,39128.0
2021-11-03,39902.0,40989.0
2021-11-04,40185.0,39902.0
2021-11-05,40239.0,41344.0
2021-11-06,36085.0,36298.0
2021-11-07,35239.0,33749.0
2021-11-08,40311.0,41076.0
2021-11-09,42373.0,41916.0
2021-11-10,41546.0,42289.0
2021-11-11,41957.0,42685.0
2021-11-12,41915.0,42787.0
2021-11-13,38005.0,37584.0
2021-11-14,35248.0,34986.0
2021-11-15,41430.0,41176.0
2021-11-16,41999.0,42759.0
2021-11-17,42339.0,42767.0
2021-11-18,42595.0,42507.0
2021-11-19,41268.0,41782.0
2021-11-20,36528.0,36980.0
2021-11-21,34029.0,35399.0
2021-11-22,41878.0,42258.0
2021-11-23,42529.0,42874.0
2021-11-24,42347.0,44621.0
2021-11-25,44240.0,45482.0
2021-11-26,44615.0,44364.0
2021-11-27,39356.0,39691.0
2021-11-28,37498.0,36975.0
2021-11-29,42638.0,44643.0
2021-11-30,44287.0,45689.0
2021-12-01,45480.0,44305.0
2021-12-02,44942.0,45102.0
2021-12-03,43579.0,44379.0
2021-12-04,39198.0,40381.0
2021-12-05,38541.0,38559.0
2021-12-06,44659.0,44663.0
2021-12-07,45986.0,46973.0
2021-12-08,47530.0,47873.0
2021-12-09,47926.0,48129.0
2021-12-10,46618.0,47848.0
2021-12-11,42129.0,42923.0
2021-12-12,39682.0,40095.0
2021-12-13,46146.0,46364.0
2021-12-14,46740.0,47172.0
2021-12-15,46338.0,46703.0
2021-12-16,46020.0,45843.0
2021-12-17,43966.0,44916.0
2021-12-18,39910.0,40243.0
2021-12-19,37694.0,37645.0
2021-12-20,43292.0,44074.0
2021-12-21,44283.0,46207.0
2021-12-22,45388.0,45873.0
2021-12-23,43706.0,43870.0
2021-12-24,38238.0,38006.0
2021-12-25,32880.0,32566.0
2021-12-26,33343.0,33612.0
2021-12-27,37636.0,37351.0
2021-12-28,37589.0,37362.0
2021-12-29,37372.0,35724.0
2021-12-30,34843.0,34778.0
2021-12-31,33142.0,32977.0
2022-01-01,27726.0,28827.0
2022-01-02,29149.0,30807.0
2022-01-03,39145.0,38874.0
2022-01-04,41423.0,41193.0
2022-01-05,41687.0,41788.0
2022-01-06,42295.0,43285.0
2022-01-07,42618.0,44310.0
2022-01-08,39759.0,41646.0
2022-01-09,38623.0,39470.0
2022-01-10,43119.0,44604.0
2022-01-11,44444.0,45571.0
2022-01-12,45539.0,46986.0
2022-01-13,46168.0,47680.0
2022-01-14,45928.0,45578.0
2022-01-15,41058.0,40301.0
2022-01-16,38823.0,38143.0
2022-01-17,44155.0,44618.0
2022-01-18,45670.0,45093.0
2022-01-19,45213.0,46216.0
2022-01-20,45705.0,46397.0
2022-01-21,45730.0,45488.0
2022-01-22,41104.0,40994.0
2022-01-23,38834.0,38260.0
2022-01-24,44054.0,45830.0
2022-01-25,45907.0,45151.0
2022-01-26,45553.0,46404.0
2022-01-27,45915.0,46294.0
2022-01-28,45581.0,43821.0
2022-01-29,39196.0,39826.0
2022-01-30,37810.0,35802.0
2022-01-31,43882.0,45252.0
2022-02-01,44610.0,45498.0
2022-02-02,44987.0,44101.0
2022-02-03,44818.0,44062.0
2022-02-04,44062.0,42629.0
2022-02-05,39146.0,38832.0
2022-02-06,36766.0,36056.0
2022-02-07,39993.0,38375.0
2022-02-08,35337.0,36398.0
2022-02-09,42879.0,42155.0
2022-02-10,42290.0,43455.0
2022-02-11,42596.0,42687.0
2022-02-12,38885.0,38303.0
2022-02-13,36533.0,35458.0
2022-02-14,41972.0,42942.0
2022-02-15,43780.0,43982.0
2022-02-16,43710.0,43001.0
2022-02-17,42956.0,43143.0
2022-02-18,42266.0,41999.0
2022-02-19,38192.0,38251.0
2022-02-20,36104.0,34886.0
2022-02-21,41327.0,42317.0
2022-02-22,42750.0,42874.0
2022-02-23,42849.0,42663.0
2022-02-24,43203.0,42364.0
2022-02-25,42565.0,43600.0
2022-02-26,37231.0,38282.0
2022-02-27,36313.0,35898.0
2022-02-28,41898.0,42811.0
2022-03-01,43403.0,43552.0
2022-03-02,43921.0,44025.0
2022-03-03,43729.0,43340.0
2022-03-04,42772.0,42532.0
2022-03-05,38631.0,40009.0
2022-03-06,36539.0,37350.0
2022-03-07,42748.0,43176.0
2022-03-08,43519.0,43646.0
2022-03-09,43887.0,43403.0
2022-03-10,43423.0,43083.0
2022-03-11,42999.0,43664.0
2022-03-12,39501.0,39272.0
2022-03-13,37104.0,36202.0
2022-03-14,42292.0,41806.0
2022-03-15,42331.0,43353.0
2022-03-16,43597.0,42823.0
2022-03-17,43000.0,42491.0
2022-03-18,42126.0,42177.0
2022-03-19,38413.0,37271.0
2022-03-20,34773.0,34667.0
2022-03-21,40306.0,40336.0
2022-03-22,41330.0,41524.0
2022-03-23,42054.0,41093.0
2022-03-24,41193.0,40441.0
2022-03-25,40161.0,39366.0
2022-03-26,37906.0,34865.0
2022-03-27,30886.0,30513.0
2022-03-28,38550.0,38373.0
2022-03-29,38731.0,38931.0
2022-03-30,40221.0,40910.0
2022-03-31,41571.0,41885.0
2022-04-01,41171.0,40899.0
2022-04-02,37270.0,38948.0
2022-04-03,34565.0,34608.0
2022-04-04,40192.0,40538.0
2022-04-05,41568.0,39849.0
2022-04-06,40845.0,39550.0
2022-04-07,40395.0,39264.0
2022-04-08,38751.0,40000.0
2022-04-09,35860.0,36797.0
2022-04-10,33870.0,33274.0
2022-04-11,39397.0,39275.0
2022-04-12,39771.0,39504.0
2022-04-13,39680.0,38787.0
2022-04-14,39327.0,38372.0
2022-04-15,38077.0,39171.0
2022-04-16,34104.0,32556.0
2022-04-17,29116.0,28039.0
2022-04-18,29391.0,29261.0
2022-04-19,39160.0,38696.0
2022-04-20,38815.0,39343.0
2022-04-21,39737.0,40414.0
2022-04-22,40181.0,41227.0
2022-04-23,35712.0,34769.0
2022-04-24,32246.0,30871.0
2022-04-25,37024.0,35999.0
2022-04-26,37597.0,37607.0
2022-04-27,32274.0,32954.0
2022-04-28,36811.0,33711.0
2022-04-29,34100.0,32563.0
2022-04-30,30776.0,28452.0
2022-05-01,27765.0,27237.0
2022-05-02,29006.0,27237.0
2022-05-03,37090.0,35162.0
2022-05-04,36837.0,37102.0
2022-05-05,36889.0,37537.0
2022-05-06,37387.0,38335.0
2022-05-07,33544.0,34200.0
2022-05-08,31626.0,30415.0
2022-05-09,36310.0,36426.0
2022-05-10,37193.0,37525.0
2022-05-11,37319.0,37589.0
2022-05-12,37511.0,38053.0
2022-05-13,37477.0,37114.0
2022-05-14,33285.0,32018.0
2022-05-15,31071.0,29652.0
2022-05-16,35955.0,36603.0
2022-05-17,38009.0,37678.0
2022-05-18,38144.0,37426.0
2022-05-19,37891.0,37693.0
2022-05-20,37301.0,37390.0
2022-05-21,32793.0,33411.0
2022-05-22,30172.0,29775.0
2022-05-23,35987.0,37035.0
2022-05-24,37705.0,37946.0
2022-05-25,37976.0,38737.0
2022-05-26,38088.0,38761.0
2022-05-27,37889.0,37443.0
2022-05-28,33102.0,33181.0
2022-05-29,30447.0,30385.0
2022-05-30,36493.0,36231.0
2022-05-31,37516.0,36693.0
2022-06-01,36736.0,37235.0
2022-06-02,37188.0,37705.0
2022-06-03,36942.0,37229.0
2022-06-04,32860.0,32581.0
2022-06-05,30361.0,31083.0
2022-06-06,37086.0,37162.0
2022-06-07,36883.0,37194.0
2022-06-08,37985.0,37979.0
2022-06-09,38006.0,38509.0
2022-06-10,37298.0,36834.0
2022-06-11,32867.0,31250.0
2022-06-12,29294.0,28865.0
2022-06-13,36378.0,36724.0
2022-06-14,37576.0,36857.0
2022-06-15,37680.0,37906.0
2022-06-16,38274.0,38250.0
2022-06-17,38015.0,37239.0
2022-06-18,33187.0,31907.0
2022-06-19,30540.0,29502.0
2022-06-20,36986.0,37039.0
2022-06-21,37547.0,38731.0
2022-06-22,38052.0,38994.0
2022-06-23,38499.0,38957.0
2022-06-24,37918.0,37492.0
2022-06-25,29747.0,30228.0
2022-06-26,29357.0,29205.0
2022-06-27,36728.0,38254.0
2022-06-28,38374.0,39325.0
2022-06-29,39159.0,39600.0
2022-06-30,40135.0,39671.0
2022-07-01,38737.0,39492.0
2022-07-02,33360.0,33339.0
2022-07-03,31301.0,29867.0
2022-07-04,36819.0,37648.0
2022-07-05,38311.0,38056.0
2022-07-06,39742.0,37165.0
2022-07-07,37432.0,36858.0
2022-07-08,36864.0,35193.0
2022-07-09,32378.0,30255.0
2022-07-10,28645.0,28598.0
2022-07-11,35934.0,33630.0
2022-07-12,35528.0,35193.0
2022-07-13,36287.0,35751.0
2022-07-14,36301.0,36568.0
2022-07-15,35743.0,35880.0
2022-07-16,30958.0,30713.0
2022-07-17,28612.0,27981.0
2022-07-18,34707.0,34441.0
2022-07-19,36244.0,36351.0
2022-07-20,36330.0,36980.0
2022-07-21,36918.0,37199.0
2022-07-22,36433.0,36346.0
2022-07-23,30877.0,30938.0
2022-07-24,28178.0,28000.0
2022-07-25,34305.0,34354.0
2022-07-26,35025.0,34620.0
2022-07-27,35920.0,33412.0
2022-07-28,34010.0,32266.0
2022-07-29,32673.0,31740.0
2022-07-30,28016.0,28193.0
2022-07-31,25909.0,25263.0
2022-08-01,30775.0,29490.0
2022-08-02,30554.0,29945.0
2022-08-03,30734.0,30176.0
2022-08-04,30398.0,30349.0
2022-08-05,29877.0,30670.0
2022-08-06,26965.0,27461.0
2022-08-07,25484.0,25007.0
2022-08-08,30181.0,30759.0
2022-08-09,32241.0,30696.0
2022-08-10,31848.0,31186.0
2022-08-11,32170.0,31776.0
2022-08-12,32313.0,31601.0
2022-08-13,28466.0,28753.0
2022-08-14,26984.0,25144.0
2022-08-15,26532.0,26309.0
2022-08-16,33494.0,32934.0
2022-08-17,34939.0,35646.0
2022-08-18,35234.0,36794.0
2022-08-19,35629.0,35925.0
2022-08-20,31075.0,31189.0
2022-08-21,28338.0,28300.0
2022-08-22,34362.0,35514.0
2022-08-23,36108.0,35892.0
2022-08-24,36879.0,35965.0
2022-08-25,36695.0,36812.0
2022-08-26,36411.0,36449.0
2022-08-27,31943.0,32406.0
2022-08-28,29603.0,28695.0
2022-08-29,34934.0,35359.0
2022-08-30,37506.0,36388.0
2022-08-31,36132.0,36514.0
2022-09-01,37048.0,36363.0
2022-09-02,36666.0,35101.0
2022-09-03,31182.0,30595.0
2022-09-04,29266.0,28362.0
2022-09-05,35250.0,35021.0
2022-09-06,36120.0,36542.0
2022-09-07,36467.0,36634.0
2022-09-08,36871.0,37520.0
2022-09-09,35776.0,36538.0
2022-09-10,32752.0,29786.0
2022-09-11,28558.0,27652.0
2022-09-12,34215.0,34071.0
2022-09-13,36115.0,35588.0
2022-09-14,36305.0,36819.0
2022-09-15,37121.0,37842.0
2022-09-16,37896.0,36875.0
2022-09-17,31308.0,31134.0
2022-09-18,28295.0,27228.0
2022-09-19,33891.0,33045.0
2022-09-20,34630.0,34195.0
2022-09-21,34553.0,34965.0
2022-09-22,35052.0,35233.0
2022-09-23,34702.0,33205.0
2022-09-24,30682.0,30652.0
2022-09-25,27890.0,28442.0
2022-09-26,34497.0,34639.0
2022-09-27,35626.0,36654.0
2022-09-28,35792.0,36018.0
2022-09-29,36636.0,35638.0
2022-09-30,36015.0,35323.0
2022-10-01,31932.0,30373.0
2022-10-02,29094.0,28515.0
2022-10-03,34990.0,34057.0
2022-10-04,35687.0,35410.0
2022-10-05,35391.0,35406.0
2022-10-06,35755.0,35469.0
2022-10-07,35695.0,34935.0
2022-10-08,30609.0,30557.0
2022-10-09,28663.0,29089.0
2022-10-10,35017.0,35082.0
2022-10-11,36753.0,35921.0
2022-10-12,36439.0,36275.0
2022-10-13,36437.0,36853.0
2022-10-14,35810.0,36123.0
2022-10-15,31650.0,32010.0
2022-10-16,29762.0,29596.0
2022-10-17,34639.0,35212.0
2022-10-18,36006.0,35978.0
2022-10-19,36496.0,36598.0
2022-10-20,36045.0,36432.0
2022-10-21,35547.0,36568.0
2022-10-22,31779.0,32387.0
2022-10-23,29646.0,28511.0
2022-10-24,34568.0,35134.0
2022-10-25,35435.0,36068.0
2022-10-26,36035.0,35538.0
2022-10-27,35247.0,35269.0
2022-10-28,34936.0,34634.0
2022-10-29,30538.0,28741.0
2022-10-30,31886.0,26390.0
2022-10-31,27533.0,24972.0
2022-11-01,27959.0,24577.0
2022-11-02,33862.0,32463.0
2022-11-03,35161.0,35022.0
2022-11-04,34859.0,35316.0
2022-11-05,31215.0,31367.0
2022-11-06,28955.0,29990.0
2022-11-07,35357.0,35547.0
2022-11-08,36520.0,36895.0
2022-11-09,37378.0,38295.0
2022-11-10,38161.0,38961.0
2022-11-11,38706.0,38496.0
2022-11-12,34190.0,34044.0
2022-11-13,32045.0,32100.0
2022-11-14,38132.0,38654.0
2022-11-15,39375.0,38879.0
2022-11-16,40067.0,39764.0
2022-11-17,40072.0,39266.0
2022-11-18,38979.0,39804.0
2022-11-19,35733.0,36529.0
2022-11-20,33847.0,34162.0
2022-11-21,39427.0,39496.0
2022-11-22,41022.0,42513.0
2022-11-23,41330.0,41949.0
2022-11-24,41709.0,41212.0
2022-11-25,40393.0,40982.0
2022-11-26,36436.0,36845.0
2022-11-27,34521.0,34171.0
2022-11-28,41147.0,41609.0
2022-11-29,43084.0,43286.0
2022-11-30,43488.0,44149.0
2022-12-01,43738.0,43861.0
2022-12-02,43875.0,43607.0
2022-12-03,39216.0,39134.0
2022-12-04,36329.0,36221.0
2022-12-05,41445.0,41020.0
2022-12-06,42159.0,40869.0
2022-12-07,41373.0,42549.0
2022-12-08,42010.0,43717.0
2022-12-09,43900.0,42859.0
2022-12-10,39079.0,37563.0
2022-12-11,35642.0,36930.0
2022-12-12,42071.0,43815.0
2022-12-13,44095.0,46394.0
2022-12-14,46190.0,45479.0
2022-12-15,46471.0,44979.0
2022-12-16,44083.0,42379.0
2022-12-17,38755.0,37762.0
2022-12-18,35866.0,36462.0
2022-12-19,41697.0,42847.0
2022-12-20,43786.0,43033.0
2022-12-21,43709.0,41895.0
2022-12-22,42288.0,39176.0
2022-12-23,37700.0,34423.0
2022-12-24,32106.0,30820.0
2022-12-25,28758.0,27259.0
2022-12-26,30664.0,28181.0
2022-12-27,33271.0,31018.0
2022-12-28,32236.0,31570.0
2022-12-29,31259.0,31439.0
2022-12-30,31279.0,29900.0
2022-12-31,29066.0,27425.0
2023-01-01,25740.0,24272.0
2023-01-02,27156.0,26165.0
2023-01-03,35391.0,34483.0
2023-01-04,36180.0,36313.0
2023-01-05,37093.0,37061.0
2023-01-06,36729.0,37048.0
2023-01-07,33021.0,33380.0
2023-01-08,31546.0,31732.0
2023-01-09,37348.0,37578.0
2023-01-10,38615.0,38592.0
2023-01-11,39336.0,41667.0
2023-01-12,40091.0,40374.0
2023-01-13,39587.0,40630.0
2023-01-14,36616.0,34694.0
2023-01-15,33699.0,33592.0
2023-01-16,40281.0,40961.0
2023-01-17,41957.0,43954.0
2023-01-18,43942.0,43381.0
2023-01-19,43708.0,44356.0
2023-01-20,44251.0,44416.0
2023-01-21,39372.0,40870.0
2023-01-22,37700.0,38173.0
2023-01-23,43494.0,43886.0
2023-01-24,43805.0,43445.0
2023-01-25,43967.0,43827.0
2023-01-26,44174.0,44347.0
2023-01-27,43612.0,44077.0
2023-01-28,39029.0,40168.0
2023-01-29,37607.0,36673.0
2023-01-30,43204.0,42926.0
2023-01-31,43550.0,42250.0
2023-02-01,42601.0,42688.0
2023-02-02,43176.0,42660.0
2023-02-03,42208.0,41584.0
2023-02-04,37736.0,36152.0
2023-02-05,34718.0,35006.0
2023-02-06,41247.0,43394.0
2023-02-07,44757.0,44265.0
2023-02-08,37309.0,41905.0
2023-02-09,43823.0,44127.0
2023-02-10,43497.0,44029.0
2023-02-11,39417.0,39490.0
2023-02-12,37627.0,35618.0
2023-02-13,42586.0,40804.0
2023-02-14,41851.0,41765.0
2023-02-15,42269.0,42519.0
2023-02-16,42610.0,41860.0
2023-02-17,42456.0,40252.0
2023-02-18,37368.0,36394.0
2023-02-19,34308.0,33059.0
2023-02-20,40233.0,38144.0
2023-02-21,40353.0,38846.0
2023-02-22,40157.0,39093.0
2023-02-23,39885.0,41324.0
2023-02-24,41228.0,39899.0
2023-02-25,35594.0,35877.0
2023-02-26,34719.0,35216.0
2023-02-27,40356.0,41110.0
2023-02-28,40608.0,42516.0
2023-03-01,42250.0,42960.0
2023-03-02,41939.0,42007.0
2023-03-03,42257.0,41770.0
2023-03-04,37209.0,35455.0
2023-03-05,35773.0,33390.0
2023-03-06,41282.0,40219.0
2023-03-07,41339.0,42093.0
2023-03-08,41935.0,39718.0
2023-03-09,40400.0,38288.0
2023-03-10,39051.0,37575.0
2023-03-11,34829.0,33680.0
2023-03-12,32109.0,31210.0
2023-03-13,37857.0,36933.0
2023-03-14,39456.0,38901.0
2023-03-15,38784.0,38889.0
2023-03-16,38883.0,38560.0
2023-03-17,37813.0,37927.0
2023-03-18,33456.0,31866.0
2023-03-19,30671.0,30428.0
2023-03-20,36516.0,36989.0
2023-03-21,38376.0,36307.0
2023-03-22,36750.0,35705.0
2023-03-23,36593.0,36281.0
2023-03-24,36162.0,35498.0
2023-03-25,32749.0,33436.0
2023-03-26,0.0,29208.0
2023-03-27,35910.0,36717.0
2023-03-28,37459.0,36501.0
2023-03-29,36856.0,37985.0
2023-03-30,38160.0,38406.0
2023-03-31,38215.0,36893.0
2023-04-01,32917.0,30839.0
2023-04-02,29387.0,29746.0
2023-04-03,34663.0,36191.0
2023-04-04,36859.0,36908.0
2023-04-05,36925.0,37309.0
2023-04-06,37259.0,36666.0
2023-04-07,36254.0,36994.0
2023-04-08,32065.0,31971.0
2023-04-09,27807.0,27529.0
2023-04-10,29038.0,27197.0
2023-04-11,35410.0,36549.0
2023-04-12,37403.0,35883.0
2023-04-13,37123.0,39242.0
2023-04-14,37381.0,38350.0
2023-04-15,33589.0,33687.0
2023-04-16,30775.0,31083.0
2023-04-17,36962.0,35925.0
2023-04-18,37165.0,35060.0
2023-04-19,37730.0,35515.0
2023-04-20,37495.0,36754.0
2023-04-21,36241.0,34966.0
2023-04-22,31618.0,28803.0
2023-04-23,28960.0,26442.0
2023-04-24,34703.0,35316.0
2023-04-25,37022.0,33993.0
2023-04-26,34877.0,32247.0
2023-04-27,28009.0,25273.0
2023-04-28,27260.0,26306.0
2023-04-29,25227.0,22832.0
2023-04-30,23255.0,21124.0
2023-05-01,21696.0,20815.0
2023-05-02,23008.0,24806.0
2023-05-03,31884.0,31874.0
2023-05-04,32679.0,31003.0
2023-05-05,30977.0,30974.0
2023-05-06,27959.0,27321.0
2023-05-07,26002.0,25304.0
2023-05-08,32982.0,34131.0
2023-05-09,33564.0,33461.0
2023-05-10,35606.0,35674.0
2023-05-11,36043.0,37653.0
2023-05-12,36580.0,35846.0
2023-05-13,31274.0,31377.0
2023-05-14,28632.0,29864.0
2023-05-15,34636.0,32830.0
2023-05-16,36914.0,37673.0
2023-05-17,36905.0,37535.0
2023-05-18,37235.0,34640.0
2023-05-19,34966.0,35577.0
2023-05-20,30577.0,29137.0
2023-05-21,28354.0,25167.0
2023-05-22,32668.0,31069.0
2023-05-23,33677.0,33557.0
2023-05-24,33959.0,34884.0
2023-05-25,33344.0,32542.0
2023-05-26,32351.0,32118.0
2023-05-27,28076.0,26865.0
2023-05-28,25631.0,24400.0
2023-05-29,30605.0,31772.0
2023-05-30,33083.0,33504.0
2023-05-31,33095.0,33668.0
2023-06-01,32430.0,32050.0
2023-06-02,32039.0,31271.0
2023-06-03,27951.0,27669.0
2023-06-04,26310.0,25283.0
2023-06-05,31266.0,33339.0
2023-06-06,33500.0,32802.0
2023-06-07,33438.0,32380.0
2023-06-08,31857.0,32946.0
2023-06-09,31749.0,31944.0
2023-06-10,27416.0,27221.0
2023-06-11,25368.0,25537.0
2023-06-12,31761.0,30726.0
2023-06-13,32094.0,31145.0
2023-06-14,31960.0,32277.0
2023-06-15,32491.0,32163.0
2023-06-16,31854.0,31473.0
2023-06-17,27860.0,26632.0
2023-06-18,25341.0,24398.0
2023-06-19,30964.0,31344.0
2023-06-20,32241.0,33904.0
2023-06-21,32736.0,34892.0
2023-06-22,33453.0,35222.0
2023-06-23,33852.0,34832.0
2023-06-24,27824.0,27492.0
2023-06-25,24495.0,23576.0
2023-06-26,31796.0,31503.0
2023-06-27,33230.0,34837.0
2023-06-28,33354.0,31787.0
2023-06-29,33129.0,31102.0
2023-06-30,29744.0,30387.0
2023-07-01,28169.0,28232.0
2023-07-02,26569.0,25418.0
2023-07-03,31767.0,33533.0
2023-07-04,34636.0,31551.0
2023-07-05,32797.0,33248.0
2023-07-06,32559.0,33676.0
2023-07-07,32243.0,31816.0
2023-07-08,27858.0,25874.0
2023-07-09,25242.0,25444.0
2023-07-10,31642.0,33340.0
2023-07-11,33654.0,35208.0
2023-07-12,34949.0,36028.0
2023-07-13,35119.0,34618.0
2023-07-14,33461.0,31366.0
2023-07-15,27938.0,27645.0
2023-07-16,26157.0,26554.0
2023-07-17,33116.0,33891.0
2023-07-18,35174.0,35705.0
2023-07-19,35652.0,33920.0
2023-07-20,34379.0,32137.0
2023-07-21,31261.0,31991.0
2023-07-22,28500.0,27094.0
2023-07-23,25424.0,23457.0
2023-07-24,30789.0,29425.0
2023-07-25,31364.0,29303.0
2023-07-26,30570.0,27772.0
2023-07-27,28655.0,25743.0
2023-07-28,26452.0,25502.0
2023-07-29,24322.0,22910.0
2023-07-30,23397.0,21464.0
2023-07-31,26375.0,25063.0
2023-08-01,27356.0,27744.0
2023-08-02,26124.0,25136.0
2023-08-03,26936.0,27634.0
2023-08-04,26268.0,26927.0
2023-08-05,24229.0,23643.0
2023-08-06,22508.0,20290.0
2023-08-07,26874.0,23033.0
2023-08-08,24090.0,23530.0
2023-08-09,24167.0,25441.0
2023-08-10,24659.0,25133.0
2023-08-11,25054.0,24346.0
2023-08-12,22130.0,21504.0
2023-08-13,20920.0,20246.0
2023-08-14,20600.0,21426.0
2023-08-15,20762.0,21360.0
2023-08-16,26331.0,28530.0
2023-08-17,29169.0,29870.0
2023-08-18,29318.0,30277.0
2023-08-19,25685.0,26125.0
2023-08-20,24382.0,24366.0
2023-08-21,29474.0,31693.0
2023-08-22,30325.0,33489.0
2023-08-23,33965.0,34827.0
2023-08-24,34060.0,34726.0
2023-08-25,33323.0,34721.0
2023-08-26,29058.0,28513.0
2023-08-27,25767.0,25236.0
2023-08-28,31225.0,32142.0
2023-08-29,33486.0,32327.0
2023-08-30,33647.0,32895.0
2023-08-31,32966.0,31223.0
2023-09-01,30644.0,30301.0
2023-09-02,27307.0,25422.0
2023-09-03,25309.0,24464.0
2023-09-04,0.0,28522.0
2023-09-05,32450.0,30855.0
2023-09-06,31233.0,31642.0
2023-09-07,31461.0,31350.0
2023-09-08,31478.0,31283.0
2023-09-09,27515.0,26423.0
2023-09-10,25551.0,24003.0
2023-09-11,29741.0,30869.0
2023-09-12,31437.0,32243.0
2023-09-13,32330.0,33219.0
2023-09-14,33598.0,33923.0
2023-09-15,33340.0,31878.0
2023-09-16,25947.0,26003.0
2023-09-17,23912.0,23763.0
2023-09-18,29870.0,32344.0
2023-09-19,33536.0,33044.0
2023-09-20,33497.0,32662.0
2023-09-21,33365.0,33136.0
2023-09-22,32683.0,32732.0
2023-09-23,31227.0,28906.0
2023-09-24,25219.0,26750.0
2023-09-25,32249.0,32811.0
2023-09-26,33546.0,32106.0
2023-09-27,32705.0,32083.0
2023-09-28,32194.0,32197.0
2023-09-29,31480.0,31144.0
2023-09-30,26564.0,27703.0
2023-10-01,24287.0,24449.0
2023-10-02,31137.0,31344.0
2023-10-03,32888.0,32706.0
2023-10-04,32592.0,34219.0
2023-10-05,32570.0,32534.0
2023-10-06,32534.0,32137.0
2023-10-07,28697.0,27749.0
2023-10-08,25661.0,26621.0
2023-10-09,31959.0,32395.0
2023-10-10,33500.0,32725.0
2023-10-11,34099.0,32747.0
2023-10-12,33806.0,34042.0
2023-10-13,33190.0,31898.0
2023-10-14,29062.0,27480.0
2023-10-15,28190.0,28729.0
2023-10-16,34323.0,33266.0
2023-10-17,34474.0,36217.0
2023-10-18,35881.0,37926.0
2023-10-19,37094.0,36695.0
2023-10-20,35053.0,34090.0
2023-10-21,30258.0,30718.0
2023-10-22,26845.0,25836.0
2023-10-23,33529.0,32954.0
2023-10-24,35726.0,36807.0
2023-10-25,36314.0,35868.0
2023-10-26,36188.0,35201.0
2023-10-27,35007.0,35906.0
2023-10-28,30384.0,30041.0
2023-10-29,0.0,26413.0
2023-10-30,29449.0,29311.0
2023-10-31,28503.0,27672.0
2023-11-01,25725.0,25529.0
2023-11-02,32137.0,31896.0
2023-11-03,31245.0,33692.0
2023-11-04,29524.0,30144.0
2023-11-05,28298.0,27511.0
2023-11-06,33547.0,33743.0
2023-11-07,35204.0,30176.0
2023-11-08,35799.0,36900.0
2023-11-09,36774.0,37740.0
2023-11-10,37519.0,38171.0
2023-11-11,32844.0,33101.0
2023-11-12,30383.0,31936.0
2023-11-13,35861.0,37773.0
2023-11-14,38588.0,37526.0
2023-11-15,39237.0,37764.0
2023-11-16,37996.0,39200.0
2023-11-17,38580.0,37296.0
2023-11-18,32994.0,34139.0
2023-11-19,31133.0,32894.0
2023-11-20,38325.0,40301.0
2023-11-21,39193.0,40412.0
2023-11-22,38990.0,40286.0
2023-11-23,40200.0,40504.0
2023-11-24,39434.0,39991.0
2023-11-25,35637.0,35833.0
2023-11-26,34751.0,33885.0
2023-11-27,39169.0,41625.0
2023-11-28,41525.0,40869.0
2023-11-29,42402.0,42556.0
2023-11-30,43059.0,44393.0
2023-12-01,41569.0,41670.0
2023-12-02,37238.0,37484.0
2023-12-03,35100.0,36552.0
2023-12-04,41882.0,44238.0
2023-12-05,43234.0,44869.0
2023-12-06,44637.0,44543.0
2023-12-07,43981.0,44232.0
2023-12-08,43491.0,45232.0
2023-12-09,39331.0,39959.0
2023-12-10,36514.0,36376.0
2023-12-11,41401.0,41699.0
2023-12-12,41822.0,42751.0
2023-12-13,41731.0,42477.0
2023-12-14,42311.0,40546.0
2023-12-15,40950.0,40242.0
2023-12-16,36826.0,36676.0
2023-12-17,34760.0,34239.0
2023-12-18,40277.0,39769.0
2023-12-19,40448.0,40238.0
2023-12-20,41566.0,41646.0
2023-12-21,41590.0,40409.0
2023-12-22,39253.0,36317.0
2023-12-23,31623.0,31529.0
2023-12-24,28900.0,30535.0
2023-12-25,28364.0,27546.0
2023-12-26,28076.0,27298.0
2023-12-27,31287.0,30573.0
2023-12-28,30607.0,30513.0
2023-12-29,30274.0,29619.0
2023-12-30,28698.0,28982.0
2023-12-31,27353.0,27766.0
2024-01-01,23674.0,24380.0
2024-01-02,24412.0,26496.0
2024-01-03,31980.0,31722.0
2024-01-04,34227.0,32811.0
2024-01-05,33794.0,36808.0
2024-01-06,33301.0,32960.0
2024-01-07,30758.0,32007.0
2024-01-08,36837.0,41208.0
2024-01-09,41492.0,44711.0
2024-01-10,44020.0,44547.0
2024-01-11,43910.0,45252.0
2024-01-12,44581.0,45840.0
2024-01-13,39205.0,40105.0
2024-01-14,38193.0,36616.0
2024-01-15,44568.0,44174.0
2024-01-16,44171.0,44454.0
2024-01-17,45205.0,43523.0
2024-01-18,45092.0,41156.0
2024-01-19,45504.0,44178.0
2024-01-20,39162.0,40895.0
2024-01-21,37894.0,40309.0
2024-01-22,44081.0,46940.0
2024-01-23,45846.0,45308.0
2024-01-24,45228.0,44814.0
2024-01-25,43721.0,42254.0
2024-01-26,42233.0,39639.0
2024-01-27,37653.0,36513.0
2024-01-28,34660.0,34651.0
2024-01-29,40904.0,41422.0
2024-01-30,42618.0,43226.0
2024-01-31,44153.0,43544.0
2024-02-01,44928.0,44478.0
2024-02-02,43898.0,42070.0
2024-02-03,36584.0,38361.0
2024-02-04,34363.0,33841.0
2024-02-05,41220.0,39740.0
2024-02-06,43017.0,40411.0
2024-02-07,39324.0,39301.0
2024-02-08,33537.0,33473.0
2024-02-09,36569.0,34990.0
2024-02-10,33846.0,31573.0
2024-02-11,32421.0,30638.0
2024-02-12,38107.0,38148.0
2024-02-13,37566.0,37920.0
2024-02-14,38036.0,39072.0
2024-02-15,38808.0,38685.0
2024-02-16,38053.0,37564.0
2024-02-17,33870.0,33207.0
2024-02-18,31813.0,31628.0
2024-02-19,37566.0,38765.0
2024-02-20,37952.0,38266.0
2024-02-21,38791.0,38450.0
2024-02-22,38553.0,40456.0
2024-02-23,38317.0,39489.0
2024-02-24,32667.0,33656.0
2024-02-25,30983.0,30449.0
2024-02-26,37855.0,38488.0
2024-02-27,38343.0,39649.0
2024-02-28,38347.0,38439.0
2024-02-29,37966.0,38781.0
2024-03-01,38303.0,39123.0
2024-03-02,33938.0,32817.0
2024-03-03,29772.0,30301.0
2024-03-04,35765.0,36620.0
2024-03-05,0.0,36028.0
2024-03-06,37104.0,38931.0
2024-03-07,37548.0,38379.0
2024-03-08,38775.0,40538.0
2024-03-09,34265.0,36100.0
2024-03-10,31811.0,32497.0
2024-03-11,36252.0,38699.0
2024-03-12,38361.0,38254.0
2024-03-13,37411.0,36369.0
2024-03-14,36431.0,36330.0
2024-03-15,36440.0,35631.0
2024-03-16,32064.0,32323.0
2024-03-17,28543.0,28226.0
2024-03-18,35150.0,36145.0
2024-03-19,36773.0,37864.0
2024-03-20,0.0,36369.0
2024-03-21,36185.0,36701.0
2024-03-22,34644.0,34529.0
2024-03-23,31341.0,31022.0
2024-03-24,30606.0,29866.0
2024-03-25,36263.0,34544.0
2024-03-26,35005.0,37981.0
2024-03-27,37379.0,37663.0
2024-03-28,37397.0,37213.0
2024-03-29,36370.0,37943.0
2024-03-30,27199.0,28569.0
2024-03-31,0.0,24482.0
2024-04-01,26543.0,26319.0
2024-04-02,35027.0,33216.0
2024-04-03,36691.0,36507.0
2024-04-04,33947.0,34227.0
2024-04-05,32703.0,33496.0
2024-04-06,29043.0,28753.0
2024-04-07,26190.0,26251.0
2024-04-08,31923.0,31105.0
2024-04-09,33168.0,32718.0
2024-04-10,34073.0,34477.0
2024-04-11,32669.0,33257.0
2024-04-12,32011.0,32265.0
2024-04-13,27968.0,27776.0
2024-04-14,25274.0,25185.0
2024-04-15,31000.0,31142.0
2024-04-16,36617.0,37485.0
2024-04-17,36065.0,34902.0
2024-04-18,36710.0,36086.0
2024-04-19,34741.0,33943.0
2024-04-20,32265.0,30770.0
2024-04-21,28176.0,27807.0
2024-04-22,34149.0,35561.0
2024-04-23,38613.0,39848.0
2024-04-24,41267.0,40215.0
2024-04-25,38868.0,38407.0
2024-04-26,34554.0,35242.0
2024-04-27,26722.0,28070.0
2024-04-28,23651.0,25509.0
2024-04-29,26718.0,27347.0
2024-04-30,28967.0,26356.0
2024-05-01,22995.0,23599.0
2024-05-02,23323.0,23611.0
2024-05-03,28329.0,28573.0
2024-05-04,27024.0,23628.0
2024-05-05,23520.0,23441.0
2024-05-06,31079.0,30648.0
2024-05-07,32886.0,33064.0
2024-05-08,33779.0,35620.0
2024-05-09,32671.0,32060.0
2024-05-10,30768.0,30591.0
2024-05-11,0.0,27001.0
2024-05-12,24675.0,25476.0
2024-05-13,32516.0,33309.0
2024-05-14,33309.0,35204.0
2024-05-15,34510.0,33200.0
2024-05-16,34689.0,36229.0
2024-05-17,30138.0,31669.0
2024-05-18,25354.0,26423.0
2024-05-19,25260.0,24165.0
2024-05-20,30748.0,30890.0
2024-05-21,33923.0,36080.0
2024-05-22,34110.0,32750.0
2024-05-23,31894.0,33136.0
2024-05-24,30301.0,31245.0
2024-05-25,25731.0,26378.0
2024-05-26,0.0,24704.0
2024-05-27,29228.0,29288.0
2024-05-28,32058.0,33026.0
2024-05-29,32774.0,32203.0
2024-05-30,34582.0,32592.0
2024-05-31,32665.0,34454.0
2024-06-01,28362.0,27428.0
2024-06-02,25822.0,25194.0
2024-06-03,33670.0,32447.0
2024-06-04,35000.0,33327.0
2024-06-05,32385.0,32243.0
2024-06-06,31349.0,32458.0
2024-06-07,31654.0,32838.0
2024-06-08,27602.0,26760.0
2024-06-09,23625.0,25625.0
2024-06-10,31701.0,32301.0
2024-06-11,34766.0,28784.0
2024-06-12,34652.0,35604.0
2024-06-13,34538.0,34926.0
2024-06-14,31482.0,31704.0
2024-06-15,27278.0,27472.0
2024-06-16,25428.0,25881.0
2024-06-17,31438.0,30411.0
2024-06-18,31944.0,32578.0
2024-06-19,32203.0,33939.0
2024-06-20,32898.0,35362.0
2024-06-21,34071.0,36215.0
2024-06-22,27697.0,29168.0
2024-06-23,25303.0,24702.0
2024-06-24,25944.0,28231.0
2024-06-25,25974.0,26362.0
2024-06-26,31605.0,32163.0
2024-06-27,0.0,32125.0
2024-06-28,31058.0,33239.0
2024-06-29,28140.0,29576.0
2024-06-30,26497.0,27460.0
2024-07-01,31384.0,34827.0
2024-07-02,30178.0,31954.0
2024-07-03,30892.0,31723.0
2024-07-04,30768.0,32460.0
2024-07-05,30460.0,31732.0
2024-07-06,27205.0,27569.0
2024-07-07,25538.0,25988.0
2024-07-08,30908.0,32950.0
2024-07-09,32806.0,35365.0
2024-07-10,35102.0,36745.0
2024-07-11,36666.0,36771.0
2024-07-12,36650.0,36703.0
2024-07-13,28045.0,31230.0
2024-07-14,26523.0,27702.0
2024-07-15,33554.0,32699.0
2024-07-16,34674.0,34364.0
2024-07-17,34882.0,35244.0
2024-07-18,36116.0,34946.0
2024-07-19,35016.0,34554.0
2024-07-20,28816.0,30881.0
2024-07-21,24912.0,24903.0
2024-07-22,30338.0,31756.0
2024-07-23,31981.0,32022.0
2024-07-24,31507.0,32480.0
2024-07-25,31164.0,30999.0
2024-07-26,31244.0,29805.0
2024-07-27,27817.0,26199.0
2024-07-28,25641.0,25637.0
2024-07-29,29336.0,27436.0
2024-07-30,27678.0,27475.0
2024-07-31,26990.0,28024.0
2024-08-01,28059.0,28584.0
2024-08-02,25832.0,25814.0
2024-08-03,22189.0,23512.0
2024-08-04,20638.0,21658.0
2024-08-05,25716.0,26283.0
2024-08-06,25975.0,26901.0
2024-08-07,26972.0,25921.0
2024-08-08,27673.0,27906.0
2024-08-09,26810.0,27490.0
2024-08-10,23723.0,25333.0
2024-08-11,22734.0,24234.0
2024-08-12,29442.0,30968.0
2024-08-13,30670.0,31461.0
2024-08-14,29984.0,32905.0
2024-08-15,24714.0,26201.0
2024-08-16,28349.0,27943.0
2024-08-17,25176.0,26936.0
2024-08-18,24447.0,26105.0
2024-08-19,32117.0,31752.0
2024-08-20,32523.0,32232.0
2024-08-21,32369.0,32896.0
2024-08-22,31630.0,32661.0
2024-08-23,32807.0,33834.0
2024-08-24,28301.0,29815.0
2024-08-25,27021.0,26351.0
2024-08-26,32351.0,33761.0
2024-08-27,32065.0,35641.0
2024-08-28,34100.0,35691.0
2024-08-29,34801.0,35981.0
2024-08-30,34659.0,35273.0
2024-08-31,30234.0,29657.0
2024-09-01,26130.0,27710.0
2024-09-02,31892.0,34073.0
2024-09-03,33521.0,35049.0
2024-09-04,34777.0,35687.0
2024-09-05,35053.0,35890.0
2024-09-06,35023.0,34592.0
2024-09-07,26584.0,27905.0
2024-09-08,25567.0,27456.0
2024-09-09,33482.0,35075.0
2024-09-10,34447.0,32353.0
2024-09-11,31644.0,32711.0
2024-09-12,35570.0,36619.0
2024-09-13,35947.0,33656.0
2024-09-14,30609.0,31094.0
2024-09-15,27668.0,28977.0
2024-09-16,34244.0,35495.0
2024-09-17,35134.0,36181.0
2024-09-18,33578.0,33881.0
2024-09-19,34185.0,33668.0
2024-09-20,32072.0,33105.0
2024-09-21,27960.0,27621.0
2024-09-22,25242.0,25772.0
2024-09-23,31645.0,31350.0
2024-09-24,33521.0,34117.0
2024-09-25,32764.0,33120.0
2024-09-26,33212.0,35990.0
2024-09-27,34296.0,35968.0
2024-09-28,30246.0,31339.0
2024-09-29,26843.0,25926.0
2024-09-30,32800.0,31735.0
2024-10-01,34230.0,33170.0
2024-10-02,36694.0,37427.0
2024-10-03,35230.0,37894.0
2024-10-04,36223.0,35991.0
2024-10-05,30930.0,30427.0
2024-10-06,26096.0,27386.0
2024-10-07,31808.0,33511.0
2024-10-08,33992.0,35474.0
2024-10-09,33853.0,34635.0
2024-10-10,35195.0,36179.0
2024-10-11,32845.0,33100.0
2024-10-12,30050.0,28136.0
2024-10-13,27459.0,29174.0
2024-10-14,32225.0,34854.0
2024-10-15,33668.0,33640.0
2024-10-16,35350.0,37787.0
2024-10-17,0.0,38235.0
2024-10-18,36244.0,37412.0
2024-10-19,30351.0,32198.0
2024-10-20,27965.0,27381.0
2024-10-21,0.0,32772.0
2024-10-22,33902.0,33790.0
2024-10-23,35141.0,35601.0
2024-10-24,34847.0,36953.0
2024-10-25,33392.0,35235.0
2024-10-26,29030.0,29266.0
2024-10-27,0.0,25031.0
2024-10-28,0.0,32836.0
2024-10-29,33499.0,31157.0
2024-10-30,31158.0,30670.0
2024-10-31,25285.0,24749.0
2024-11-01,24863.0,23975.0
2024-11-02,26074.0,26252.0
2024-11-03,27107.0,28362.0
2024-11-04,33977.0,34467.0
2024-11-05,35577.0,36303.0
2024-11-06,37324.0,38400.0
2024-11-07,37985.0,39824.0
2024-11-08,38437.0,40147.0
2024-11-09,33166.0,35893.0
2024-11-10,31221.0,34149.0
2024-11-11,38934.0,41209.0
2024-11-12,39963.0,42420.0
2024-11-13,41933.0,43303.0
2024-11-14,41892.0,43392.0
2024-11-15,41706.0,40216.0
2024-11-16,34237.0,34813.0
2024-11-17,31891.0,34087.0
2024-11-18,40174.0,41007.0
2024-11-19,41048.0,41843.0
2024-11-20,41390.0,43051.0
2024-11-21,42529.0,43458.0
2024-11-22,43252.0,45700.0
2024-11-23,37424.0,39814.0
2024-11-24,36463.0,36073.0
2024-11-25,39488.0,39765.0
2024-11-26,40811.0,40605.0
2024-11-27,40763.0,41563.0
2024-11-28,40701.0,41669.0
2024-11-29,39713.0,40013.0
2024-11-30,35717.0,35394.0
2024-12-01,33911.0,35485.0
2024-12-02,40896.0,40448.0
2024-12-03,43602.0,44246.0
2024-12-04,43632.0,43306.0
2024-12-05,42206.0,42588.0
2024-12-06,43630.0,44828.0
2024-12-07,37607.0,38280.0
2024-12-08,37305.0,36199.0
2024-12-09,42159.0,43669.0
2024-12-10,42738.0,41054.0
2024-12-11,43092.0,43984.0
2024-12-12,41915.0,41697.0
2024-12-13,42911.0,43538.0
2024-12-14,39012.0,40418.0
2024-12-15,36699.0,38011.0
2024-12-16,42264.0,41849.0
2024-12-17,42103.0,41665.0
2024-12-18,42037.0,40074.0
2024-12-19,42180.0,39080.0
2024-12-20,41719.0,36228.0
2024-12-21,35466.0,33866.0
2024-12-22,34343.0,35831.0
2024-12-23,37730.0,37604.0
2024-12-24,35116.0,33774.0
2024-12-25,28778.0,29200.0
2024-12-26,28852.0,27653.0
2024-12-27,30884.0,30218.0
2024-12-28,30198.0,29247.0
2024-12-29,29431.0,29877.0
2024-12-30,30370.0,30138.0
2024-12-31,31936.0,32266.0
