Date,Day-ahead Total Load Forecast [MW] - BZN|SK,Actual Total Load [MW] - BZN|SK
2019-01-01,70090.0,70152.0
2019-01-02,81610.0,81467.0
2019-01-03,83540.0,86727.0
2019-01-04,86830.0,88585.0
2019-01-05,82220.0,83306.0
2019-01-06,81200.0,80099.0
2019-01-07,91150.0,92264.0
2019-01-08,93400.0,96894.0
2019-01-09,95540.0,95446.0
2019-01-10,94510.0,94370.0
2019-01-11,94170.0,94839.0
2019-01-12,86040.0,86354.0
2019-01-13,83830.0,82117.0
2019-01-14,92610.0,91831.0
2019-01-15,94660.0,94576.0
2019-01-16,94660.0,93253.0
2019-01-17,93430.0,92893.0
2019-01-18,93100.0,92681.0
2019-01-19,86270.0,85924.0
2019-01-20,82260.0,82851.0
2019-01-21,91940.0,94256.0
2019-01-22,93540.0,98214.0
2019-01-23,98000.0,98525.0
2019-01-24,96460.0,96384.0
2019-01-25,96330.0,96000.0
2019-01-26,85910.0,88164.0
2019-01-27,83100.0,84236.0
2019-01-28,94560.0,93376.0
2019-01-29,96030.0,93735.0
2019-01-30,93590.0,93764.0
2019-01-31,93710.0,93007.0
2019-02-01,92580.0,92805.0
2019-02-02,84900.0,82789.0
2019-02-03,79770.0,79295.0
2019-02-04,89900.0,90351.0
2019-02-05,92330.0,90757.0
2019-02-06,90910.0,91421.0
2019-02-07,91600.0,91341.0
2019-02-08,91330.0,91266.0
2019-02-09,81990.0,83517.0
2019-02-10,79450.0,80617.0
2019-02-11,90170.0,90225.0
2019-02-12,90930.0,91829.0
2019-02-13,91550.0,92619.0
2019-02-14,92600.0,90183.0
2019-02-15,91050.0,89513.0
2019-02-16,81890.0,81812.0
2019-02-17,78430.0,78508.0
2019-02-18,88240.0,88002.0
2019-02-19,88180.0,88798.0
2019-02-20,87380.0,88240.0
2019-02-21,88020.0,88151.0
2019-02-22,86180.0,88978.0
2019-02-23,81380.0,83830.0
2019-02-24,80440.0,81856.0
2019-02-25,90620.0,88978.0
2019-02-26,90320.0,88331.0
2019-02-27,88650.0,86374.0
2019-02-28,86090.0,85251.0
2019-03-01,86670.0,86479.0
2019-03-02,79400.0,79748.0
2019-03-03,77790.0,77625.0
2019-03-04,85700.0,81300.0
2019-03-05,86840.0,85600.0
2019-03-06,86240.0,85044.0
2019-03-07,84860.0,85110.0
2019-03-08,84280.0,83593.0
2019-03-09,79740.0,77689.0
2019-03-10,74740.0,75048.0
2019-03-11,81850.0,85262.0
2019-03-12,83800.0,87722.0
2019-03-13,86490.0,89805.0
2019-03-14,89410.0,88623.0
2019-03-15,88290.0,87397.0
2019-03-16,80490.0,80121.0
2019-03-17,76320.0,75194.0
2019-03-18,85060.0,85366.0
2019-03-19,86230.0,86554.0
2019-03-20,84500.0,86429.0
2019-03-21,85980.0,86042.0
2019-03-22,85680.0,84178.0
2019-03-23,77160.0,75619.0
2019-03-24,72040.0,72810.0
2019-03-25,83040.0,83914.0
2019-03-26,85850.0,85901.0
2019-03-27,86310.0,85313.0
2019-03-28,84900.0,86539.0
2019-03-29,84900.0,83983.0
2019-03-30,75360.0,75775.0
2019-03-31,70290.0,69357.0
2019-04-01,83600.0,81160.0
2019-04-02,83800.0,83124.0
2019-04-03,82700.0,82991.0
2019-04-04,82500.0,81998.0
2019-04-05,81880.0,81746.0
2019-04-06,75150.0,75252.0
2019-04-07,71020.0,71035.0
2019-04-08,79620.0,78925.0
2019-04-09,80430.0,79716.0
2019-04-10,79240.0,80965.0
2019-04-11,79730.0,81936.0
2019-04-12,82230.0,83158.0
2019-04-13,77060.0,76331.0
2019-04-14,73740.0,71896.0
2019-04-15,79070.0,80746.0
2019-04-16,81320.0,82416.0
2019-04-17,81840.0,82279.0
2019-04-18,80120.0,79766.0
2019-04-19,70450.0,67954.0
2019-04-20,67650.0,66779.0
2019-04-21,63660.0,61902.0
2019-04-22,61500.0,61552.0
2019-04-23,77590.0,77039.0
2019-04-24,80910.0,80307.0
2019-04-25,79760.0,78823.0
2019-04-26,77840.0,78265.0
2019-04-27,71910.0,71734.0
2019-04-28,71340.0,69919.0
2019-04-29,79490.0,79513.0
2019-04-30,79250.0,81248.0
2019-05-01,74920.0,71251.0
2019-05-02,78490.0,77088.0
2019-05-03,77950.0,78536.0
2019-05-04,71750.0,71128.0
2019-05-05,70020.0,71878.0
2019-05-06,79870.0,83292.0
2019-05-07,82210.0,86315.0
2019-05-08,72390.0,75492.0
2019-05-09,79060.0,82277.0
2019-05-10,81540.0,79036.0
2019-05-11,70600.0,70794.0
2019-05-12,70060.0,68739.0
2019-05-13,79690.0,79981.0
2019-05-14,82480.0,83479.0
2019-05-15,82300.0,83736.0
2019-05-16,82040.0,82506.0
2019-05-17,81950.0,80222.0
2019-05-18,71110.0,70873.0
2019-05-19,67200.0,68227.0
2019-05-20,79290.0,78321.0
2019-05-21,79820.0,79474.0
2019-05-22,79250.0,80745.0
2019-05-23,80620.0,79325.0
2019-05-24,77710.0,77747.0
2019-05-25,69710.0,68990.0
2019-05-26,67120.0,67013.0
2019-05-27,77990.0,76773.0
2019-05-28,78980.0,79097.0
2019-05-29,79320.0,79304.0
2019-05-30,78890.0,80941.0
2019-05-31,77710.0,78041.0
2019-06-01,68970.0,67918.0
2019-06-02,66440.0,66267.0
2019-06-03,75030.0,76067.0
2019-06-04,78240.0,78316.0
2019-06-05,78130.0,78640.0
2019-06-06,78590.0,77690.0
2019-06-07,77570.0,77477.0
2019-06-08,67400.0,68570.0
2019-06-09,67710.0,66242.0
2019-06-10,76290.0,77869.0
2019-06-11,78380.0,79507.0
2019-06-12,79180.0,80221.0
2019-06-13,79550.0,80675.0
2019-06-14,80100.0,79819.0
2019-06-15,70130.0,71553.0
2019-06-16,66250.0,68997.0
2019-06-17,77220.0,77293.0
2019-06-18,79180.0,79879.0
2019-06-19,79030.0,80560.0
2019-06-20,80360.0,80027.0
2019-06-21,80360.0,80074.0
2019-06-22,73730.0,69340.0
2019-06-23,67360.0,67169.0
2019-06-24,76643.0,76887.0
2019-06-25,79940.0,80425.0
2019-06-26,80240.0,81503.0
2019-06-27,80210.0,81259.0
2019-06-28,78140.0,77594.0
2019-06-29,67630.0,69201.0
2019-06-30,67280.0,67538.0
2019-07-01,77930.0,78707.0
2019-07-02,79690.0,79321.0
2019-07-03,79240.0,77919.0
2019-07-04,76480.0,76860.0
2019-07-05,70495.0,67744.0
2019-07-06,65230.0,66665.0
2019-07-07,64880.0,66660.0
2019-07-08,77930.0,75897.0
2019-07-09,76470.0,76853.0
2019-07-10,76720.0,76801.0
2019-07-11,76720.0,77348.0
2019-07-12,76410.0,75907.0
2019-07-13,67580.0,68904.0
2019-07-14,66460.0,66322.0
2019-07-15,75900.0,72056.0
2019-07-16,75170.0,76902.0
2019-07-17,76990.0,76699.0
2019-07-18,76990.0,75520.0
2019-07-19,73740.0,74881.0
2019-07-20,67960.0,68093.0
2019-07-21,66150.0,66582.0
2019-07-22,74330.0,73659.0
2019-07-23,75780.0,75323.0
2019-07-24,74700.0,75972.0
2019-07-25,75190.0,77002.0
2019-07-26,75670.0,77748.0
2019-07-27,68870.0,67569.0
2019-07-28,65580.0,65971.0
2019-07-29,74270.0,72879.0
2019-07-30,74350.0,74710.0
2019-07-31,75030.0,74048.0
2019-08-01,74360.0,74349.0
2019-08-02,73580.0,75520.0
2019-08-03,67990.0,68223.0
2019-08-04,66450.0,64553.0
2019-08-05,71380.0,72862.0
2019-08-06,73430.0,74670.0
2019-08-07,73610.0,76941.0
2019-08-08,76530.0,76633.0
2019-08-09,73850.0,76622.0
2019-08-10,67410.0,69276.0
2019-08-11,65950.0,67060.0
2019-08-12,77100.0,77302.0
2019-08-13,76810.0,77277.0
2019-08-14,76680.0,76912.0
2019-08-15,77050.0,75166.0
2019-08-16,75000.0,74694.0
2019-08-17,67870.0,68489.0
2019-08-18,66850.0,66982.0
2019-08-19,74950.0,77311.0
2019-08-20,77620.0,80114.0
2019-08-21,79500.0,78572.0
2019-08-22,79050.0,77346.0
2019-08-23,76100.0,77071.0
2019-08-24,68760.0,70362.0
2019-08-25,67910.0,67745.0
2019-08-26,77040.0,78051.0
2019-08-27,79030.0,78519.0
2019-08-28,77050.0,78683.0
2019-08-29,70310.0,72622.0
2019-08-30,74490.0,74067.0
2019-08-31,69610.0,69194.0
2019-09-01,67760.0,65066.0
2019-09-02,76470.0,76237.0
2019-09-03,79430.0,77385.0
2019-09-04,78590.0,77214.0
2019-09-05,77650.0,77257.0
2019-09-06,76550.0,77153.0
2019-09-07,70000.0,69005.0
2019-09-08,67760.0,66384.0
2019-09-09,75820.0,76492.0
2019-09-10,77730.0,76856.0
2019-09-11,76270.0,77168.0
2019-09-12,77390.0,77373.0
2019-09-13,76290.0,77170.0
2019-09-14,69130.0,69235.0
2019-09-15,65920.0,65843.0
2019-09-16,76470.0,76696.0
2019-09-17,77260.0,79228.0
2019-09-18,79100.0,79310.0
2019-09-19,79410.0,79912.0
2019-09-20,79250.0,79522.0
2019-09-21,71130.0,71055.0
2019-09-22,68950.0,67828.0
2019-09-23,78320.0,78860.0
2019-09-24,80510.0,79970.0
2019-09-25,80850.0,81092.0
2019-09-26,80070.0,79660.0
2019-09-27,79480.0,78799.0
2019-09-28,70430.0,71395.0
2019-09-29,68730.0,67449.0
2019-09-30,78940.0,77217.0
2019-10-01,78910.0,78463.0
2019-10-02,78850.0,79381.0
2019-10-03,78900.0,79962.0
2019-10-04,79380.0,79554.0
2019-10-05,71350.0,72891.0
2019-10-06,72030.0,69045.0
2019-10-07,78580.0,79727.0
2019-10-08,81790.0,81719.0
2019-10-09,82330.0,82462.0
2019-10-10,81840.0,81257.0
2019-10-11,80510.0,80567.0
2019-10-12,72580.0,71656.0
2019-10-13,69350.0,68858.0
2019-10-14,79670.0,78596.0
2019-10-15,80760.0,80676.0
2019-10-16,80780.0,80816.0
2019-10-17,80400.0,80410.0
2019-10-18,79760.0,79629.0
2019-10-19,71240.0,71733.0
2019-10-20,69520.0,68929.0
2019-10-21,78410.0,78311.0
2019-10-22,79860.0,80052.0
2019-10-23,79810.0,80601.0
2019-10-24,80390.0,82449.0
2019-10-25,79310.0,78240.0
2019-10-26,70970.0,71363.0
2019-10-27,72750.0,71858.0
2019-10-28,79190.0,81548.0
2019-10-29,83530.0,84558.0
2019-10-30,84070.0,84806.0
2019-10-31,82790.0,83812.0
2019-11-01,74570.0,72954.0
2019-11-02,75420.0,73788.0
2019-11-03,73630.0,71575.0
2019-11-04,82480.0,82050.0
2019-11-05,85890.0,84730.0
2019-11-06,85550.0,83295.0
2019-11-07,83010.0,84240.0
2019-11-08,84870.0,83493.0
2019-11-09,76430.0,75465.0
2019-11-10,73620.0,72343.0
2019-11-11,82180.0,83598.0
2019-11-12,85490.0,85277.0
2019-11-13,85770.0,85514.0
2019-11-14,85770.0,85153.0
2019-11-15,83730.0,84471.0
2019-11-16,75400.0,75121.0
2019-11-17,72130.0,69537.0
2019-11-18,83020.0,81840.0
2019-11-19,83680.0,84785.0
2019-11-20,84420.0,85491.0
2019-11-21,85910.0,85804.0
2019-11-22,86340.0,84999.0
2019-11-23,76600.0,76994.0
2019-11-24,69760.0,73521.0
2019-11-25,83240.0,84104.0
2019-11-26,85720.0,87323.0
2019-11-27,86650.0,88147.0
2019-11-28,87710.0,88716.0
2019-11-29,88780.0,86850.0
2019-11-30,78330.0,79745.0
2019-12-01,77190.0,77975.0
2019-12-02,87990.0,90047.0
2019-12-03,91990.0,91949.0
2019-12-04,91940.0,95420.0
2019-12-05,94670.0,95483.0
2019-12-06,95760.0,94789.0
2019-12-07,85710.0,85999.0
2019-12-08,84980.0,80766.0
2019-12-09,91540.0,91050.0
2019-12-10,92860.0,92632.0
2019-12-11,91570.0,94472.0
2019-12-12,92240.0,95056.0
2019-12-13,94670.0,92947.0
2019-12-14,84730.0,83395.0
2019-12-15,80510.0,80334.0
2019-12-16,91270.0,89643.0
2019-12-17,92300.0,89076.0
2019-12-18,88720.0,87217.0
2019-12-19,88520.0,86566.0
2019-12-20,84110.0,82582.0
2019-12-21,76870.0,76611.0
2019-12-22,74680.0,73775.0
2019-12-23,75830.0,75606.0
2019-12-24,67930.0,68266.0
2019-12-25,63540.0,65034.0
2019-12-26,64730.0,66737.0
2019-12-27,71940.0,72737.0
2019-12-28,71080.0,75398.0
2019-12-29,73810.0,76051.0
2019-12-30,80260.0,78633.0
2019-12-31,74680.0,74983.0
2020-01-01,68570.0,69218.0
2020-01-02,80900.0,81379.0
2020-01-03,83090.0,85877.0
2020-01-04,75840.0,81260.0
2020-01-05,79150.0,78054.0
2020-01-06,75240.0,77849.0
2020-01-07,88980.0,91902.0
2020-01-08,94830.0,95511.0
2020-01-09,95770.0,95215.0
2020-01-10,95110.0,93724.0
2020-01-11,87540.0,84464.0
2020-01-12,83560.0,81419.0
2020-01-13,94540.0,93307.0
2020-01-14,94860.0,95721.0
2020-01-15,96370.0,95293.0
2020-01-16,95030.0,95076.0
2020-01-17,94200.0,94887.0
2020-01-18,84420.0,86051.0
2020-01-19,84320.0,81699.0
2020-01-20,93820.0,91693.0
2020-01-21,94500.0,94731.0
2020-01-22,94550.0,96251.0
2020-01-23,95910.0,93615.0
2020-01-24,94680.0,94707.0
2020-01-25,85910.0,86747.0
2020-01-26,81930.0,82290.0
2020-01-27,93400.0,92156.0
2020-01-28,95250.0,94807.0
2020-01-29,94630.0,93709.0
2020-01-30,94770.0,89439.0
2020-01-31,92820.0,91630.0
2020-02-01,80940.0,80071.0
2020-02-02,77730.0,74651.0
2020-02-03,86130.0,85834.0
2020-02-04,88970.0,88979.0
2020-02-05,88390.0,89863.0
2020-02-06,88000.0,91004.0
2020-02-07,88800.0,89588.0
2020-02-08,78760.0,82066.0
2020-02-09,77320.0,77927.0
2020-02-10,90340.0,88983.0
2020-02-11,94490.0,90099.0
2020-02-12,94490.0,90704.0
2020-02-13,89670.0,90358.0
2020-02-14,88680.0,89819.0
2020-02-15,82080.0,80195.0
2020-02-16,77840.0,76345.0
2020-02-17,88860.0,85598.0
2020-02-18,86010.0,87877.0
2020-02-19,88050.0,88585.0
2020-02-20,88050.0,88463.0
2020-02-21,87020.0,89347.0
2020-02-22,80850.0,80139.0
2020-02-23,77130.0,75934.0
2020-02-24,87400.0,84650.0
2020-02-25,87840.0,86229.0
2020-02-26,86930.0,87336.0
2020-02-27,86280.0,86879.0
2020-02-28,86860.0,88721.0
2020-02-29,80380.0,80383.0
2020-03-01,75900.0,76775.0
2020-03-02,85330.0,86068.0
2020-03-03,88330.0,88192.0
2020-03-04,87340.0,87459.0
2020-03-05,87120.0,87349.0
2020-03-06,88480.0,89243.0
2020-03-07,81740.0,80245.0
2020-03-08,76070.0,75723.0
2020-03-09,84820.0,85519.0
2020-03-10,87190.0,86858.0
2020-03-11,86480.0,87114.0
2020-03-12,86840.0,83846.0
2020-03-13,83800.0,84016.0
2020-03-14,74410.0,76055.0
2020-03-15,72270.0,73293.0
2020-03-16,81880.0,82176.0
2020-03-17,83670.0,82293.0
2020-03-18,82860.0,80325.0
2020-03-19,79130.0,78360.0
2020-03-20,76810.0,76634.0
2020-03-21,71930.0,73000.0
2020-03-22,69030.0,71129.0
2020-03-23,77850.0,78992.0
2020-03-24,81580.0,79435.0
2020-03-25,79330.0,80540.0
2020-03-26,79490.0,79003.0
2020-03-27,78910.0,75465.0
2020-03-28,70880.0,69307.0
2020-03-29,65310.0,64877.0
2020-03-30,75780.0,75976.0
2020-03-31,78690.0,77160.0
2020-04-01,77160.0,76738.0
2020-04-02,76720.0,75656.0
2020-04-03,74850.0,74013.0
2020-04-04,67860.0,67143.0
2020-04-05,65440.0,64427.0
2020-04-06,73040.0,71401.0
2020-04-07,71220.0,71007.0
2020-04-08,71850.0,70185.0
2020-04-09,69200.0,68278.0
2020-04-10,61270.0,60690.0
2020-04-11,58620.0,60674.0
2020-04-12,55920.0,57146.0
2020-04-13,57320.0,56403.0
2020-04-14,68980.0,67651.0
2020-04-15,69410.0,71354.0
2020-04-16,70970.0,70390.0
2020-04-17,70360.0,69414.0
2020-04-18,62210.0,63631.0
2020-04-19,60870.0,62736.0
2020-04-20,69570.0,68225.0
2020-04-21,68900.0,69504.0
2020-04-22,69700.0,70132.0
2020-04-23,69600.0,70053.0
2020-04-24,69250.0,69467.0
2020-04-25,63630.0,63788.0
2020-04-26,60930.0,61455.0
2020-04-27,68710.0,69771.0
2020-04-28,70830.0,70622.0
2020-04-29,70810.0,71076.0
2020-04-30,69650.0,69320.0
2020-05-01,63030.0,61350.0
2020-05-02,62290.0,60873.0
2020-05-03,58970.0,60543.0
2020-05-04,67470.0,69209.0
2020-05-05,70380.0,72471.0
2020-05-06,72760.0,73927.0
2020-05-07,72520.0,69910.0
2020-05-08,61290.0,60974.0
2020-05-09,60900.0,59515.0
2020-05-10,60190.0,58815.0
2020-05-11,69560.0,68809.0
2020-05-12,71700.0,71998.0
2020-05-13,74080.0,74628.0
2020-05-14,74020.0,73498.0
2020-05-15,73480.0,74204.0
2020-05-16,62970.0,63762.0
2020-05-17,60320.0,60790.0
2020-05-18,70020.0,69358.0
2020-05-19,72340.0,71523.0
2020-05-20,71930.0,71235.0
2020-05-21,71680.0,70406.0
2020-05-22,70640.0,68415.0
2020-05-23,60950.0,61668.0
2020-05-24,59660.0,59467.0
2020-05-25,69360.0,70050.0
2020-05-26,73420.0,72661.0
2020-05-27,72480.0,71503.0
2020-05-28,71560.0,70815.0
2020-05-29,68710.0,68923.0
2020-05-30,61230.0,60829.0
2020-05-31,59590.0,60300.0
2020-06-01,70170.0,68563.0
2020-06-02,70340.0,71218.0
2020-06-03,71900.0,71836.0
2020-06-04,71680.0,72006.0
2020-06-05,71190.0,72199.0
2020-06-06,62180.0,63619.0
2020-06-07,60910.0,60439.0
2020-06-08,71080.0,70432.0
2020-06-09,72070.0,73117.0
2020-06-10,73240.0,73901.0
2020-06-11,73830.0,73159.0
2020-06-12,71400.0,72616.0
2020-06-13,63560.0,63741.0
2020-06-14,60130.0,60573.0
2020-06-15,70500.0,71329.0
2020-06-16,73360.0,72666.0
2020-06-17,72110.0,72314.0
2020-06-18,72620.0,72530.0
2020-06-19,72090.0,71894.0
2020-06-20,62380.0,64303.0
2020-06-21,60900.0,61117.0
2020-06-22,71370.0,71310.0
2020-06-23,71940.0,73304.0
2020-06-24,73430.0,72656.0
2020-06-25,72920.0,72284.0
2020-06-26,72050.0,72435.0
2020-06-27,63990.0,64993.0
2020-06-28,61290.0,62091.0
2020-06-29,71620.0,71957.0
2020-06-30,73290.0,73378.0
2020-07-01,73360.0,74918.0
2020-07-02,74020.0,75581.0
2020-07-03,73360.0,74061.0
2020-07-04,65560.0,65031.0
2020-07-05,62680.0,60847.0
2020-07-06,72260.0,73281.0
2020-07-07,73630.0,73241.0
2020-07-08,73820.0,73671.0
2020-07-09,73570.0,74509.0
2020-07-10,73990.0,74257.0
2020-07-11,64220.0,65279.0
2020-07-12,61330.0,61281.0
2020-07-13,72250.0,70961.0
2020-07-14,73450.0,72873.0
2020-07-15,72850.0,72219.0
2020-07-16,72740.0,72683.0
2020-07-17,72760.0,71634.0
2020-07-18,65020.0,64260.0
2020-07-19,60990.0,61847.0
2020-07-20,72110.0,71780.0
2020-07-21,73110.0,74242.0
2020-07-22,72730.0,74161.0
2020-07-23,73530.0,73524.0
2020-07-24,72420.0,72847.0
2020-07-25,64970.0,63692.0
2020-07-26,60690.0,61424.0
2020-07-27,71710.0,69452.0
2020-07-28,72820.0,71513.0
2020-07-29,71380.0,72624.0
2020-07-30,72490.0,72187.0
2020-07-31,72040.0,70550.0
2020-08-01,62560.0,62645.0
2020-08-02,60720.0,60833.0
2020-08-03,68970.0,68374.0
2020-08-04,70350.0,70910.0
2020-08-05,71010.0,71073.0
2020-08-06,71010.0,71857.0
2020-08-07,70640.0,72486.0
2020-08-08,64470.0,66650.0
2020-08-09,62580.0,64452.0
2020-08-10,69700.0,74998.0
2020-08-11,76440.0,76063.0
2020-08-12,76780.0,76380.0
2020-08-13,76680.0,76464.0
2020-08-14,75930.0,75889.0
2020-08-15,67670.0,67331.0
2020-08-16,64870.0,64582.0
2020-08-17,75625.0,75062.0
2020-08-18,76090.0,76752.0
2020-08-19,76740.0,77232.0
2020-08-20,76030.0,76004.0
2020-08-21,74670.0,75793.0
2020-08-22,65600.0,66503.0
2020-08-23,64870.0,62782.0
2020-08-24,73270.0,71978.0
2020-08-25,73420.0,76442.0
2020-08-26,75760.0,75515.0
2020-08-27,76080.0,74732.0
2020-08-28,75090.0,74433.0
2020-08-29,65770.0,65729.0
2020-08-30,62620.0,63942.0
2020-08-31,72320.0,71151.0
2020-09-01,64390.0,66978.0
2020-09-02,72980.0,73427.0
2020-09-03,74720.0,75424.0
2020-09-04,74320.0,74692.0
2020-09-05,65540.0,67187.0
2020-09-06,65130.0,64763.0
2020-09-07,73520.0,74728.0
2020-09-08,75520.0,75608.0
2020-09-09,75650.0,76870.0
2020-09-10,76860.0,77127.0
2020-09-11,77200.0,76344.0
2020-09-12,67210.0,67233.0
2020-09-13,64320.0,63968.0
2020-09-14,72520.0,71552.0
2020-09-15,65880.0,66457.0
2020-09-16,74220.0,75862.0
2020-09-17,76950.0,76512.0
2020-09-18,77010.0,73922.0
2020-09-19,66110.0,66832.0
2020-09-20,64280.0,63699.0
2020-09-21,74270.0,73415.0
2020-09-22,73700.0,75553.0
2020-09-23,75440.0,77134.0
2020-09-24,77050.0,77848.0
2020-09-25,76120.0,78236.0
2020-09-26,70110.0,70176.0
2020-09-27,67070.0,65912.0
2020-09-28,75480.0,77276.0
2020-09-29,79400.0,78942.0
2020-09-30,79080.0,80549.0
2020-10-01,79560.0,80692.0
2020-10-02,80420.0,79066.0
2020-10-03,71150.0,69033.0
2020-10-04,66370.0,64918.0
2020-10-05,75180.0,74542.0
2020-10-06,77840.0,77224.0
2020-10-07,79440.0,78969.0
2020-10-08,79060.0,78960.0
2020-10-09,78390.0,78082.0
2020-10-10,68880.0,71318.0
2020-10-11,68260.0,69848.0
2020-10-12,79730.0,81158.0
2020-10-13,82700.0,84980.0
2020-10-14,85030.0,85250.0
2020-10-15,83320.0,83347.0
2020-10-16,82360.0,84640.0
2020-10-17,75980.0,76363.0
2020-10-18,74240.0,72697.0
2020-10-19,83190.0,82404.0
2020-10-20,84480.0,83509.0
2020-10-21,83350.0,84037.0
2020-10-22,84140.0,83382.0
2020-10-23,82350.0,82982.0
2020-10-24,75240.0,74854.0
2020-10-25,77870.0,73796.0
2020-10-26,79320.0,80616.0
2020-10-27,82690.0,82120.0
2020-10-28,82610.0,82636.0
2020-10-29,84550.0,83465.0
2020-10-30,83120.0,83544.0
2020-10-31,75240.0,73893.0
2020-11-01,70330.0,70673.0
2020-11-02,80730.0,81901.0
2020-11-03,83620.0,81963.0
2020-11-04,83360.0,82680.0
2020-11-05,82330.0,83351.0
2020-11-06,80980.0,84120.0
2020-11-07,75540.0,76256.0
2020-11-08,73320.0,73420.0
2020-11-09,83550.0,84013.0
2020-11-10,85100.0,86129.0
2020-11-11,85760.0,87495.0
2020-11-12,87180.0,88678.0
2020-11-13,88640.0,87766.0
2020-11-14,77920.0,79100.0
2020-11-15,79180.0,74789.0
2020-11-16,86130.0,83157.0
2020-11-17,77100.0,78355.0
2020-11-18,85100.0,85104.0
2020-11-19,87150.0,87141.0
2020-11-20,87380.0,86976.0
2020-11-21,79030.0,81280.0
2020-11-22,75990.0,78774.0
2020-11-23,88470.0,89784.0
2020-11-24,91180.0,91019.0
2020-11-25,89940.0,91925.0
2020-11-26,92010.0,93679.0
2020-11-27,93520.0,93058.0
2020-11-28,86660.0,84676.0
2020-11-29,83180.0,80849.0
2020-11-30,93960.0,90840.0
2020-12-01,93320.0,93492.0
2020-12-02,93290.0,94999.0
2020-12-03,93770.0,95468.0
2020-12-04,95540.0,91585.0
2020-12-05,83570.0,80212.0
2020-12-06,78600.0,75609.0
2020-12-07,91260.0,87267.0
2020-12-08,91290.0,89164.0
2020-12-09,89290.0,89704.0
2020-12-10,91090.0,91101.0
2020-12-11,90880.0,91337.0
2020-12-12,80130.0,83635.0
2020-12-13,80610.0,80296.0
2020-12-14,90870.0,90009.0
2020-12-15,90070.0,91615.0
2020-12-16,92110.0,90398.0
2020-12-17,91480.0,90059.0
2020-12-18,90080.0,89520.0
2020-12-19,82510.0,82215.0
2020-12-20,78940.0,79171.0
2020-12-21,89630.0,85932.0
2020-12-22,87670.0,84512.0
2020-12-23,80460.0,78688.0
2020-12-24,70350.0,70227.0
2020-12-25,67440.0,66333.0
2020-12-26,68560.0,68643.0
2020-12-27,68700.0,71877.0
2020-12-28,78670.0,75059.0
2020-12-29,76550.0,74451.0
2020-12-30,75720.0,74457.0
2020-12-31,74260.0,71741.0
2021-01-01,66430.0,67332.0
2021-01-02,71310.0,70658.0
2021-01-03,73940.0,71088.0
2021-01-04,76050.0,79275.0
2021-01-05,81760.0,81827.0
2021-01-06,76790.0,77871.0
2021-01-07,86890.0,85661.0
2021-01-08,86800.0,87976.0
2021-01-09,81640.0,81836.0
2021-01-10,80320.0,79631.0
2021-01-11,90190.0,90585.0
2021-01-12,91630.0,94033.0
2021-01-13,93750.0,92560.0
2021-01-14,92840.0,92139.0
2021-01-15,92730.0,92645.0
2021-01-16,85360.0,85714.0
2021-01-17,83450.0,84239.0
2021-01-18,94160.0,94966.0
2021-01-19,94920.0,94706.0
2021-01-20,93800.0,93105.0
2021-01-21,92150.0,90945.0
2021-01-22,89700.0,89812.0
2021-01-23,81720.0,80753.0
2021-01-24,79660.0,77954.0
2021-01-25,90350.0,87880.0
2021-01-26,91840.0,90366.0
2021-01-27,90940.0,91026.0
2021-01-28,90710.0,92533.0
2021-01-29,91710.0,91978.0
2021-01-30,80730.0,82370.0
2021-01-31,80120.0,79839.0
2021-02-01,91580.0,89949.0
2021-02-02,90780.0,92299.0
2021-02-03,91100.0,91345.0
2021-02-04,90070.0,88275.0
2021-02-05,89270.0,88086.0
2021-02-06,81440.0,80973.0
2021-02-07,78380.0,78556.0
2021-02-08,88740.0,87935.0
2021-02-09,90850.0,91048.0
2021-02-10,91070.0,92667.0
2021-02-11,94160.0,94606.0
2021-02-12,92910.0,95599.0
2021-02-13,85440.0,87352.0
2021-02-14,85100.0,82852.0
2021-02-15,92970.0,91141.0
2021-02-16,94860.0,94065.0
2021-02-17,94770.0,92375.0
2021-02-18,91450.0,89721.0
2021-02-19,90110.0,89150.0
2021-02-20,80640.0,80881.0
2021-02-21,77880.0,78376.0
2021-02-22,86580.0,85719.0
2021-02-23,86070.0,87951.0
2021-02-24,87830.0,86739.0
2021-02-25,87070.0,85278.0
2021-02-26,85930.0,84093.0
2021-02-27,78070.0,77971.0
2021-02-28,76340.0,74644.0
2021-03-01,83300.0,83693.0
2021-03-02,83560.0,85297.0
2021-03-03,85740.0,85606.0
2021-03-04,85290.0,85613.0
2021-03-05,85380.0,86769.0
2021-03-06,80370.0,79797.0
2021-03-07,77250.0,76977.0
2021-03-08,87900.0,87179.0
2021-03-09,88710.0,89397.0
2021-03-10,88430.0,88745.0
2021-03-11,88750.0,90624.0
2021-03-12,89200.0,87708.0
2021-03-13,79190.0,80054.0
2021-03-14,76720.0,76120.0
2021-03-15,87130.0,84467.0
2021-03-16,87690.0,87166.0
2021-03-17,86020.0,87638.0
2021-03-18,87960.0,87484.0
2021-03-19,87710.0,87917.0
2021-03-20,79750.0,81533.0
2021-03-21,78470.0,79880.0
2021-03-22,86830.0,87932.0
2021-03-23,87900.0,90048.0
2021-03-24,89900.0,89692.0
2021-03-25,88720.0,87728.0
2021-03-26,87800.0,85479.0
2021-03-27,79360.0,76454.0
2021-03-28,71640.0,70644.0
2021-03-29,84410.0,82478.0
2021-03-30,85040.0,83120.0
2021-03-31,83470.0,80376.0
2021-04-01,81230.0,77839.0
2021-04-02,70920.0,69693.0
2021-04-03,68890.0,70244.0
2021-04-04,65380.0,67429.0
2021-04-05,66430.0,66667.0
2021-04-06,79610.0,81830.0
2021-04-07,83140.0,86285.0
2021-04-08,87790.0,87509.0
2021-04-09,85920.0,85560.0
2021-04-10,77190.0,75560.0
2021-04-11,74950.0,72367.0
2021-04-12,83060.0,81043.0
2021-04-13,86600.0,87053.0
2021-04-14,86740.0,87114.0
2021-04-15,87890.0,86852.0
2021-04-16,86980.0,85829.0
2021-04-17,77310.0,78153.0
2021-04-18,73990.0,74610.0
2021-04-19,84190.0,83422.0
2021-04-20,83230.0,83637.0
2021-04-21,81080.0,82823.0
2021-04-22,83460.0,83729.0
2021-04-23,82950.0,83121.0
2021-04-24,74280.0,75279.0
2021-04-25,73520.0,72640.0
2021-04-26,81860.0,81806.0
2021-04-27,83400.0,83327.0
2021-04-28,84190.0,82932.0
2021-04-29,83290.0,82548.0
2021-04-30,82430.0,80231.0
2021-05-01,72490.0,68839.0
2021-05-02,68320.0,69267.0
2021-05-03,79280.0,78725.0
2021-05-04,80160.0,79816.0
2021-05-05,80090.0,80924.0
2021-05-06,80140.0,80947.0
2021-05-07,82350.0,81674.0
2021-05-08,68700.0,71663.0
2021-05-09,70580.0,69705.0
2021-05-10,77940.0,77474.0
2021-05-11,78470.0,78420.0
2021-05-12,76140.0,78077.0
2021-05-13,78350.0,79454.0
2021-05-14,79080.0,79439.0
2021-05-15,70500.0,71693.0
2021-05-16,69190.0,69831.0
2021-05-17,79450.0,79790.0
2021-05-18,80600.0,80879.0
2021-05-19,81310.0,81079.0
2021-05-20,80210.0,80466.0
2021-05-21,80140.0,78594.0
2021-05-22,70400.0,72593.0
2021-05-23,69240.0,70572.0
2021-05-24,79450.0,79299.0
2021-05-25,81390.0,82103.0
2021-05-26,80890.0,80234.0
2021-05-27,79820.0,79943.0
2021-05-28,78980.0,78583.0
2021-05-29,71540.0,72190.0
2021-05-30,69980.0,69510.0
2021-05-31,78720.0,78268.0
2021-06-01,79380.0,79408.0
2021-06-02,78250.0,79541.0
2021-06-03,79330.0,79245.0
2021-06-04,79380.0,79107.0
2021-06-05,71780.0,71216.0
2021-06-06,69030.0,68428.0
2021-06-07,78300.0,78104.0
2021-06-08,80240.0,80470.0
2021-06-09,81510.0,80567.0
2021-06-10,80320.0,79701.0
2021-06-11,79230.0,78820.0
2021-06-12,71860.0,72528.0
2021-06-13,69330.0,67398.0
2021-06-14,78280.0,61266.0
2021-06-15,80110.0,80159.0
2021-06-16,80320.0,80194.0
2021-06-17,80670.0,81089.0
2021-06-18,79390.0,81147.0
2021-06-19,72950.0,72923.0
2021-06-20,69790.0,70384.0
2021-06-21,79690.0,80569.0
2021-06-22,81570.0,82631.0
2021-06-23,82430.0,80425.0
2021-06-24,84230.0,84217.0
2021-06-25,84000.0,80794.0
2021-06-26,72270.0,71402.0
2021-06-27,69120.0,69635.0
2021-06-28,80260.0,76210.0
2021-06-29,82260.0,82520.0
2021-06-30,82260.0,81239.0
2021-07-01,80920.0,79663.0
2021-07-02,79470.0,78562.0
2021-07-03,69620.0,70763.0
2021-07-04,68680.0,68142.0
2021-07-05,68210.0,69266.0
2021-07-06,79860.0,76899.0
2021-07-07,81580.0,83627.0
2021-07-08,83340.0,85382.0
2021-07-09,82690.0,82815.0
2021-07-10,71320.0,73560.0
2021-07-11,69980.0,70315.0
2021-07-12,80660.0,79521.0
2021-07-13,83060.0,78939.0
2021-07-14,84600.0,83958.0
2021-07-15,83770.0,82303.0
2021-07-16,81370.0,81416.0
2021-07-17,71920.0,72723.0
2021-07-18,70070.0,70399.0
2021-07-19,80670.0,78573.0
2021-07-20,80950.0,79110.0
2021-07-21,80380.0,79446.0
2021-07-22,79610.0,79474.0
2021-07-23,78630.0,79244.0
2021-07-24,71860.0,71645.0
2021-07-25,70190.0,69577.0
2021-07-26,78740.0,76214.0
2021-07-27,76870.0,79049.0
2021-07-28,78940.0,79385.0
2021-07-29,78380.0,77900.0
2021-07-30,77590.0,76756.0
2021-07-31,69340.0,70050.0
2021-08-01,68190.0,67782.0
2021-08-02,75880.0,72387.0
2021-08-03,75030.0,73489.0
2021-08-04,73400.0,74040.0
2021-08-05,73570.0,74353.0
2021-08-06,73520.0,72639.0
2021-08-07,66970.0,67999.0
2021-08-08,64860.0,67009.0
2021-08-09,74580.0,75736.0
2021-08-10,78270.0,78646.0
2021-08-11,78820.0,68811.0
2021-08-12,79340.0,79029.0
2021-08-13,77370.0,79037.0
2021-08-14,72350.0,72816.0
2021-08-15,70200.0,71560.0
2021-08-16,78700.0,80590.0
2021-08-17,79730.0,78975.0
2021-08-18,79480.0,79084.0
2021-08-19,79050.0,79859.0
2021-08-20,79010.0,80367.0
2021-08-21,72700.0,72446.0
2021-08-22,72330.0,70244.0
2021-08-23,78680.0,79183.0
2021-08-24,80930.0,80348.0
2021-08-25,80690.0,79478.0
2021-08-26,79780.0,79923.0
2021-08-27,80220.0,79270.0
2021-08-28,72220.0,71836.0
2021-08-29,70260.0,68374.0
2021-08-30,78550.0,79033.0
2021-08-31,79850.0,80881.0
2021-09-01,70830.0,73825.0
2021-09-02,78490.0,78135.0
2021-09-03,77560.0,77791.0
2021-09-04,69180.0,71683.0
2021-09-05,68380.0,68142.0
2021-09-06,78690.0,76960.0
2021-09-07,77880.0,77470.0
2021-09-08,75680.0,77625.0
2021-09-09,77220.0,77594.0
2021-09-10,76600.0,77302.0
2021-09-11,69480.0,70094.0
2021-09-12,66790.0,68496.0
2021-09-13,75600.0,78260.0
2021-09-14,78740.0,78738.0
2021-09-15,70210.0,72288.0
2021-09-16,78090.0,79146.0
2021-09-17,78620.0,79588.0
2021-09-18,72140.0,72088.0
2021-09-19,69330.0,68994.0
2021-09-20,79840.0,78362.0
2021-09-21,79150.0,80116.0
2021-09-22,80120.0,82147.0
2021-09-23,80850.0,81278.0
2021-09-24,80140.0,80537.0
2021-09-25,70010.0,72461.0
2021-09-26,68850.0,69614.0
2021-09-27,79280.0,80013.0
2021-09-28,81330.0,81313.0
2021-09-29,81600.0,81881.0
2021-09-30,81940.0,81945.0
2021-10-01,80990.0,80174.0
2021-10-02,72830.0,72762.0
2021-10-03,69750.0,70320.0
2021-10-04,80400.0,79570.0
2021-10-05,79540.0,81181.0
2021-10-06,80760.0,83313.0
2021-10-07,82550.0,80793.0
2021-10-08,80090.0,79738.0
2021-10-09,70510.0,72697.0
2021-10-10,70260.0,71802.0
2021-10-11,80780.0,80786.0
2021-10-12,82120.0,83352.0
2021-10-13,82620.0,85638.0
2021-10-14,83930.0,85367.0
2021-10-15,84330.0,85216.0
2021-10-16,77330.0,76129.0
2021-10-17,75480.0,73652.0
2021-10-18,82900.0,84801.0
2021-10-19,85320.0,84851.0
2021-10-20,87300.0,86162.0
2021-10-21,85320.0,86672.0
2021-10-22,85330.0,84407.0
2021-10-23,75920.0,77443.0
2021-10-24,73650.0,75165.0
2021-10-25,83970.0,85506.0
2021-10-26,86500.0,86949.0
2021-10-27,86730.0,87271.0
2021-10-28,87030.0,86246.0
2021-10-29,84740.0,85205.0
2021-10-30,78200.0,77356.0
2021-10-31,77580.0,76743.0
2021-11-01,73420.0,72097.0
2021-11-02,85200.0,85561.0
2021-11-03,88120.0,88169.0
2021-11-04,87930.0,88168.0
2021-11-05,85790.0,87103.0
2021-11-06,77350.0,79334.0
2021-11-07,77085.0,76225.0
2021-11-08,85750.0,86301.0
2021-11-09,88003.0,88106.0
2021-11-10,87910.0,88156.0
2021-11-11,87880.0,88960.0
2021-11-12,87270.0,88832.0
2021-11-13,79040.0,82183.0
2021-11-14,79100.0,78008.0
2021-11-15,89130.0,87477.0
2021-11-16,89840.0,89607.0
2021-11-17,82400.0,83974.0
2021-11-18,88250.0,88854.0
2021-11-19,91130.0,87840.0
2021-11-20,81900.0,79087.0
2021-11-21,78280.0,76738.0
2021-11-22,87730.0,87494.0
2021-11-23,89530.0,89832.0
2021-11-24,89870.0,90703.0
2021-11-25,91220.0,92082.0
2021-11-26,92880.0,90824.0
2021-11-27,83340.0,83165.0
2021-11-28,79590.0,80486.0
2021-11-29,90030.0,90342.0
2021-11-30,92990.0,93378.0
2021-12-01,93100.0,92007.0
2021-12-02,93350.0,90898.0
2021-12-03,93260.0,92165.0
2021-12-04,84983.0,86448.0
2021-12-05,83090.0,82650.0
2021-12-06,92900.0,91894.0
2021-12-07,92930.0,93828.0
2021-12-08,93690.0,94472.0
2021-12-09,94640.0,95346.0
2021-12-10,95230.0,93449.0
2021-12-11,86310.0,85849.0
2021-12-12,82900.0,82669.0
2021-12-13,94140.0,93170.0
2021-12-14,93830.0,93196.0
2021-12-15,94000.0,93052.0
2021-12-16,92950.0,91528.0
2021-12-17,91730.0,89989.0
2021-12-18,82540.0,83317.0
2021-12-19,80770.0,80028.0
2021-12-20,89130.0,89096.0
2021-12-21,89420.0,89010.0
2021-12-22,87560.0,88721.0
2021-12-23,83750.0,86500.0
2021-12-24,74810.0,77457.0
2021-12-25,73830.0,72648.0
2021-12-26,74410.0,75699.0
2021-12-27,83120.0,81567.0
2021-12-28,82530.0,82015.0
2021-12-29,81940.0,80405.0
2021-12-30,81220.0,78823.0
2021-12-31,76640.0,74833.0
2022-01-01,70200.0,67889.0
2022-01-02,70440.0,71297.0
2022-01-03,79070.0,81389.0
2022-01-04,82020.0,84433.0
2022-01-05,84490.0,84414.0
2022-01-06,78480.0,80568.0
2022-01-07,85750.0,86274.0
2022-01-08,82500.0,83297.0
2022-01-09,80300.0,81141.0
2022-01-10,90920.0,90202.0
2022-01-11,91760.0,93231.0
2022-01-12,92150.0,95380.0
2022-01-13,93860.0,94640.0
2022-01-14,92690.0,92916.0
2022-01-15,86170.0,83684.0
2022-01-16,81620.0,82601.0
2022-01-17,93290.0,92459.0
2022-01-18,94790.0,93149.0
2022-01-19,93170.0,94225.0
2022-01-20,93920.0,94737.0
2022-01-21,94140.0,94777.0
2022-01-22,86020.0,85897.0
2022-01-23,84830.0,83301.0
2022-01-24,92230.0,92848.0
2022-01-25,94540.0,95224.0
2022-01-26,94930.0,93863.0
2022-01-27,94550.0,92890.0
2022-01-28,93662.0,91866.0
2022-01-29,84600.0,84576.0
2022-01-30,81850.0,80224.0
2022-01-31,91350.0,90024.0
2022-02-01,92774.0,90979.0
2022-02-02,91030.0,90724.0
2022-02-03,90433.0,89265.0
2022-02-04,88670.0,89373.0
2022-02-05,82440.0,80468.0
2022-02-06,78900.0,78602.0
2022-02-07,88230.0,87543.0
2022-02-08,90300.0,88471.0
2022-02-09,88420.0,87036.0
2022-02-10,86310.0,86336.0
2022-02-11,87060.0,87950.0
2022-02-12,79820.0,79444.0
2022-02-13,76670.0,77608.0
2022-02-14,87030.0,86367.0
2022-02-15,86880.0,87138.0
2022-02-16,86880.0,86573.0
2022-02-17,86740.0,86604.0
2022-02-18,85560.0,85485.0
2022-02-19,77650.0,77487.0
2022-02-20,74640.0,75919.0
2022-02-21,85700.0,85437.0
2022-02-22,86600.0,85179.0
2022-02-23,86560.0,86194.0
2022-02-24,85760.0,85903.0
2022-02-25,85850.0,86784.0
2022-02-26,77350.0,78638.0
2022-02-27,77310.0,75702.0
2022-02-28,86410.0,85969.0
2022-03-01,87130.0,88041.0
2022-03-02,88610.0,87842.0
2022-03-03,87360.0,88348.0
2022-03-04,87600.0,88718.0
2022-03-05,81040.0,81252.0
2022-03-06,78070.0,77021.0
2022-03-07,86950.0,87581.0
2022-03-08,89220.0,87345.0
2022-03-09,87800.0,87458.0
2022-03-10,87600.0,86423.0
2022-03-11,86410.0,87582.0
2022-03-12,78450.0,79061.0
2022-03-13,75560.0,75003.0
2022-03-14,84970.0,83595.0
2022-03-15,85280.0,84883.0
2022-03-16,85010.0,86996.0
2022-03-17,84830.0,84651.0
2022-03-18,86240.0,84100.0
2022-03-19,76600.0,77187.0
2022-03-20,75040.0,74932.0
2022-03-21,83580.0,82775.0
2022-03-22,84140.0,82917.0
2022-03-23,83070.0,82358.0
2022-03-24,82560.0,81310.0
2022-03-25,81770.0,80497.0
2022-03-26,74920.0,72686.0
2022-03-27,69890.0,66953.0
2022-03-28,79670.0,77802.0
2022-03-29,80570.0,79192.0
2022-03-30,80360.0,79702.0
2022-03-31,81410.0,82194.0
2022-04-01,82110.0,82723.0
2022-04-02,75760.0,77072.0
2022-04-03,73540.0,74611.0
2022-04-04,83310.0,82189.0
2022-04-05,82760.0,83859.0
2022-04-06,82240.0,80733.0
2022-04-07,82010.0,80270.0
2022-04-08,81220.0,79681.0
2022-04-09,73890.0,74029.0
2022-04-10,73150.0,70990.0
2022-04-11,82140.0,80956.0
2022-04-12,80280.0,81941.0
2022-04-13,79680.0,80528.0
2022-04-14,78420.0,76650.0
2022-04-15,69470.0,68652.0
2022-04-16,68550.0,68936.0
2022-04-17,68460.0,66065.0
2022-04-18,64850.0,64900.0
2022-04-19,79080.0,78628.0
2022-04-20,80700.0,81870.0
2022-04-21,81240.0,81560.0
2022-04-22,81640.0,82836.0
2022-04-23,74680.0,73641.0
2022-04-24,72170.0,70783.0
2022-04-25,80420.0,78585.0
2022-04-26,80390.0,79860.0
2022-04-27,81210.0,81869.0
2022-04-28,80420.0,79449.0
2022-04-29,79500.0,78319.0
2022-04-30,70830.0,70140.0
2022-05-01,68980.0,66142.0
2022-05-02,76700.0,77065.0
2022-05-03,77970.0,78362.0
2022-05-04,78000.0,78096.0
2022-05-05,78000.0,77924.0
2022-05-06,78290.0,77888.0
2022-05-07,71720.0,69881.0
2022-05-08,67080.0,65939.0
2022-05-09,77379.0,76161.0
2022-05-10,78000.0,77361.0
2022-05-11,77200.0,76948.0
2022-05-12,77180.0,76946.0
2022-05-13,76610.0,76586.0
2022-05-14,68740.0,68008.0
2022-05-15,65250.0,65442.0
2022-05-16,74490.0,73880.0
2022-05-17,77130.0,75955.0
2022-05-18,76930.0,74643.0
2022-05-19,74980.0,74629.0
2022-05-20,74215.0,75010.0
2022-05-21,67550.0,67342.0
2022-05-22,65590.0,63212.0
2022-05-23,73920.0,72050.0
2022-05-24,74610.0,74735.0
2022-05-25,75730.0,75784.0
2022-05-26,75850.0,75443.0
2022-05-27,75370.0,74838.0
2022-05-28,67200.0,66394.0
2022-05-29,64910.0,64186.0
2022-05-30,73400.0,72589.0
2022-05-31,75060.0,73890.0
2022-06-01,73980.0,74007.0
2022-06-02,74970.0,74815.0
2022-06-03,74800.0,73889.0
2022-06-04,68550.0,66954.0
2022-06-05,64360.0,65180.0
2022-06-06,73800.0,73675.0
2022-06-07,75860.0,76690.0
2022-06-08,75930.0,77349.0
2022-06-09,77150.0,76736.0
2022-06-10,74610.0,75725.0
2022-06-11,66920.0,66889.0
2022-06-12,64820.0,64844.0
2022-06-13,73760.0,74131.0
2022-06-14,78480.0,74563.0
2022-06-15,75950.0,74696.0
2022-06-16,75070.0,75421.0
2022-06-17,75410.0,74540.0
2022-06-18,66970.0,66405.0
2022-06-19,64690.0,64080.0
2022-06-20,74300.0,73474.0
2022-06-21,74540.0,73557.0
2022-06-22,74700.0,74159.0
2022-06-23,74700.0,75072.0
2022-06-24,73517.0,73841.0
2022-06-25,66820.0,65307.0
2022-06-26,63650.0,64120.0
2022-06-27,74330.0,73883.0
2022-06-28,75180.0,75998.0
2022-06-29,76550.0,78074.0
2022-06-30,79410.0,77839.0
2022-07-01,78630.0,77261.0
2022-07-02,66900.0,65948.0
2022-07-03,64790.0,63960.0
2022-07-04,74260.0,71950.0
2022-07-05,65440.0,65018.0
2022-07-06,75180.0,72056.0
2022-07-07,74910.0,72593.0
2022-07-08,73200.0,71124.0
2022-07-09,62700.0,63001.0
2022-07-10,61820.0,60705.0
2022-07-11,70760.0,69106.0
2022-07-12,71870.0,71413.0
2022-07-13,71220.0,70912.0
2022-07-14,73550.0,72524.0
2022-07-15,73380.0,71143.0
2022-07-16,62970.0,62816.0
2022-07-17,60770.0,60036.0
2022-07-18,69910.0,69403.0
2022-07-19,71440.0,72293.0
2022-07-20,73890.0,73069.0
2022-07-21,75120.0,73786.0
2022-07-22,73630.0,74112.0
2022-07-23,64560.0,65996.0
2022-07-24,63520.0,62769.0
2022-07-25,73520.0,69395.0
2022-07-26,70980.0,69191.0
2022-07-27,71280.0,67649.0
2022-07-28,68790.0,67708.0
2022-07-29,66690.0,67990.0
2022-07-30,62260.0,62420.0
2022-07-31,60480.0,60245.0
2022-08-01,67470.0,65071.0
2022-08-02,67190.0,66851.0
2022-08-03,67100.0,66785.0
2022-08-04,67100.0,67766.0
2022-08-05,66400.0,69010.0
2022-08-06,63140.0,63096.0
2022-08-07,61480.0,61241.0
2022-08-08,68870.0,70378.0
2022-08-09,71110.0,72623.0
2022-08-10,71110.0,71704.0
2022-08-11,71110.0,72204.0
2022-08-12,72550.0,71356.0
2022-08-13,66110.0,64498.0
2022-08-14,62020.0,62941.0
2022-08-15,71290.0,73126.0
2022-08-16,75000.0,75383.0
2022-08-17,75990.0,75311.0
2022-08-18,75330.0,76190.0
2022-08-19,75340.0,75761.0
2022-08-20,66420.0,66012.0
2022-08-21,63320.0,62549.0
2022-08-22,71720.0,71089.0
2022-08-23,74270.0,72329.0
2022-08-24,74270.0,72760.0
2022-08-25,72440.0,73061.0
2022-08-26,71760.0,72244.0
2022-08-27,64570.0,63042.0
2022-08-28,62580.0,59753.0
2022-08-29,61840.0,59694.0
2022-08-30,68900.0,67430.0
2022-08-31,69230.0,67992.0
2022-09-01,60930.0,60203.0
2022-09-02,65840.0,62868.0
2022-09-03,58050.0,57813.0
2022-09-04,55790.0,55701.0
2022-09-05,65140.0,64590.0
2022-09-06,68900.0,66771.0
2022-09-07,67970.0,67025.0
2022-09-08,66470.0,67851.0
2022-09-09,67050.0,66140.0
2022-09-10,58910.0,57736.0
2022-09-11,56280.0,54996.0
2022-09-12,64730.0,63467.0
2022-09-13,65640.0,65596.0
2022-09-14,67000.0,66543.0
2022-09-15,58850.0,59383.0
2022-09-16,63520.0,61820.0
2022-09-17,58430.0,57480.0
2022-09-18,54990.0,56490.0
2022-09-19,66570.0,66102.0
2022-09-20,67360.0,68023.0
2022-09-21,67850.0,68966.0
2022-09-22,71300.0,69537.0
2022-09-23,68620.0,69800.0
2022-09-24,60350.0,62351.0
2022-09-25,60520.0,60519.0
2022-09-26,69820.0,69832.0
2022-09-27,71970.0,72148.0
2022-09-28,71720.0,69483.0
2022-09-29,71810.0,69972.0
2022-09-30,70590.0,71411.0
2022-10-01,63010.0,63864.0
2022-10-02,61610.0,60768.0
2022-10-03,70550.0,69687.0
2022-10-04,72260.0,70647.0
2022-10-05,72260.0,71369.0
2022-10-06,71350.0,71539.0
2022-10-07,69800.0,70114.0
2022-10-08,63010.0,63037.0
2022-10-09,61000.0,60964.0
2022-10-10,69650.0,69811.0
2022-10-11,70980.0,72748.0
2022-10-12,72030.0,71509.0
2022-10-13,71890.0,71108.0
2022-10-14,72120.0,71723.0
2022-10-15,64420.0,64134.0
2022-10-16,61410.0,61045.0
2022-10-17,69990.0,69047.0
2022-10-18,70070.0,71141.0
2022-10-19,71360.0,72673.0
2022-10-20,72420.0,72207.0
2022-10-21,72420.0,73503.0
2022-10-22,65660.0,66496.0
2022-10-23,64680.0,63722.0
2022-10-24,72010.0,72060.0
2022-10-25,73310.0,72594.0
2022-10-26,73490.0,72958.0
2022-10-27,72110.0,72679.0
2022-10-28,72280.0,73216.0
2022-10-29,66220.0,64853.0
2022-10-30,65510.0,63768.0
2022-10-31,70140.0,67648.0
2022-11-01,63140.0,62199.0
2022-11-02,70300.0,70540.0
2022-11-03,72460.0,72964.0
2022-11-04,73520.0,74404.0
2022-11-05,67830.0,67057.0
2022-11-06,63210.0,63334.0
2022-11-07,73050.0,72682.0
2022-11-08,74910.0,74666.0
2022-11-09,74820.0,76559.0
2022-11-10,75700.0,76151.0
2022-11-11,75420.0,75803.0
2022-11-12,67830.0,67708.0
2022-11-13,65760.0,65886.0
2022-11-14,73350.0,74843.0
2022-11-15,77760.0,76915.0
2022-11-16,77660.0,76824.0
2022-11-17,70350.0,70325.0
2022-11-18,76550.0,74397.0
2022-11-19,71240.0,70800.0
2022-11-20,68960.0,67661.0
2022-11-21,76810.0,77441.0
2022-11-22,78350.0,79102.0
2022-11-23,79440.0,79540.0
2022-11-24,79960.0,80037.0
2022-11-25,79550.0,78837.0
2022-11-26,70660.0,70956.0
2022-11-27,68815.0,67941.0
2022-11-28,78360.0,78887.0
2022-11-29,81390.0,80340.0
2022-11-30,81420.0,80296.0
2022-12-01,81080.0,80001.0
2022-12-02,81050.0,81038.0
2022-12-03,74400.0,71905.0
2022-12-04,69450.0,68208.0
2022-12-05,78830.0,77855.0
2022-12-06,81140.0,78665.0
2022-12-07,80580.0,79573.0
2022-12-08,80580.0,80174.0
2022-12-09,80570.0,80809.0
2022-12-10,71910.0,72189.0
2022-12-11,69500.0,70425.0
2022-12-12,79220.0,81504.0
2022-12-13,81930.0,83532.0
2022-12-14,84330.0,85811.0
2022-12-15,85280.0,82616.0
2022-12-16,83520.0,81428.0
2022-12-17,74910.0,75159.0
2022-12-18,74190.0,74615.0
2022-12-19,84260.0,84020.0
2022-12-20,84850.0,82198.0
2022-12-21,83110.0,78976.0
2022-12-22,79560.0,74880.0
2022-12-23,71280.0,69546.0
2022-12-24,60650.0,59480.0
2022-12-25,56450.0,55152.0
2022-12-26,58750.0,58246.0
2022-12-27,64510.0,63365.0
2022-12-28,64450.0,66504.0
2022-12-29,66580.0,67095.0
2022-12-30,66670.0,67442.0
2022-12-31,62090.0,63075.0
2023-01-01,68270.0,57672.0
2023-01-02,71150.0,68143.0
2023-01-03,71790.0,71320.0
2023-01-04,71530.0,72522.0
2023-01-05,72390.0,71450.0
2023-01-06,67100.0,64630.0
2023-01-07,67850.0,65900.0
2023-01-08,66800.0,66114.0
2023-01-09,78740.0,75692.0
2023-01-10,76130.0,77288.0
2023-01-11,77130.0,76956.0
2023-01-12,77510.0,77686.0
2023-01-13,77150.0,78427.0
2023-01-14,69420.0,69626.0
2023-01-15,67950.0,68350.0
2023-01-16,76870.0,77816.0
2023-01-17,78760.0,78936.0
2023-01-18,78550.0,79763.0
2023-01-19,80250.0,81037.0
2023-01-20,80325.0,82455.0
2023-01-21,73020.0,74634.0
2023-01-22,71680.0,71192.0
2023-01-23,79220.0,79073.0
2023-01-24,80210.0,80302.0
2023-01-25,80040.0,81188.0
2023-01-26,80640.0,81968.0
2023-01-27,81650.0,82417.0
2023-01-28,74570.0,75010.0
2023-01-29,71080.0,72417.0
2023-01-30,80490.0,83736.0
2023-01-31,83400.0,82349.0
2023-02-01,82820.0,81593.0
2023-02-02,81520.0,81408.0
2023-02-03,81960.0,83603.0
2023-02-04,74960.0,75128.0
2023-02-05,72980.0,73073.0
2023-02-06,83620.0,84372.0
2023-02-07,84880.0,87034.0
2023-02-08,82860.0,85729.0
2023-02-09,85090.0,85488.0
2023-02-10,83470.0,85396.0
2023-02-11,76830.0,76925.0
2023-02-12,71180.0,70529.0
2023-02-13,80610.0,81292.0
2023-02-14,82550.0,81403.0
2023-02-15,80910.0,82152.0
2023-02-16,79330.0,82503.0
2023-02-17,79160.0,82119.0
2023-02-18,73550.0,71035.0
2023-02-19,69320.0,67522.0
2023-02-20,77060.0,78453.0
2023-02-21,76890.0,77746.0
2023-02-22,75470.0,76723.0
2023-02-23,77340.0,76423.0
2023-02-24,77250.0,76722.0
2023-02-25,70200.0,70325.0
2023-02-26,68210.0,69526.0
2023-02-27,78380.0,80111.0
2023-02-28,78950.0,80807.0
2023-03-01,80910.0,79276.0
2023-03-02,79630.0,78012.0
2023-03-03,77215.0,77757.0
2023-03-04,70430.0,70829.0
2023-03-05,69390.0,69888.0
2023-03-06,78380.0,79298.0
2023-03-07,80100.0,80320.0
2023-03-08,79780.0,77772.0
2023-03-09,76920.0,77260.0
2023-03-10,74560.0,75367.0
2023-03-11,69620.0,70684.0
2023-03-12,66140.0,67075.0
2023-03-13,76200.0,75780.0
2023-03-14,76470.0,76958.0
2023-03-15,76450.0,78217.0
2023-03-16,75670.0,76746.0
2023-03-17,75460.0,76511.0
2023-03-18,67550.0,68958.0
2023-03-19,63960.0,65359.0
2023-03-20,73290.0,72974.0
2023-03-21,74210.0,74167.0
2023-03-22,74540.0,73453.0
2023-03-23,70080.0,71428.0
2023-03-24,69330.0,71246.0
2023-03-25,64500.0,64380.0
2023-03-26,59550.0,59238.0
2023-03-27,71600.0,73148.0
2023-03-28,73520.0,76065.0
2023-03-29,75680.0,76309.0
2023-03-30,74823.0,76604.0
2023-03-31,72990.0,75186.0
2023-04-01,65530.0,67061.0
2023-04-02,63180.0,64951.0
2023-04-03,73790.0,75327.0
2023-04-04,76690.0,78363.0
2023-04-05,77370.0,78026.0
2023-04-06,74180.0,77387.0
2023-04-07,64390.0,67086.0
2023-04-08,65969.0,66130.0
2023-04-09,62770.0,60484.0
2023-04-10,60380.0,58450.0
2023-04-11,71440.0,71308.0
2023-04-12,73520.0,72909.0
2023-04-13,75255.0,74966.0
2023-04-14,72760.0,74943.0
2023-04-15,67090.0,67337.0
2023-04-16,62130.0,62949.0
2023-04-17,71370.0,70220.0
2023-04-18,72030.0,71569.0
2023-04-19,72030.0,72080.0
2023-04-20,70120.0,70288.0
2023-04-21,69880.0,68962.0
2023-04-22,61540.0,61387.0
2023-04-23,59200.0,58343.0
2023-04-24,69170.0,68414.0
2023-04-25,69480.0,70556.0
2023-04-26,70290.0,70614.0
2023-04-27,71175.0,71250.0
2023-04-28,70410.0,70655.0
2023-04-29,62310.0,63474.0
2023-04-30,60950.0,59103.0
2023-05-01,64880.0,56782.0
2023-05-02,66800.0,67000.0
2023-05-03,69680.0,70878.0
2023-05-04,69630.0,69125.0
2023-05-05,68070.0,67825.0
2023-05-06,59380.0,60628.0
2023-05-07,57140.0,57135.0
2023-05-08,55750.0,56982.0
2023-05-09,67200.0,67459.0
2023-05-10,69710.0,69579.0
2023-05-11,69010.0,68265.0
2023-05-12,68940.0,70120.0
2023-05-13,61790.0,62073.0
2023-05-14,58380.0,59691.0
2023-05-15,67850.0,67370.0
2023-05-16,69220.0,69938.0
2023-05-17,69660.0,71506.0
2023-05-18,71160.0,71375.0
2023-05-19,57510.0,68426.0
2023-05-20,60610.0,59652.0
2023-05-21,57480.0,56817.0
2023-05-22,65105.0,65484.0
2023-05-23,66520.0,67068.0
2023-05-24,67780.0,66842.0
2023-05-25,67130.0,67667.0
2023-05-26,67210.0,67485.0
2023-05-27,59550.0,60251.0
2023-05-28,58830.0,57911.0
2023-05-29,65390.0,66342.0
2023-05-30,66220.0,67869.0
2023-05-31,66830.0,67724.0
2023-06-01,66300.0,66415.0
2023-06-02,66400.0,66217.0
2023-06-03,58670.0,58005.0
2023-06-04,57160.0,56732.0
2023-06-05,65020.0,63847.0
2023-06-06,67860.0,67202.0
2023-06-07,68010.0,68560.0
2023-06-08,66970.0,68195.0
2023-06-09,67090.0,67735.0
2023-06-10,60040.0,59767.0
2023-06-11,50970.0,57725.0
2023-06-12,65610.0,65477.0
2023-06-13,67200.0,66916.0
2023-06-14,67130.0,67621.0
2023-06-15,67240.0,66150.0
2023-06-16,65930.0,65413.0
2023-06-17,58300.0,58612.0
2023-06-18,56530.0,57090.0
2023-06-19,68060.0,66083.0
2023-06-20,67690.0,68729.0
2023-06-21,68590.0,69066.0
2023-06-22,68460.0,69751.0
2023-06-23,68460.0,70027.0
2023-06-24,60530.0,60707.0
2023-06-25,57750.0,57495.0
2023-06-26,66310.0,66474.0
2023-06-27,68270.0,68098.0
2023-06-28,67550.0,66425.0
2023-06-29,67370.0,66847.0
2023-06-30,65850.0,65629.0
2023-07-01,58440.0,57963.0
2023-07-02,57280.0,56317.0
2023-07-03,65520.0,65488.0
2023-07-04,67260.0,67626.0
2023-07-05,57980.0,61220.0
2023-07-06,65440.0,66347.0
2023-07-07,66710.0,65541.0
2023-07-08,57980.0,58805.0
2023-07-09,56910.0,57527.0
2023-07-10,65640.0,66549.0
2023-07-11,68740.0,68860.0
2023-07-12,68680.0,69665.0
2023-07-13,68510.0,69391.0
2023-07-14,68360.0,67241.0
2023-07-15,58180.0,60310.0
2023-07-16,58220.0,59264.0
2023-07-17,66110.0,68172.0
2023-07-18,68770.0,68431.0
2023-07-19,68770.0,68801.0
2023-07-20,68260.0,67738.0
2023-07-21,64610.0,65764.0
2023-07-22,59880.0,58759.0
2023-07-23,58390.0,57178.0
2023-07-24,66610.0,64442.0
2023-07-25,64860.0,64290.0
2023-07-26,64810.0,62192.0
2023-07-27,60740.0,59281.0
2023-07-28,59600.0,61447.0
2023-07-29,55590.0,56920.0
2023-07-30,54540.0,54969.0
2023-07-31,59560.0,59603.0
2023-08-01,62090.0,62741.0
2023-08-02,61910.0,61308.0
2023-08-03,62150.0,62552.0
2023-08-04,59350.0,61847.0
2023-08-05,56260.0,56690.0
2023-08-06,55000.0,55220.0
2023-08-07,60440.0,62971.0
2023-08-08,62610.0,64174.0
2023-08-09,63220.0,64614.0
2023-08-10,62460.0,63375.0
2023-08-11,61830.0,62384.0
2023-08-12,55720.0,55719.0
2023-08-13,54480.0,54541.0
2023-08-14,62690.0,64847.0
2023-08-15,65950.0,67340.0
2023-08-16,65870.0,69002.0
2023-08-17,68200.0,68681.0
2023-08-18,67840.0,68134.0
2023-08-19,61300.0,60594.0
2023-08-20,57850.0,58284.0
2023-08-21,68800.0,68620.0
2023-08-22,69310.0,72119.0
2023-08-23,71760.0,72236.0
2023-08-24,72160.0,70799.0
2023-08-25,71350.0,71208.0
2023-08-26,62960.0,62746.0
2023-08-27,58470.0,58999.0
2023-08-28,66790.0,65976.0
2023-08-29,61210.0,60357.0
2023-08-30,66190.0,64663.0
2023-08-31,64550.0,63334.0
2023-09-01,60955.0,56799.0
2023-09-02,55850.0,55914.0
2023-09-03,54100.0,54844.0
2023-09-04,63710.0,61771.0
2023-09-05,63160.0,64061.0
2023-09-06,63720.0,65031.0
2023-09-07,64470.0,65206.0
2023-09-08,65020.0,64851.0
2023-09-09,56939.0,57469.0
2023-09-10,54940.0,55467.0
2023-09-11,64550.0,64956.0
2023-09-12,66380.0,68116.0
2023-09-13,67350.0,68859.0
2023-09-14,67240.0,68192.0
2023-09-15,59120.0,57457.0
2023-09-16,57210.0,56096.0
2023-09-17,57840.0,55840.0
2023-09-18,64930.0,65981.0
2023-09-19,68930.0,68867.0
2023-09-20,68020.0,67622.0
2023-09-21,67990.0,66767.0
2023-09-22,67110.0,67487.0
2023-09-23,59570.0,61618.0
2023-09-24,60000.0,58946.0
2023-09-25,69000.0,66660.0
2023-09-26,68950.0,67995.0
2023-09-27,67980.0,68150.0
2023-09-28,68000.0,67795.0
2023-09-29,67540.0,67850.0
2023-09-30,61240.0,61737.0
2023-10-01,59480.0,58253.0
2023-10-02,67930.0,67585.0
2023-10-03,68390.0,68100.0
2023-10-04,68060.0,67591.0
2023-10-05,68110.0,68839.0
2023-10-06,68820.0,68399.0
2023-10-07,61400.0,61823.0
2023-10-08,59180.0,60039.0
2023-10-09,69500.0,72043.0
2023-10-10,73490.0,73905.0
2023-10-11,72970.0,73240.0
2023-10-12,72850.0,71818.0
2023-10-13,72670.0,71472.0
2023-10-14,65150.0,64124.0
2023-10-15,62730.0,63397.0
2023-10-16,73030.0,72000.0
2023-10-17,74000.0,74256.0
2023-10-18,74450.0,74694.0
2023-10-19,76920.0,75906.0
2023-10-20,74650.0,72954.0
2023-10-21,64970.0,64235.0
2023-10-22,62670.0,62619.0
2023-10-23,71800.0,71464.0
2023-10-24,75190.0,73941.0
2023-10-25,73840.0,73360.0
2023-10-26,74350.0,72973.0
2023-10-27,73500.0,74765.0
2023-10-28,65020.0,64475.0
2023-10-29,65810.0,64168.0
2023-10-30,70070.0,71849.0
2023-10-31,74340.0,74348.0
2023-11-01,66410.0,63411.0
2023-11-02,72230.0,71428.0
2023-11-03,72620.0,73118.0
2023-11-04,65440.0,66364.0
2023-11-05,64840.0,65748.0
2023-11-06,73060.0,72604.0
2023-11-07,73250.0,75484.0
2023-11-08,75790.0,75858.0
2023-11-09,75460.0,75879.0
2023-11-10,77630.0,77580.0
2023-11-11,69310.0,70357.0
2023-11-12,66920.0,66826.0
2023-11-13,76500.0,78205.0
2023-11-14,78000.0,77896.0
2023-11-15,78250.0,77360.0
2023-11-16,77680.0,75883.0
2023-11-17,70130.0,69079.0
2023-11-18,68450.0,68100.0
2023-11-19,69260.0,70458.0
2023-11-20,77900.0,79395.0
2023-11-21,78810.0,76470.0
2023-11-22,80840.0,81448.0
2023-11-23,80780.0,82653.0
2023-11-24,81470.0,80861.0
2023-11-25,73400.0,73930.0
2023-11-26,71160.0,72261.0
2023-11-27,83340.0,82800.0
2023-11-28,84570.0,83657.0
2023-11-29,84720.0,84186.0
2023-11-30,84470.0,85493.0
2023-12-01,85540.0,83978.0
2023-12-02,77130.0,76126.0
2023-12-03,73474.0,74993.0
2023-12-04,83933.0,85655.0
2023-12-05,86730.0,87243.0
2023-12-06,86940.0,86669.0
2023-12-07,86740.0,85703.0
2023-12-08,87280.0,85870.0
2023-12-09,76390.0,79260.0
2023-12-10,76260.0,76659.0
2023-12-11,85620.0,84897.0
2023-12-12,85450.0,83139.0
2023-12-13,84680.0,81462.0
2023-12-14,82270.0,80259.0
2023-12-15,80430.0,80583.0
2023-12-16,74170.0,73002.0
2023-12-17,72000.0,70540.0
2023-12-18,79640.0,80306.0
2023-12-19,82150.0,80876.0
2023-12-20,80610.0,79234.0
2023-12-21,77660.0,76295.0
2023-12-22,70010.0,71487.0
2023-12-23,65280.0,70229.0
2023-12-24,59680.0,63597.0
2023-12-25,60299.0,58847.0
2023-12-26,60970.0,59198.0
2023-12-27,64180.0,63441.0
2023-12-28,66590.0,64756.0
2023-12-29,64710.0,67049.0
2023-12-30,63030.0,65457.0
2023-12-31,64550.0,64391.0
2024-01-01,59170.0,59651.0
2024-01-02,69880.0,69863.0
2024-01-03,74220.0,72498.0
2024-01-04,72650.0,73011.0
2024-01-05,72630.0,74381.0
2024-01-06,66430.0,68292.0
2024-01-07,68000.0,71264.0
2024-01-08,80890.0,84678.0
2024-01-09,84580.0,87845.0
2024-01-10,87080.0,88464.0
2024-01-11,88490.0,88895.0
2024-01-12,87710.0,87668.0
2024-01-13,78290.0,80152.0
2024-01-14,76340.0,76544.0
2024-01-15,86750.0,85668.0
2024-01-16,87990.0,87028.0
2024-01-17,86840.0,88800.0
2024-01-18,86980.0,85369.0
2024-01-19,84790.0,86794.0
2024-01-20,77550.0,77725.0
2024-01-21,74970.0,75503.0
2024-01-22,85490.0,86157.0
2024-01-23,86040.0,86730.0
2024-01-24,85670.0,87162.0
2024-01-25,84470.0,83402.0
2024-01-26,83190.0,81632.0
2024-01-27,76270.0,74751.0
2024-01-28,73290.0,71048.0
2024-01-29,82870.0,81062.0
2024-01-30,83130.0,83757.0
2024-01-31,83530.0,85774.0
2024-02-01,83380.0,84671.0
2024-02-02,82590.0,82720.0
2024-02-03,74370.0,73771.0
2024-02-04,70500.0,69727.0
2024-02-05,80630.0,78656.0
2024-02-06,78980.0,77778.0
2024-02-07,78330.0,78386.0
2024-02-08,78220.0,78837.0
2024-02-09,78220.0,77441.0
2024-02-10,68470.0,68516.0
2024-02-11,67840.0,67228.0
2024-02-12,76750.0,75971.0
2024-02-13,76030.0,77204.0
2024-02-14,76380.0,77137.0
2024-02-15,75940.0,77476.0
2024-02-16,76150.0,76182.0
2024-02-17,68280.0,70386.0
2024-02-18,67490.0,66085.0
2024-02-19,77470.0,78816.0
2024-02-20,79310.0,77745.0
2024-02-21,77290.0,77602.0
2024-02-22,76110.0,78172.0
2024-02-23,77140.0,78033.0
2024-02-24,68050.0,68801.0
2024-02-25,65380.0,65697.0
2024-02-26,75630.0,74954.0
2024-02-27,74870.0,74859.0
2024-02-28,74170.0,74525.0
2024-02-29,74850.0,73784.0
2024-03-01,74370.0,74970.0
2024-03-02,66640.0,68591.0
2024-03-03,65370.0,64274.0
2024-03-04,73230.0,72045.0
2024-03-05,73720.0,74085.0
2024-03-06,73020.0,74693.0
2024-03-07,74910.0,77493.0
2024-03-08,74870.0,78292.0
2024-03-09,68920.0,70407.0
2024-03-10,66300.0,66972.0
2024-03-11,76210.0,75917.0
2024-03-12,76660.0,77565.0
2024-03-13,75960.0,76342.0
2024-03-14,74990.0,75203.0
2024-03-15,74020.0,74449.0
2024-03-16,68030.0,68300.0
2024-03-17,65300.0,64425.0
2024-03-18,72940.0,74111.0
2024-03-19,75640.0,76805.0
2024-03-20,75050.0,75650.0
2024-03-21,74980.0,74414.0
2024-03-22,74440.0,74354.0
2024-03-23,65730.0,67490.0
2024-03-24,65980.0,65541.0
2024-03-25,73640.0,75311.0
2024-03-26,74420.0,75463.0
2024-03-27,75390.0,74501.0
2024-03-28,72290.0,72469.0
2024-03-29,61780.0,62410.0
2024-03-30,60500.0,60059.0
2024-03-31,55320.0,53847.0
2024-04-01,54690.0,52886.0
2024-04-02,71590.0,69143.0
2024-04-03,71860.0,70661.0
2024-04-04,70740.0,70826.0
2024-04-05,70860.0,70224.0
2024-04-06,63300.0,63105.0
2024-04-07,61440.0,59204.0
2024-04-08,69140.0,67600.0
2024-04-09,69570.0,69105.0
2024-04-10,69040.0,70200.0
2024-04-11,69190.0,68453.0
2024-04-12,68110.0,67760.0
2024-04-13,63080.0,61042.0
2024-04-14,57390.0,58411.0
2024-04-15,67260.0,67283.0
2024-04-16,70420.0,71838.0
2024-04-17,69960.0,71071.0
2024-04-18,70460.0,70759.0
2024-04-19,68930.0,71720.0
2024-04-20,63910.0,66185.0
2024-04-21,63305.0,63452.0
2024-04-22,71440.0,72887.0
2024-04-23,73320.0,73335.0
2024-04-24,75100.0,74831.0
2024-04-25,72280.0,72634.0
2024-04-26,71580.0,72664.0
2024-04-27,61430.0,63841.0
2024-04-28,60850.0,59645.0
2024-04-29,68400.0,66873.0
2024-04-30,67920.0,66315.0
2024-05-01,59010.0,58343.0
2024-05-02,65890.0,63018.0
2024-05-03,67250.0,66446.0
2024-05-04,59050.0,54402.0
2024-05-05,56450.0,47802.0
2024-05-06,66830.0,59369.0
2024-05-07,66270.0,62152.0
2024-05-08,59040.0,55828.0
2024-05-09,65970.0,61948.0
2024-05-10,66580.0,64890.0
2024-05-11,57960.0,59055.0
2024-05-12,56250.0,56610.0
2024-05-13,65470.0,64222.0
2024-05-14,66160.0,65454.0
2024-05-15,66130.0,65868.0
2024-05-16,66440.0,65510.0
2024-05-17,67250.0,68985.0
2024-05-18,59590.0,59149.0
2024-05-19,57510.0,56595.0
2024-05-20,64730.0,65415.0
2024-05-21,66920.0,65364.0
2024-05-22,65910.0,65647.0
2024-05-23,66040.0,65570.0
2024-05-24,67600.0,66386.0
2024-05-25,58610.0,58825.0
2024-05-26,57390.0,56276.0
2024-05-27,65470.0,64195.0
2024-05-28,65410.0,65613.0
2024-05-29,65340.0,65344.0
2024-05-30,66310.0,66033.0
2024-05-31,65880.0,65883.0
2024-06-01,58710.0,58218.0
2024-06-02,56150.0,56624.0
2024-06-03,65510.0,65135.0
2024-06-04,66960.0,67087.0
2024-06-05,66130.0,66490.0
2024-06-06,67090.0,67505.0
2024-06-07,67380.0,67802.0
2024-06-08,59280.0,59847.0
2024-06-09,56752.0,57834.0
2024-06-10,65530.0,68168.0
2024-06-11,67310.0,68181.0
2024-06-12,68900.0,68711.0
2024-06-13,69030.0,68385.0
2024-06-14,66730.0,65581.0
2024-06-15,59930.0,58795.0
2024-06-16,56745.0,57802.0
2024-06-17,67490.0,65394.0
2024-06-18,66690.0,68329.0
2024-06-19,69710.0,68543.0
2024-06-20,68590.0,67950.0
2024-06-21,69180.0,69556.0
2024-06-22,59930.0,61766.0
2024-06-23,59940.0,57459.0
2024-06-24,65650.0,65681.0
2024-06-25,67920.0,68399.0
2024-06-26,68970.0,69470.0
2024-06-27,69630.0,65107.0
2024-06-28,69370.0,69718.0
2024-06-29,60630.0,63170.0
2024-06-30,61290.0,61924.0
2024-07-01,0.0,68825.0
2024-07-02,0.0,68434.0
2024-07-03,0.0,67658.0
2024-07-04,0.0,68239.0
2024-07-05,0.0,59616.0
2024-07-06,0.0,59474.0
2024-07-07,0.0,58939.0
2024-07-08,0.0,69769.0
2024-07-09,0.0,72174.0
2024-07-10,0.0,72642.0
2024-07-11,0.0,73105.0
2024-07-12,0.0,71568.0
2024-07-13,0.0,62944.0
2024-07-14,0.0,61597.0
2024-07-15,0.0,70748.0
2024-07-16,0.0,72572.0
2024-07-17,0.0,71092.0
2024-07-18,0.0,69950.0
2024-07-19,0.0,67489.0
2024-07-20,0.0,60263.0
2024-07-21,0.0,58542.0
2024-07-22,0.0,66301.0
2024-07-23,0.0,68060.0
2024-07-24,0.0,67012.0
2024-07-25,0.0,65321.0
2024-07-26,0.0,63843.0
2024-07-27,0.0,60015.0
2024-07-28,0.0,59943.0
2024-07-29,0.0,63206.0
2024-07-30,0.0,63337.0
2024-07-31,0.0,64135.0
2024-08-01,0.0,65349.0
2024-08-02,0.0,64184.0
2024-08-03,0.0,57812.0
2024-08-04,0.0,56003.0
2024-08-05,0.0,63339.0
2024-08-06,0.0,63231.0
2024-08-07,0.0,64808.0
2024-08-08,0.0,66945.0
2024-08-09,0.0,66040.0
2024-08-10,0.0,60976.0
2024-08-11,0.0,59596.0
2024-08-12,0.0,69269.0
2024-08-13,0.0,72345.0
2024-08-14,0.0,71971.0
2024-08-15,0.0,72637.0
2024-08-16,0.0,72790.0
2024-08-17,0.0,65317.0
2024-08-18,0.0,62089.0
2024-08-19,0.0,71212.0
2024-08-20,0.0,72840.0
2024-08-21,0.0,71726.0
2024-08-22,0.0,69465.0
2024-08-23,0.0,69606.0
2024-08-24,0.0,63565.0
2024-08-25,0.0,61811.0
2024-08-26,0.0,70733.0
2024-08-27,0.0,71877.0
2024-08-28,0.0,72792.0
2024-08-29,0.0,65418.0
2024-08-30,0.0,66225.0
2024-08-31,0.0,61722.0
2024-09-01,0.0,59416.0
2024-09-02,0.0,68276.0
2024-09-03,0.0,56776.0
2024-09-04,0.0,69082.0
2024-09-05,0.0,69033.0
2024-09-06,0.0,67171.0
2024-09-07,0.0,59206.0
2024-09-08,0.0,56951.0
2024-09-09,0.0,65654.0
2024-09-10,0.0,66146.0
2024-09-11,0.0,65346.0
2024-09-12,0.0,67035.0
2024-09-13,0.0,68881.0
2024-09-14,0.0,61332.0
2024-09-15,0.0,56256.0
2024-09-16,0.0,66606.0
2024-09-17,0.0,66576.0
2024-09-18,0.0,65535.0
2024-09-19,0.0,65471.0
2024-09-20,0.0,65225.0
2024-09-21,0.0,58628.0
2024-09-22,0.0,56384.0
2024-09-23,0.0,65247.0
2024-09-24,0.0,66987.0
2024-09-25,0.0,68212.0
2024-09-26,0.0,69583.0
2024-09-27,0.0,69126.0
2024-09-28,0.0,61920.0
2024-09-29,0.0,59475.0
2024-09-30,0.0,67452.0
2024-10-01,0.0,69472.0
2024-10-02,0.0,73930.0
2024-10-03,0.0,73023.0
2024-10-04,0.0,74281.0
2024-10-05,0.0,65689.0
2024-10-06,0.0,62103.0
2024-10-07,0.0,69770.0
2024-10-08,0.0,71342.0
2024-10-09,0.0,71240.0
2024-10-10,0.0,70479.0
2024-10-11,0.0,71129.0
2024-10-12,0.0,63530.0
2024-10-13,0.0,63222.0
2024-10-14,0.0,70324.0
2024-10-15,0.0,72523.0
2024-10-16,0.0,71585.0
2024-10-17,0.0,72156.0
2024-10-18,0.0,71224.0
2024-10-19,0.0,64236.0
2024-10-20,0.0,62327.0
2024-10-21,0.0,71271.0
2024-10-22,0.0,73482.0
2024-10-23,0.0,73907.0
2024-10-24,0.0,72221.0
2024-10-25,0.0,72657.0
2024-10-26,0.0,65740.0
2024-10-27,0.0,64099.0
2024-10-28,0.0,71331.0
2024-10-29,0.0,71686.0
2024-10-30,0.0,70874.0
2024-10-31,0.0,71492.0
2024-11-01,0.0,62082.0
2024-11-02,0.0,63411.0
2024-11-03,0.0,64660.0
2024-11-04,0.0,73999.0
2024-11-05,0.0,75168.0
2024-11-06,0.0,75944.0
2024-11-07,0.0,76682.0
2024-11-08,0.0,77258.0
2024-11-09,0.0,70164.0
2024-11-10,0.0,68687.0
2024-11-11,0.0,79994.0
2024-11-12,0.0,82237.0
2024-11-13,0.0,81990.0
2024-11-14,0.0,81176.0
2024-11-15,0.0,80076.0
2024-11-16,0.0,72734.0
2024-11-17,0.0,70204.0
2024-11-18,0.0,80028.0
2024-11-19,0.0,80569.0
2024-11-20,0.0,80352.0
2024-11-21,0.0,81715.0
2024-11-22,0.0,83392.0
2024-11-23,0.0,75302.0
2024-11-24,0.0,73701.0
2024-11-25,0.0,80697.0
2024-11-26,0.0,81150.0
2024-11-27,0.0,80709.0
2024-11-28,0.0,81872.0
2024-11-29,0.0,80102.0
2024-11-30,0.0,72125.0
2024-12-01,0.0,69855.0
2024-12-02,0.0,81853.0
2024-12-03,0.0,84397.0
2024-12-04,0.0,82965.0
2024-12-05,0.0,83506.0
2024-12-06,0.0,86470.0
2024-12-07,0.0,77359.0
2024-12-08,0.0,74280.0
2024-12-09,0.0,83498.0
2024-12-10,0.0,84195.0
2024-12-11,0.0,85454.0
2024-12-12,0.0,83897.0
2024-12-13,0.0,85035.0
2024-12-14,0.0,77926.0
2024-12-15,0.0,73778.0
2024-12-16,0.0,80053.0
2024-12-17,0.0,79244.0
2024-12-18,0.0,78451.0
2024-12-19,0.0,76544.0
2024-12-20,0.0,74388.0
2024-12-21,0.0,69899.0
2024-12-22,0.0,70727.0
2024-12-23,0.0,71227.0
2024-12-24,0.0,64356.0
2024-12-25,0.0,60291.0
2024-12-26,0.0,63360.0
2024-12-27,0.0,68312.0
2024-12-28,0.0,68082.0
2024-12-29,0.0,68805.0
2024-12-30,0.0,73707.0
2024-12-31,0.0,71695.0
